time_s,vx_ms,vy_ms,pitch_deg,roll_deg
0.000000,0.013290,0.000078,-0.740000,-0.660000
0.099999,0.013025,0.000096,-0.740000,-0.660000
0.200020,0.012120,0.001431,-0.740000,-0.660000
0.299997,0.010598,0.002422,-0.740000,-0.660000
0.399966,0.008834,0.003529,-0.740000,-0.660000
0.499993,0.006578,0.004591,-0.740000,-0.660000
0.599993,0.005701,0.005499,-0.740000,-0.650000
0.699989,0.004460,0.006320,-0.750000,-0.650000
0.799980,0.003429,0.008128,-0.750000,-0.650000
0.900010,0.002944,0.009628,-0.750000,-0.650000
0.999992,0.002016,0.010198,-0.750000,-0.650000
1.099989,0.001564,0.011175,-0.750000,-0.650000
1.200026,0.001485,0.011594,-0.750000,-0.650000
1.299997,0.001246,0.011822,-0.750000,-0.650000
1.399964,0.002018,0.011282,-0.750000,-0.660000
1.500024,0.002824,0.010057,-0.750000,-0.660000
1.599995,0.002564,0.009059,-0.750000,-0.660000
1.699963,0.001891,0.008603,-0.750000,-0.660000
1.799966,0.000782,0.008047,-0.740000,-0.660000
1.899967,-0.000931,0.007999,-0.740000,-0.660000
1.999996,-0.001599,0.007982,-0.740000,-0.660000
2.099989,-0.002257,0.007902,-0.740000,-0.660000
2.200012,-0.003440,0.007682,-0.740000,-0.660000
2.300004,-0.004271,0.007022,-0.740000,-0.650000
2.399970,-0.006040,0.006318,-0.740000,-0.650000
2.500037,-0.007473,0.006398,-0.740000,-0.650000
2.599993,-0.008057,0.005600,-0.730000,-0.650000
2.699992,-0.008677,0.005220,-0.730000,-0.660000
2.800032,-0.008268,0.003329,-0.730000,-0.660000
2.899971,-0.008322,0.002184,-0.730000,-0.660000
2.999997,-0.007233,0.002855,-0.730000,-0.660000
3.100012,-0.007220,-0.006950,-0.720000,-0.660000
3.200016,-0.007237,-0.011162,-0.770000,-0.650000
3.300027,-0.007296,-0.014254,-0.740000,-0.660000
3.399997,-0.001865,-0.012578,-0.750000,-0.670000
3.500003,0.002983,-0.013726,-0.720000,-0.680000
3.599968,0.010663,-0.002381,-0.720000,-0.690000
3.700026,0.020081,-0.003838,-0.710000,-0.680000
3.800044,0.015970,0.003492,-0.700000,-0.680000
3.900003,0.013209,0.009369,-0.710000,-0.670000
3.999993,0.013543,0.007450,-0.730000,-0.660000
4.099994,0.008442,-0.002321,-0.740000,-0.660000
4.199994,0.001829,0.000082,-0.750000,-0.670000
4.300006,-0.000651,-0.008077,-0.760000,-0.670000
4.399977,-0.000555,-0.008562,-0.760000,-0.670000
4.499981,-0.000863,-0.012158,-0.750000,-0.680000
4.599966,-0.002925,-0.014584,-0.750000,-0.690000
4.700023,-0.001818,-0.014305,-0.740000,-0.690000
4.799997,-0.001400,-0.005289,-0.720000,-0.680000
4.899970,-0.004734,-0.001895,-0.720000,-0.680000
5.000001,-0.004657,0.006890,-0.730000,-0.670000
5.099985,-0.001490,0.007894,-0.730000,-0.660000
5.199995,0.001410,0.012783,-0.740000,-0.670000
5.300004,0.004988,0.012495,-0.760000,-0.670000
5.399971,0.009807,0.009245,-0.770000,-0.650000
5.499995,0.011221,0.002724,-0.790000,-0.660000
5.600038,0.012376,-0.002211,-0.780000,-0.670000
5.699994,0.014295,-0.005507,-0.780000,-0.670000
5.799972,0.013524,-0.009440,-0.770000,-0.680000
5.899998,0.006802,-0.011004,-0.760000,-0.690000
5.999991,0.002585,-0.007353,-0.740000,-0.680000
6.100020,-0.005641,-0.003719,-0.730000,-0.680000
6.200026,-0.009092,-0.003012,-0.730000,-0.670000
6.300000,-0.008593,0.001778,-0.740000,-0.670000
6.399997,-0.008066,0.006399,-0.750000,-0.670000
6.500034,-0.002588,0.007683,-0.760000,-0.670000
6.600000,0.005081,0.008149,-0.790000,-0.670000
6.700002,0.014436,0.007846,-0.810000,-0.670000
6.799994,0.026614,0.004558,-0.820000,-0.670000
6.899979,0.036510,0.000706,-0.820000,-0.680000
7.000015,0.039734,-0.003408,-0.810000,-0.690000
7.099967,0.037527,-0.002277,-0.790000,-0.690000
7.199999,0.034837,0.000946,-0.770000,-0.690000
7.300008,0.019108,0.000948,-0.760000,-0.680000
7.400023,0.006568,0.001613,-0.750000,-0.670000
7.500003,-0.000266,0.006848,-0.750000,-0.670000
7.599999,-0.005870,0.005552,-0.760000,-0.670000
7.699971,-0.001094,0.005314,-0.760000,-0.670000
7.800027,0.003966,0.009679,-0.790000,-0.670000
7.899997,0.014141,0.011882,-0.810000,-0.680000
7.999967,0.027298,0.009359,-0.810000,-0.690000
8.099997,0.038716,0.011225,-0.830000,-0.690000
8.199994,0.047945,0.012505,-0.820000,-0.700000
8.299974,0.053390,0.015186,-0.800000,-0.690000
8.400025,0.049638,0.015345,-0.790000,-0.690000
8.499984,0.039098,0.015779,-0.770000,-0.690000
8.600012,0.031487,0.016384,-0.760000,-0.680000
8.699966,0.018951,0.014663,-0.750000,-0.670000
8.800026,0.006263,0.016789,-0.750000,-0.660000
8.899983,0.001498,0.017672,-0.760000,-0.660000
8.999969,0.002423,0.013302,-0.780000,-0.650000
9.099965,0.007701,0.014463,-0.790000,-0.660000
9.200025,0.018928,0.016610,-0.800000,-0.680000
9.299997,0.033011,0.017135,-0.810000,-0.690000
9.399998,0.045177,0.023087,-0.810000,-0.710000
9.499970,0.050913,0.025333,-0.810000,-0.700000
9.600025,0.059117,0.026632,-0.800000,-0.700000
9.700021,0.052522,0.028702,-0.780000,-0.680000
9.800023,0.044237,0.025269,-0.760000,-0.680000
9.899982,0.034177,0.025350,-0.770000,-0.680000
10.000003,0.020225,0.017048,-0.780000,-0.680000
10.099965,0.010100,0.016597,-0.770000,-0.670000
10.200023,0.003355,0.013674,-0.790000,-0.660000
10.300004,-0.000501,0.010083,-0.800000,-0.660000
10.400004,0.005316,0.009497,-0.800000,-0.660000
10.500007,0.022385,0.016655,-0.770000,-0.660000
10.600036,0.049619,0.026482,-0.770000,-0.670000
10.699978,0.040929,0.024585,-0.750000,-0.690000
10.799983,0.009798,0.026396,-0.730000,-0.660000
10.900041,-0.000792,0.025925,-0.740000,-0.640000
11.000031,0.016650,0.023537,-0.790000,-0.630000
11.100038,0.027201,0.019345,-0.800000,-0.660000
11.200027,0.022888,0.019412,-0.750000,-0.690000
11.300000,0.015319,0.029014,-0.730000,-0.690000
11.400001,0.015568,0.033848,-0.730000,-0.640000
11.500017,0.006634,0.022253,-0.760000,-0.630000
11.600007,0.006880,0.026051,-0.760000,-0.650000
11.699974,-0.005466,0.017444,-0.700000,-0.650000
11.800008,-0.007064,0.002828,-0.690000,-0.640000
11.899981,0.046544,-0.001026,-0.670000,-0.650000
11.999976,-0.002128,0.028975,-0.660000,-0.630000
12.099999,0.015223,0.010049,-0.590000,-0.620000
12.200036,0.003798,0.011785,-0.430000,-0.650000
12.300065,-0.024683,0.000379,-0.250000,-0.470000
12.400032,-0.012773,-0.023757,0.030000,-0.270000
12.500035,-0.030471,-0.036254,0.340000,0.010000
12.600097,-0.052693,-0.062439,0.350000,0.240000
12.700019,-0.085186,-0.084823,-0.270000,0.340000
12.800007,-0.128444,-0.084707,-1.040000,0.360000
12.900007,-0.142045,-0.077770,-1.840000,-0.170000
13.000026,-0.139778,-0.066934,-2.240000,-0.870000
13.100003,-0.152246,-0.065862,-2.400000,-0.990000
13.199976,-0.145966,-0.044227,-2.530000,-1.060000
13.300013,-0.157388,-0.034930,-2.710000,-1.230000
13.400036,-0.146660,-0.010217,-2.720000,-1.430000
13.500040,-0.143763,-0.009001,-2.540000,-1.670000
13.600004,-0.131165,-0.006893,-2.370000,-1.910000
13.699992,-0.124463,0.017073,-2.330000,-2.060000
13.800023,-0.088547,0.015594,-2.480000,-2.210000
13.900007,-0.066823,0.019193,-2.630000,-2.260000
13.999978,-0.028484,0.016352,-2.760000,-2.260000
14.099997,-0.032028,0.018298,-2.810000,-2.100000
14.200009,-0.020026,0.034144,-2.900000,-2.020000
14.300013,-0.000237,0.079140,-2.970000,-2.090000
14.400000,0.039889,0.092979,-2.900000,-2.460000
14.499982,0.055234,0.088995,-2.680000,-2.900000
14.600031,0.090490,0.074819,-2.430000,-3.150000
14.699987,0.119738,0.087874,-2.050000,-3.040000
14.800001,0.139088,0.085485,-1.630000,-2.790000
14.900020,0.168000,0.073517,-1.350000,-2.470000
15.000000,0.157938,0.051267,-1.080000,-2.160000
15.099997,0.178823,0.008713,-1.000000,-1.940000
15.200038,0.152974,-0.007455,-0.980000,-1.910000
15.300074,0.164539,-0.036951,-1.180000,-1.870000
15.400035,0.160993,-0.040742,-1.350000,-1.800000
15.500020,0.163869,-0.045689,-1.540000,-1.510000
15.600007,0.129124,-0.046581,-1.670000,-1.180000
15.700007,0.129743,-0.040206,-1.860000,-0.910000
15.800009,0.128975,-0.038884,-2.090000,-0.650000
15.900024,0.127342,-0.060041,-2.080000,-0.730000
16.000028,0.113204,-0.058023,-1.850000,-0.920000
16.100016,0.096543,-0.064396,-1.670000,-1.120000
16.200030,0.087862,-0.035851,-1.740000,-1.110000
16.300020,0.090615,-0.077135,-1.710000,-0.980000
16.400006,0.079981,-0.082531,-1.750000,-0.530000
16.500008,0.042560,-0.089398,-1.980000,-0.180000
16.600001,0.021830,-0.030581,-2.310000,-0.040000
16.700003,0.022077,-0.029799,-2.500000,-0.230000
16.800015,-0.025896,-0.017046,-2.360000,-0.510000
16.899989,-0.017926,-0.019201,-2.230000,-0.970000
16.999989,-0.020641,-0.015064,-2.010000,-1.290000
17.099983,-0.023291,-0.019416,-1.990000,-1.460000
17.200033,-0.030470,-0.011658,-1.970000,-1.430000
17.299989,-0.027930,-0.010606,-2.000000,-1.420000
17.400005,-0.022520,-0.005774,-1.880000,-1.260000
17.500018,-0.022258,-0.024954,-1.880000,-1.170000
17.599980,-0.028679,-0.009028,-1.910000,-1.170000
17.699998,-0.028648,-0.031598,-2.010000,-1.280000
17.799983,-0.043086,-0.011568,-2.200000,-1.270000
17.900033,-0.035068,-0.015750,-2.500000,-1.250000
18.000017,-0.033256,-0.006192,-2.520000,-1.180000
18.100001,-0.014519,-0.010027,-2.510000,-1.160000
18.200001,-0.031611,0.006280,-2.390000,-1.080000
18.300043,-0.028996,0.008487,-2.310000,-1.190000
18.399977,-0.055705,0.022113,-2.250000,-1.430000
18.500001,-0.038282,0.015384,-2.270000,-1.660000
18.600000,-0.050426,0.012492,-2.200000,-1.810000
18.700017,-0.046945,0.048672,-2.090000,-1.910000
18.800003,-0.052193,0.039257,-1.930000,-1.990000
18.899975,-0.028409,0.040042,-1.890000,-2.000000
19.000009,-0.000665,0.017202,-1.830000,-2.060000
19.100002,-0.002152,0.027106,-1.810000,-2.010000
19.199982,0.008877,0.017140,-1.920000,-1.860000
19.299991,0.014849,0.027019,-1.930000,-1.620000
19.400010,0.027943,0.014089,-1.960000,-1.360000
19.500006,0.002982,0.042698,-1.910000,-0.980000
19.600029,0.003626,0.046022,-1.840000,-0.740000
19.699989,-0.011347,0.033797,-1.560000,-0.660000
19.800022,-0.017664,0.028658,-1.380000,-0.910000
19.900036,-0.046400,0.002449,-1.410000,-1.150000
20.000006,-0.043264,0.023875,-1.450000,-1.410000
20.100045,-0.049964,0.012494,-1.280000,-1.550000
20.200039,-0.068412,0.033068,-1.020000,-1.680000
20.300015,-0.046565,0.009699,-1.020000,-1.850000
20.400004,-0.035914,-0.003888,-1.150000,-1.880000
20.500010,-0.020586,-0.020917,-1.360000,-1.840000
20.600003,-0.037774,-0.023399,-1.500000,-1.640000
20.699985,-0.014611,-0.043666,-1.550000,-1.540000
20.799980,-0.031145,-0.076900,-1.410000,-1.400000
20.900009,-0.018238,-0.074915,-1.370000,-1.160000
21.000020,-0.049450,-0.077247,-1.440000,-0.940000
21.099999,-0.062192,-0.066542,-1.670000,-0.810000
21.200008,-0.057540,-0.067923,-1.960000,-1.070000
21.300037,-0.068131,-0.049411,-2.090000,-1.230000
21.400003,-0.058559,-0.059716,-2.190000,-1.480000
21.499977,-0.079721,-0.065650,-2.120000,-1.680000
21.600007,-0.048240,-0.076424,-2.140000,-1.950000
21.699972,-0.058209,-0.058759,-2.150000,-1.960000
21.799983,-0.032092,-0.045463,-2.160000,-1.770000
21.900002,-0.052612,-0.039176,-2.170000,-1.570000
22.000033,-0.042063,-0.017917,-2.180000,-1.690000
22.099992,-0.053561,0.000654,-2.130000,-1.780000
22.200004,-0.040348,-0.012262,-2.090000,-2.000000
22.300009,-0.060378,-0.036844,-1.970000,-2.110000
22.399977,-0.036308,-0.040402,-2.200000,-2.050000
22.499982,-0.038435,-0.015875,-2.420000,-1.820000
22.600008,-0.028991,-0.018503,-2.580000,-1.750000
22.699977,-0.034520,-0.006027,-2.480000,-1.840000
22.800004,-0.037796,-0.012316,-2.230000,-1.940000
22.900018,-0.015198,-0.012894,-2.090000,-1.900000
23.000047,-0.007310,-0.009078,-2.050000,-1.910000
23.100002,-0.007881,-0.011653,-2.060000,-1.970000
23.200001,-0.003967,-0.032013,-2.060000,-2.330000
23.300012,0.022319,-0.000032,-2.210000,-2.420000
23.399999,0.017865,0.001249,-2.310000,-2.320000
23.500029,0.034020,0.000191,-2.340000,-1.870000
23.599998,0.023333,0.021985,-2.220000,-1.150000
23.699991,0.003474,0.032320,-2.050000,-0.680000
23.800000,0.009508,0.047978,-1.730000,-0.600000
23.900005,-0.003843,0.038079,-1.660000,-0.750000
24.000002,-0.051778,0.044427,-1.590000,-0.870000
24.100014,-0.049813,0.024347,-1.540000,-1.440000
24.199995,-0.074616,0.022258,-1.680000,-2.270000
24.300043,-0.055164,0.026103,-1.590000,-2.870000
24.399998,-0.014927,-0.017207,-1.700000,-3.160000
24.500004,-0.017801,-0.019924,-1.670000,-3.130000
24.600008,0.006668,-0.039631,-1.720000,-2.810000
24.700004,0.018982,-0.040077,-2.120000,-2.600000
24.800004,0.017938,-0.040137,-2.350000,-2.590000
24.900030,0.046099,-0.038534,-2.550000,-2.510000
24.999978,0.082530,-0.046734,-2.860000,-2.500000
25.099998,0.067093,-0.051686,-2.930000,-2.450000
25.200084,0.074155,-0.039565,-2.830000,-2.350000
25.300042,0.077931,-0.036228,-2.680000,-2.050000
25.400007,0.057665,-0.023081,-2.720000,-1.260000
25.499995,0.036385,0.014453,-3.070000,-0.570000
25.600007,0.044881,0.006636,-3.310000,-0.370000
25.699998,0.015766,0.009313,-3.490000,-0.410000
25.800030,-0.021612,0.054816,-3.320000,-0.890000
25.899991,-0.008342,0.080588,-3.030000,-1.710000
25.999978,-0.029421,0.056997,-2.470000,-2.760000
26.100006,-0.026738,0.106975,-2.360000,-2.900000
26.200005,-0.009025,0.122238,-2.740000,-2.770000
26.299981,-0.031850,0.146119,-2.830000,-2.690000
26.400007,-0.003492,0.143249,-2.600000,-2.790000
26.500002,0.011205,0.116691,-2.060000,-3.490000
26.600013,0.040560,0.142981,-1.570000,-3.460000
26.700006,0.056333,0.104380,-0.970000,-3.500000
26.800000,0.070471,0.118775,-0.770000,-3.130000
26.899976,0.081768,0.064933,-0.750000,-2.980000
27.000015,0.088193,0.072626,-0.760000,-3.050000
27.100032,0.115546,0.048859,-0.550000,-3.320000
27.200026,0.115065,0.016192,-0.110000,-3.160000
27.299987,0.142194,-0.050500,0.090000,-2.750000
27.400008,0.139926,-0.096330,-0.160000,-2.220000
27.500007,0.115752,-0.095580,-0.800000,-1.660000
27.599989,0.117278,-0.113803,-1.500000,-1.140000
27.700002,0.103621,-0.135190,-2.130000,-0.610000
27.800005,0.062271,-0.120392,-2.580000,-0.090000
27.900006,0.039199,-0.100566,-2.990000,-0.020000
27.999974,-0.006165,-0.087691,-3.180000,-0.530000
28.099997,-0.020364,-0.039910,-3.080000,-1.340000
28.200030,-0.021701,-0.024216,-2.980000,-1.850000
28.300010,-0.027464,-0.024515,-2.820000,-2.080000
28.400002,-0.011781,-0.012413,-2.880000,-1.890000
28.499977,-0.030420,0.006722,-2.460000,-1.850000
28.599975,-0.013252,0.001804,-2.260000,-1.800000
28.700005,-0.026303,-0.008915,-2.380000,-1.810000
28.799975,-0.029705,-0.000215,-2.550000,-1.910000
28.900038,-0.027831,-0.026809,-2.670000,-1.720000
28.999995,-0.014593,0.000114,-2.730000,-1.470000
29.099973,-0.055724,0.020456,-2.590000,-1.460000
29.200038,-0.031893,0.015883,-2.300000,-1.400000
29.300010,-0.061692,-0.014444,-2.190000,-1.550000
29.400037,-0.061338,0.013526,-2.290000,-1.410000
29.500042,-0.097093,-0.007613,-2.310000,-1.500000
29.600005,-0.067348,-0.012377,-2.370000,-1.600000
29.699998,-0.078420,-0.018232,-2.530000,-1.610000
29.799980,-0.076166,0.001249,-2.540000,-1.830000
29.899977,-0.089102,-0.017713,-2.520000,-1.730000
30.000003,-0.080464,0.013518,-2.580000,-1.960000
30.099988,-0.087964,0.013210,-2.560000,-2.270000
30.200003,-0.065810,0.027222,-2.530000,-2.290000
30.300012,-0.050331,-0.009361,-2.510000,-2.310000
30.400006,-0.070963,-0.000535,-2.250000,-2.340000
30.500003,-0.058660,0.024047,-2.240000,-2.400000
30.600030,-0.017136,-0.000745,-2.260000,-2.420000
30.699974,-0.028312,-0.019929,-2.270000,-2.220000
30.799998,-0.022437,-0.021007,-2.390000,-1.960000
30.900039,-0.001337,-0.022645,-2.640000,-1.830000
31.000003,-0.025489,0.017797,-2.790000,-1.750000
31.099974,-0.005613,0.044233,-2.560000,-1.680000
31.200022,0.003876,0.007635,-2.220000,-1.620000
31.300043,-0.030658,0.002624,-2.130000,-1.540000
31.400002,-0.031704,-0.000817,-2.340000,-1.460000
31.499999,-0.041284,0.051133,-2.720000,-1.500000
31.600041,-0.054370,0.020395,-2.640000,-1.580000
31.700018,-0.078035,0.035973,-2.590000,-1.700000
31.800002,-0.043865,0.023801,-2.250000,-1.860000
31.899977,-0.032839,0.033155,-2.370000,-1.990000
32.000003,-0.041791,0.024484,-2.370000,-1.960000
32.099975,-0.055090,0.039343,-2.330000,-2.010000
32.200000,-0.060220,0.031348,-1.950000,-2.440000
32.300050,-0.012551,0.031823,-1.630000,-2.910000
32.400037,-0.027571,-0.017806,-1.650000,-3.040000
32.500001,-0.027844,0.033353,-2.120000,-2.770000
32.599976,-0.003375,0.005634,-2.200000,-2.540000
32.699998,-0.017188,0.024205,-2.270000,-2.340000
32.800001,0.008127,-0.017079,-2.360000,-2.170000
32.900035,0.031831,-0.019192,-2.350000,-2.180000
32.999987,0.031753,-0.039600,-2.300000,-2.350000
33.099979,-0.015596,-0.076296,-2.300000,-2.230000
33.200015,-0.012968,-0.013722,-2.510000,-2.250000
33.299981,0.040952,-0.025319,-2.550000,-2.540000
33.400013,0.045129,-0.060265,-2.230000,-2.600000
33.499983,0.037967,-0.007905,-2.180000,-2.340000
33.600005,0.057382,-0.033930,-2.350000,-2.050000
33.700004,0.016674,-0.018515,-2.270000,-1.110000
33.800013,0.016564,0.031375,-2.490000,-0.100000
33.900008,-0.014898,-0.011869,-2.630000,-0.100000
34.000047,-0.046158,-0.050595,-2.280000,-1.310000
34.099972,-0.087435,0.015389,-1.800000,-2.500000
34.200032,-0.064660,-0.013279,-1.630000,-3.130000
34.300044,-0.037963,-0.043697,-2.020000,-3.170000
34.399990,-0.069098,-0.031653,-2.630000,-2.820000
34.500048,-0.044669,-0.044701,-3.070000,-2.940000
34.600004,-0.045666,0.015500,-3.300000,-3.520000
34.700001,0.008370,-0.001010,-3.150000,-3.960000
34.799999,0.020952,0.061503,-3.220000,-3.850000
34.900004,0.055264,0.014032,-2.840000,-3.820000
34.999974,0.051769,0.066949,-2.240000,-3.430000
35.100001,0.083048,0.058302,-1.840000,-2.800000
35.200032,0.104788,0.017803,-1.610000,-2.350000
35.300037,0.092211,0.035199,-1.660000,-2.020000
35.399985,0.122941,0.009655,-1.680000,-2.050000
35.499985,0.108003,0.006877,-1.710000,-1.980000
35.600008,0.078932,0.041527,-1.760000,-1.910000
35.699982,0.111072,0.000622,-1.590000,-1.680000
35.800020,0.090053,-0.051557,-1.300000,-1.400000
35.900006,0.064185,-0.038791,-1.420000,-0.920000
36.000006,0.062955,-0.051056,-1.610000,-0.750000
36.099997,0.036526,-0.081709,-1.690000,-0.950000
36.200007,0.001810,-0.044084,-1.820000,-1.110000
36.299988,0.027123,-0.048926,-1.870000,-1.280000
36.400028,0.022458,-0.078304,-2.090000,-1.310000
36.500006,-0.010733,-0.064986,-2.270000,-1.350000
36.600015,-0.017275,-0.020814,-2.640000,-1.510000
36.700004,-0.016910,-0.052289,-2.710000,-1.860000
36.800005,-0.029895,-0.027719,-2.660000,-2.020000
36.900009,-0.032983,-0.030775,-2.630000,-1.910000
37.000043,-0.015033,-0.030391,-2.580000,-1.650000
37.099980,-0.028445,-0.036565,-2.430000,-1.690000
37.200014,-0.009868,-0.002303,-2.490000,-1.620000
37.300028,-0.053276,0.021452,-2.570000,-1.880000
37.400003,-0.013123,0.034396,-2.780000,-1.950000
37.500009,-0.010383,0.049398,-2.600000,-2.110000
37.600005,0.008352,0.005716,-2.200000,-2.260000
37.700007,0.011683,0.034762,-1.780000,-1.990000
37.799982,0.034197,0.021716,-1.660000,-1.560000
37.899977,-0.005000,0.017910,-1.590000,-1.070000
38.000031,-0.030006,0.043001,-1.610000,-0.800000
38.099975,-0.045460,0.039923,-1.600000,-1.220000
38.200005,-0.011704,0.013946,-1.510000,-1.680000
38.300014,-0.055229,-0.031939,-1.430000,-1.930000
38.400017,-0.049138,-0.020153,-1.520000,-1.830000
38.500044,-0.049885,-0.003651,-1.570000,-1.720000
38.600032,-0.025920,-0.038426,-1.450000,-1.800000
38.699975,-0.037948,-0.077047,-1.380000,-1.860000
38.799987,-0.060459,-0.063285,-1.680000,-1.730000
38.900006,-0.051094,-0.047705,-2.030000,-1.460000
39.000003,-0.039690,-0.052212,-2.050000,-1.530000
39.099978,-0.063272,-0.055920,-1.770000,-1.660000
39.199976,-0.061465,-0.050881,-2.000000,-1.530000
39.300017,-0.084831,-0.100372,-2.200000,-1.320000
39.399974,-0.113057,-0.028804,-2.310000,-1.030000
39.500003,-0.090876,-0.030985,-2.180000,-1.340000
39.599986,-0.073373,-0.040722,-2.380000,-1.990000
39.700018,-0.101321,-0.054317,-2.630000,-2.140000
39.800002,-0.109811,-0.033699,-2.820000,-1.930000
39.900014,-0.076911,-0.032657,-2.820000,-1.900000
39.999974,-0.084186,-0.029333,-3.050000,-2.130000
40.099973,-0.099145,0.007670,-2.970000,-2.770000
40.199975,-0.042971,0.028407,-3.060000,-3.200000
40.300015,-0.041892,0.018961,-3.150000,-3.220000
40.399999,-0.061240,0.079387,-3.050000,-2.850000
40.499992,-0.024559,0.075631,-2.430000,-2.940000
40.600008,-0.046928,0.063969,-1.670000,-3.290000
40.699972,0.011196,0.069507,-1.340000,-3.450000
40.799978,0.029373,0.014506,-1.550000,-3.360000
40.900007,0.054151,0.041673,-1.960000,-3.180000
40.999976,0.040680,0.021328,-2.250000,-3.180000
41.099987,0.087911,0.045832,-2.310000,-3.060000
41.199983,0.060353,0.055001,-1.950000,-2.900000
41.300008,0.078699,0.059933,-1.740000,-2.680000
41.400020,0.082960,0.071624,-1.600000,-2.370000
41.500011,0.142616,0.041977,-1.690000,-1.930000
41.600010,0.090671,0.071622,-1.710000,-1.310000
41.700004,0.096141,0.034727,-1.720000,-1.090000
41.800001,0.051927,0.037874,-1.590000,-1.310000
41.899996,0.055928,0.055182,-1.730000,-1.450000
41.999997,0.034534,0.008137,-1.550000,-1.310000
42.099999,0.045527,0.004342,-1.540000,-1.170000
42.200017,0.014283,-0.021682,-1.460000,-1.320000
42.300045,0.022942,0.027958,-1.390000,-1.400000
42.399999,-0.017035,-0.008314,-1.370000,-1.370000
42.500029,0.011735,0.005323,-1.650000,-1.190000
42.599988,-0.047803,-0.002915,-1.740000,-1.380000
42.700007,-0.030337,-0.004562,-1.770000,-1.880000
42.799979,-0.052652,0.030425,-1.370000,-2.510000
42.899975,-0.020568,-0.020236,-1.140000,-2.920000
42.999989,-0.012478,-0.028201,-1.180000,-2.970000
43.100002,0.001581,-0.067798,-1.470000,-3.150000
43.200007,0.009493,-0.040531,-1.880000,-3.200000
43.300022,0.003346,-0.061843,-2.310000,-3.040000
43.400003,0.068341,-0.050928,-2.640000,-2.650000
43.500020,0.052583,-0.026779,-2.750000,-2.270000
43.600008,0.083152,0.006521,-2.840000,-2.060000
43.699973,0.060916,-0.003524,-2.460000,-2.120000
43.799998,0.109548,-0.004042,-2.150000,-2.070000
43.899985,0.090281,-0.021090,-2.080000,-1.660000
44.000006,0.078089,-0.000254,-2.370000,-0.990000
44.099987,0.066991,-0.009864,-2.450000,-0.710000
44.200003,0.043880,0.038360,-2.300000,-0.750000
44.300088,0.045162,0.037492,-2.160000,-0.950000
44.400011,0.019752,0.042821,-1.900000,-0.780000
44.500022,0.002774,0.040317,-1.840000,-0.680000
44.600009,-0.019642,0.044320,-1.820000,-0.780000
44.700037,-0.016540,0.065162,-1.940000,-1.160000
44.799986,-0.035450,0.068841,-1.850000,-1.340000
44.900008,-0.019320,0.039823,-1.860000,-1.540000
45.000006,-0.056132,0.054799,-2.030000,-1.490000
45.100036,-0.054167,0.039378,-2.090000,-1.510000
45.200032,-0.081842,0.073865,-1.850000,-1.590000
45.300000,-0.056480,0.023382,-1.400000,-1.950000
45.400002,-0.053291,0.045983,-1.290000,-2.200000
45.500008,-0.037975,0.019540,-1.690000,-2.240000
45.600007,-0.053436,0.039541,-2.210000,-1.970000
45.700018,-0.030000,0.018042,-2.480000,-1.840000
45.800001,-0.049411,0.038436,-2.360000,-1.710000
45.900008,-0.064372,0.003300,-2.070000,-1.720000
46.000007,-0.045835,0.041562,-1.940000,-1.840000
46.099972,-0.022518,0.021919,-1.660000,-2.000000
46.200001,-0.023301,0.046697,-1.660000,-1.880000
46.299985,-0.027637,-0.000552,-1.470000,-1.800000
46.399974,-0.039639,0.039603,-1.290000,-1.810000
46.500017,-0.025864,0.018968,-1.240000,-1.900000
46.599980,-0.053187,-0.022721,-1.460000,-2.020000
46.700041,-0.037343,-0.039975,-1.800000,-2.220000
46.800025,-0.011991,-0.027192,-1.900000,-2.290000
46.900038,-0.010888,-0.034672,-1.990000,-2.450000
46.999998,-0.015406,-0.044683,-1.790000,-2.320000
47.100018,0.017554,-0.046329,-1.630000,-2.010000
47.200006,0.020234,-0.045997,-1.850000,-1.500000
47.300040,0.024272,-0.059022,-2.390000,-1.170000
47.400036,-0.008846,-0.087542,-2.650000,-1.190000
47.499992,-0.021341,-0.065289,-2.600000,-1.260000
47.600010,-0.011810,-0.053326,-2.390000,-1.610000
47.700006,-0.031999,-0.061931,-2.470000,-1.760000
47.800000,-0.040002,-0.059131,-2.690000,-1.840000
47.900026,-0.015090,-0.065973,-2.960000,-1.710000
47.999989,-0.029779,-0.058327,-3.000000,-1.870000
48.100005,-0.037547,-0.064361,-2.950000,-2.240000
48.199975,-0.014978,-0.057113,-3.030000,-2.230000
48.300014,0.005270,-0.074162,-3.340000,-1.850000
48.400008,0.015205,-0.073258,-3.690000,-1.450000
48.500008,0.027593,-0.052769,-3.780000,-1.330000
48.599979,0.029459,-0.026970,-3.650000,-1.500000
48.699998,0.030636,0.000708,-3.650000,-1.570000
48.800000,0.028476,0.031809,-3.680000,-1.500000
48.900015,0.015985,0.069413,-3.660000,-1.240000
48.999975,0.006363,0.117447,-3.330000,-1.030000
49.099973,0.002854,0.134150,-2.990000,-1.130000
49.200003,0.006988,0.143061,-2.830000,-1.350000
49.300038,-0.001823,0.142278,-2.670000,-1.590000
49.400101,0.003542,0.166625,-2.570000,-1.450000
49.500007,0.030413,0.165824,-2.420000,-1.300000
49.600003,0.015874,0.138655,-2.100000,-1.310000
49.700031,0.006719,0.157844,-1.740000,-1.340000
49.800020,0.028654,0.150137,-1.330000,-1.570000
49.900036,0.011937,0.106845,-0.900000,-1.780000
50.000047,0.029329,0.084247,-0.690000,-1.700000
50.100006,0.029327,0.054746,-0.780000,-1.200000
50.200010,0.022093,0.085372,-0.860000,-0.720000
50.300018,0.033237,0.056085,-1.010000,-0.910000
50.399998,0.013141,0.020756,-1.270000,-1.370000
50.500005,0.024859,0.003623,-1.820000,-1.580000
50.600026,0.025764,0.043556,-2.050000,-1.460000
50.699994,0.029769,0.031981,-2.170000,-1.040000
50.799976,0.033496,0.000855,-2.130000,-0.880000
50.899977,0.046457,0.039427,-2.150000,-0.730000
51.000002,0.009795,0.052811,-2.070000,-0.640000
51.099976,0.017552,0.013267,-1.790000,-0.580000
51.200010,-0.009610,0.047672,-1.510000,-0.560000
51.300013,0.001499,0.035593,-1.020000,-0.750000
51.400024,-0.026100,-0.016415,-0.650000,-0.940000
51.500033,-0.023148,0.017340,-0.450000,-1.050000
51.600004,-0.055539,0.008813,-0.440000,-0.910000
51.699998,-0.057606,0.011156,-0.520000,-0.450000
51.799988,-0.089955,-0.013808,-0.350000,0.170000
51.900016,-0.087360,-0.035350,-0.170000,0.250000
51.999998,-0.135639,-0.025461,-0.170000,-0.060000
52.099999,-0.144046,-0.053249,-0.510000,-0.400000
52.200001,-0.164517,-0.062808,-1.010000,-0.620000
52.299985,-0.164080,-0.059006,-1.460000,-0.760000
52.400004,-0.146755,-0.033563,-1.500000,-1.170000
52.500019,-0.214696,-0.021401,-1.430000,-1.540000
52.600017,-0.194812,-0.001244,-1.200000,-2.030000
52.700004,-0.190467,-0.009039,-1.210000,-2.510000
52.800007,-0.180580,-0.002344,-0.910000,-2.580000
52.900009,-0.122171,-0.016116,-0.190000,-2.680000
53.000010,-0.135001,0.010435,0.010000,-3.270000
53.099974,-0.117814,-0.018509,-0.060000,-3.930000
53.200006,-0.080170,-0.042591,0.000000,-4.460000
53.300025,-0.026951,-0.062742,0.220000,-4.750000
53.400002,0.051662,-0.078548,0.150000,-4.480000
53.499983,0.084406,-0.087108,-0.310000,-3.920000
53.600001,0.097512,-0.096882,-1.060000,-2.940000
53.700007,0.114243,-0.100177,-1.400000,-1.730000
53.800015,0.120874,-0.104312,-1.500000,-0.710000
53.900005,0.126874,-0.085861,-1.560000,-0.500000
53.999974,0.100703,-0.036723,-1.750000,-0.810000
54.099973,0.100860,-0.040237,-1.990000,-1.270000
54.200000,0.087460,0.011545,-1.940000,-1.950000
54.299990,0.089696,0.021612,-1.730000,-2.260000
54.400006,0.090387,0.015696,-1.500000,-2.140000
54.500014,0.088737,0.036307,-1.310000,-2.130000
54.600036,0.108470,0.011713,-1.280000,-2.150000
54.700049,0.124013,0.030419,-1.530000,-2.170000
54.800027,0.156634,0.039663,-1.540000,-2.470000
54.900037,0.135636,0.070945,-1.380000,-2.680000
55.000005,0.145065,0.042854,-0.990000,-2.500000
55.100051,0.151301,0.058278,-0.510000,-2.180000
55.199982,0.164482,0.019995,-0.220000,-1.910000
55.300013,0.168229,0.060635,-0.460000,-1.770000
55.400001,0.118310,0.033532,-0.720000,-1.460000
55.500004,0.154674,0.037618,-0.800000,-1.210000
55.600037,0.138863,0.036633,-0.690000,-0.940000
55.699978,0.090789,0.019163,-0.370000,-0.760000
55.800030,0.092075,0.004876,-0.340000,-0.760000
55.899991,0.092460,-0.014229,-0.430000,-0.470000
56.000006,0.068934,-0.008423,-0.650000,-0.210000
56.100002,0.018371,-0.013519,-1.080000,-0.220000
56.200001,0.013410,-0.049395,-1.180000,-0.600000
56.300010,0.017592,-0.035061,-1.180000,-1.300000
56.400055,0.029481,-0.033486,-0.950000,-1.560000
56.500017,-0.005391,-0.012905,-1.110000,-1.460000
56.599986,-0.008316,-0.033630,-1.310000,-1.130000
56.700008,-0.037119,-0.032757,-1.530000,-0.690000
56.800006,-0.009194,-0.058962,-1.550000,-0.720000
56.899977,-0.025144,-0.027786,-1.640000,-0.910000
56.999978,-0.040355,0.011798,-1.450000,-1.220000
57.100000,-0.046460,-0.015696,-1.070000,-1.450000
57.200006,-0.022335,-0.044974,-0.990000,-1.540000
57.300022,-0.049239,-0.030552,-1.110000,-1.360000
57.399973,-0.028338,-0.029735,-1.530000,-1.210000
57.500003,-0.050362,-0.040212,-1.760000,-0.960000
57.600048,-0.021239,-0.041526,-2.000000,-0.840000
57.700003,-0.054134,-0.037061,-2.030000,-1.080000
57.800002,-0.018164,-0.041032,-1.920000,-1.340000
57.900006,-0.049495,-0.048833,-1.830000,-1.460000
58.000006,-0.035447,-0.027031,-1.750000,-1.130000
58.100001,-0.050425,-0.015413,-1.740000,-0.740000
58.200005,-0.041759,-0.000118,-1.890000,-0.380000
58.300012,-0.056933,-0.010332,-2.020000,-0.360000
58.400011,-0.080688,0.006338,-2.020000,-0.480000
58.499976,-0.087773,0.013741,-1.910000,-0.860000
58.600008,-0.090153,0.023854,-1.730000,-1.150000
58.700001,-0.067872,-0.003899,-1.810000,-1.280000
58.799998,-0.100390,0.023585,-1.930000,-1.250000
58.900002,-0.098191,0.004010,-1.990000,-1.290000
59.000020,-0.087474,0.045777,-2.020000,-1.280000
59.099991,-0.096569,0.017763,-1.980000,-1.570000
59.200004,-0.048518,0.032402,-1.970000,-1.780000
59.300026,-0.062094,0.043116,-1.800000,-1.850000
59.399999,-0.068918,0.029502,-1.670000,-1.750000
59.500037,-0.036633,0.042788,-1.770000,-1.600000
59.599991,-0.035766,0.025428,-1.700000,-1.440000
59.699997,-0.040173,0.006516,-1.720000,-1.400000
59.800002,-0.010395,0.020512,-1.760000,-1.420000
59.900009,-0.025415,0.039783,-1.730000,-1.370000
60.000007,-0.015813,0.042297,-1.680000,-1.530000
60.100007,-0.023111,0.023994,-1.560000,-1.490000
60.199976,0.003736,-0.003952,-1.330000,-1.490000
60.299984,-0.009059,0.017448,-1.380000,-1.120000
60.399981,0.004319,0.022680,-1.400000,-1.190000
60.500003,-0.031441,0.006135,-1.490000,-1.260000
60.600005,0.014385,-0.006556,-1.570000,-1.460000
60.699974,-0.017518,0.033441,-1.610000,-1.520000
60.799987,-0.017921,0.012869,-1.390000,-1.550000
60.900007,0.007472,-0.023564,-1.190000,-1.500000
61.000085,-0.007660,0.013033,-1.310000,-1.440000
61.099998,-0.002081,-0.000901,-1.140000,-1.400000
61.200042,0.000471,-0.027054,-1.110000,-1.710000
61.299989,0.017463,-0.004512,-1.310000,-1.960000
61.400002,0.010551,-0.005489,-1.560000,-2.020000
61.500001,0.033221,-0.020566,-1.800000,-1.920000
61.600003,0.037891,0.009773,-1.900000,-1.570000
61.699975,0.035845,-0.001620,-1.750000,-1.080000
61.800028,0.050190,0.022012,-1.790000,-0.640000
61.900014,0.060687,-0.005238,-1.420000,-0.790000
62.000034,0.012411,0.018970,-0.890000,-0.670000
62.099999,0.014678,-0.002999,-0.480000,-0.640000
62.200004,0.008413,-0.033948,-0.610000,-0.740000
62.300009,0.011708,-0.022667,-0.940000,-0.910000
62.400030,0.012979,-0.039875,-0.930000,-1.210000
62.500006,-0.014288,-0.014166,-0.970000,-1.530000
62.600043,-0.023538,-0.040691,-1.200000,-1.700000
62.699998,-0.015888,-0.038141,-1.580000,-1.740000
62.800025,-0.021153,-0.021322,-1.740000,-1.730000
62.900060,0.013381,-0.038721,-1.670000,-1.780000
62.999986,-0.008960,-0.011495,-1.680000,-1.890000
63.099988,-0.006673,-0.038257,-1.620000,-1.760000
63.200006,0.047745,-0.034496,-1.380000,-1.690000
63.299988,0.012911,-0.030852,-1.080000,-1.280000
63.400001,0.024137,-0.058044,-0.800000,-1.290000
63.500007,0.035543,-0.055035,-1.060000,-1.580000
63.600001,0.032984,-0.037262,-1.720000,-1.950000
63.699990,0.050264,-0.036777,-2.320000,-2.150000
63.800003,0.044139,-0.033450,-2.880000,-2.110000
63.900007,0.093332,0.000682,-3.420000,-2.140000
64.000005,0.099206,0.034412,-3.750000,-2.100000
64.100016,0.117565,0.063587,-3.440000,-2.060000
64.199976,0.165626,0.071608,-2.710000,-1.740000
64.299984,0.144506,0.071045,-2.090000,-1.150000
64.399985,0.128737,0.119806,-1.710000,-0.300000
64.500029,0.112645,0.106713,-1.390000,0.440000
64.599984,0.109339,0.109154,-1.030000,0.720000
64.700012,0.044632,0.103268,-0.580000,0.760000
64.800002,0.023227,0.102535,-0.470000,0.250000
64.899977,-0.015695,0.064471,-0.230000,-0.220000
65.000031,-0.030013,0.037225,-0.150000,-0.790000
65.100006,-0.013304,0.051565,-0.360000,-1.310000
65.200009,-0.047227,0.013893,-0.750000,-1.600000
65.300010,-0.046549,0.007627,-0.790000,-1.420000
65.400028,-0.050067,-0.012548,-0.570000,-1.180000
65.500003,-0.058303,-0.033523,-0.690000,-1.250000
65.600012,-0.031583,-0.026276,-1.300000,-1.180000
65.699973,-0.055418,-0.030661,-1.770000,-1.010000
65.800037,-0.064716,-0.035298,-2.130000,-1.060000
65.900042,-0.055659,-0.004481,-2.300000,-1.200000
66.000025,-0.048064,-0.021656,-2.380000,-1.300000
66.100010,-0.055704,-0.008453,-2.230000,-1.260000
66.199985,-0.047524,0.014826,-1.980000,-1.380000
66.300025,-0.053211,-0.002314,-1.790000,-1.360000
66.399973,-0.051363,0.017584,-1.530000,-1.090000
66.500005,-0.062851,0.012341,-1.150000,-1.200000
66.600019,-0.058225,0.030167,-0.930000,-1.630000
66.700006,-0.046771,-0.001403,-0.890000,-2.150000
66.799998,-0.008599,-0.019371,-1.130000,-2.430000
66.900007,-0.031420,-0.031054,-1.460000,-2.140000
67.000004,0.001822,-0.018132,-1.730000,-1.400000
67.099995,-0.022854,-0.021443,-1.680000,-1.070000
67.199995,-0.013505,-0.021183,-1.400000,-1.120000
67.300010,-0.024656,-0.032938,-1.180000,-1.490000
67.399997,-0.004701,-0.016988,-1.170000,-1.410000
67.500004,-0.010272,-0.033697,-1.480000,-1.340000
67.600005,-0.003978,-0.061829,-1.800000,-1.620000
67.699972,-0.000367,-0.058563,-1.960000,-2.030000
67.800044,0.022609,-0.047827,-1.960000,-1.990000
67.900019,0.035805,-0.029072,-1.870000,-1.620000
68.000027,0.046344,-0.026423,-1.710000,-1.170000
68.100001,0.024624,-0.035760,-1.720000,-0.820000
68.200005,0.023023,-0.024736,-1.940000,-0.490000
68.300020,0.004084,-0.003798,-2.110000,-0.350000
68.400003,0.005293,-0.003761,-2.000000,-0.610000
68.500004,-0.001794,0.004357,-1.870000,-1.000000
68.600005,0.008536,0.018514,-1.880000,-1.400000
68.699974,-0.002039,0.014197,-1.920000,-1.690000
68.800008,-0.005220,-0.003737,-1.700000,-1.890000
68.900002,0.026558,0.003147,-1.530000,-1.910000
69.000024,0.044045,0.003408,-1.640000,-1.970000
69.100007,0.061810,-0.002619,-1.110000,-1.780000
69.200003,0.067583,-0.013553,-0.770000,-1.280000
69.300009,0.082496,-0.019147,-1.050000,-1.020000
69.400013,-0.044201,-0.015844,-0.640000,-0.720000
69.500000,-0.015773,-0.016589,-0.700000,-1.380000
69.600002,-0.040238,-0.024754,-1.170000,-1.800000
69.700002,-0.102173,-0.023189,-0.540000,-0.140000
69.800000,-0.013971,-0.003385,-0.850000,-0.920000
69.900005,0.022424,0.007599,-0.700000,-0.770000
69.999991,-0.002810,0.021598,-0.820000,-0.760000
70.099982,0.001381,-0.005636,-0.790000,-0.770000
70.200011,-0.006753,0.006284,-0.690000,-0.800000
70.300016,-0.004385,0.007267,-0.690000,-0.780000
70.400001,-0.015895,0.010810,-0.690000,-0.770000
70.499979,-0.011395,0.005061,-0.680000,-0.740000
70.600009,-0.011536,0.014174,-0.700000,-0.720000
70.699999,-0.013497,0.010886,-0.690000,-0.710000
70.799979,-0.019216,0.004778,-0.680000,-0.700000
70.900017,-0.019978,0.006460,-0.660000,-0.710000
71.000015,-0.022698,0.005966,-0.660000,-0.700000
71.099974,-0.023664,0.002745,-0.660000,-0.700000
71.200001,-0.028540,0.002036,-0.670000,-0.690000
71.299989,-0.027058,-0.001137,-0.660000,-0.700000
71.399999,-0.030141,0.000811,-0.670000,-0.690000
71.500005,-0.033897,0.001205,-0.660000,-0.690000
71.600006,-0.033009,-0.010195,-0.660000,-0.670000
71.700002,-0.033927,-0.005174,-0.670000,-0.680000
71.799987,-0.033296,-0.010985,-0.660000,-0.670000
71.900008,-0.036871,-0.010285,-0.660000,-0.670000
72.000005,-0.031035,-0.016322,-0.650000,-0.660000
72.099991,-0.031895,-0.014677,-0.650000,-0.670000
72.200008,-0.034282,-0.019965,-0.640000,-0.670000
72.299996,-0.033180,-0.022074,-0.610000,-0.680000
72.400000,-0.032806,-0.022971,-0.610000,-0.680000
72.499974,-0.034149,-0.023312,-0.600000,-0.670000
72.599997,-0.039108,-0.025291,-0.590000,-0.670000
72.699992,-0.041700,-0.028264,-0.590000,-0.650000
72.799995,-0.039415,-0.029050,-0.600000,-0.650000
72.899991,-0.041255,-0.029003,-0.600000,-0.660000
72.999993,-0.042623,-0.028964,-0.600000,-0.660000
73.099966,-0.044275,-0.030089,-0.590000,-0.650000
73.199987,-0.043892,-0.032938,-0.590000,-0.650000
73.300007,-0.049060,-0.030882,-0.590000,-0.650000
73.400005,-0.044720,-0.031863,-0.580000,-0.650000
73.499998,-0.048961,-0.033070,-0.590000,-0.640000
73.600036,-0.050928,-0.035896,-0.590000,-0.640000
73.699999,-0.049805,-0.036627,-0.590000,-0.640000
73.799967,-0.054134,-0.033814,-0.580000,-0.640000
73.899969,-0.054441,-0.035456,-0.580000,-0.640000
73.999989,-0.049123,-0.035572,-0.570000,-0.640000
74.099995,-0.052013,-0.035644,-0.580000,-0.640000
74.199994,-0.047989,-0.038944,-0.580000,-0.640000
74.300012,-0.047069,-0.036839,-0.570000,-0.640000
74.400015,-0.046763,-0.039669,-0.560000,-0.660000
74.499992,-0.045014,-0.036945,-0.560000,-0.650000
74.599997,-0.046892,-0.040155,-0.570000,-0.650000
74.699970,-0.042381,-0.038974,-0.550000,-0.650000
74.799991,-0.043104,-0.040777,-0.550000,-0.650000
74.899996,-0.040449,-0.041238,-0.560000,-0.640000
74.999967,-0.037871,-0.041408,-0.560000,-0.650000
75.099984,-0.038322,-0.038549,-0.540000,-0.660000
75.199999,-0.041279,-0.036165,-0.550000,-0.650000
75.300005,-0.039033,-0.038565,-0.550000,-0.640000
75.399986,-0.037217,-0.037442,-0.540000,-0.640000
75.499993,-0.037919,-0.038262,-0.540000,-0.640000
75.599997,-0.035911,-0.039736,-0.540000,-0.650000
75.700000,-0.036526,-0.038137,-0.550000,-0.640000
75.799966,-0.036797,-0.037646,-0.540000,-0.650000
75.899973,-0.038690,-0.035919,-0.550000,-0.640000
75.999995,-0.035096,-0.040531,-0.560000,-0.630000
76.099981,-0.033013,-0.039732,-0.540000,-0.650000
76.199977,-0.034047,-0.039896,-0.530000,-0.650000
76.300009,-0.034173,-0.038353,-0.540000,-0.650000
76.399993,-0.032761,-0.041628,-0.540000,-0.650000
76.500023,-0.032039,-0.038470,-0.530000,-0.660000
76.600003,-0.032642,-0.036701,-0.530000,-0.650000
76.699995,-0.032406,-0.035802,-0.550000,-0.650000
76.800020,-0.030005,-0.033090,-0.540000,-0.650000
76.899994,-0.026936,-0.029443,-0.530000,-0.640000
77.000003,-0.026755,-0.035355,-0.530000,-0.640000
77.099966,-0.028320,-0.034567,-0.530000,-0.640000
77.199994,-0.025230,-0.035182,-0.530000,-0.650000
77.300002,-0.023099,-0.035311,-0.520000,-0.650000
77.400017,-0.024717,-0.030608,-0.530000,-0.650000
77.500024,-0.025719,-0.030828,-0.520000,-0.640000
77.600013,-0.022908,-0.032047,-0.510000,-0.630000
77.700024,-0.024280,-0.029811,-0.510000,-0.630000
77.800024,-0.025777,-0.031464,-0.510000,-0.640000
77.900011,-0.025059,-0.034467,-0.520000,-0.630000
78.000018,-0.027437,-0.031369,-0.520000,-0.620000
78.099977,-0.028020,-0.030608,-0.520000,-0.630000
78.199968,-0.028333,-0.029697,-0.520000,-0.630000
78.300030,-0.026297,-0.029311,-0.520000,-0.640000
78.399986,-0.021133,-0.027345,-0.520000,-0.640000
78.500000,-0.024841,-0.027910,-0.530000,-0.630000
78.599993,-0.023625,-0.027844,-0.530000,-0.610000
78.700014,-0.019472,-0.026819,-0.530000,-0.610000
78.799967,-0.022191,-0.025605,-0.520000,-0.620000
78.899972,-0.014516,-0.027557,-0.510000,-0.640000
78.999965,-0.013582,-0.027531,-0.510000,-0.630000
79.099994,-0.017515,-0.027374,-0.510000,-0.630000
79.199972,-0.015273,-0.028214,-0.530000,-0.610000
79.300009,-0.015543,-0.033350,-0.520000,-0.620000
79.399996,-0.013766,-0.031094,-0.530000,-0.630000
79.500002,-0.012292,-0.029452,-0.520000,-0.640000
79.599969,-0.008123,-0.028608,-0.510000,-0.640000
79.700000,-0.009608,-0.030623,-0.510000,-0.620000
79.799991,-0.008119,-0.035315,-0.530000,-0.620000
79.900025,-0.005914,-0.030983,-0.520000,-0.640000
79.999969,-0.001388,-0.033394,-0.530000,-0.630000
80.100024,-0.005186,-0.030421,-0.510000,-0.640000
80.199993,-0.010225,-0.027970,-0.500000,-0.640000
80.299977,-0.006693,-0.031699,-0.510000,-0.630000
80.399997,-0.004490,-0.037104,-0.510000,-0.630000
80.500002,-0.007032,-0.033027,-0.510000,-0.630000
80.600002,-0.004326,-0.030487,-0.510000,-0.640000
80.699994,-0.004698,-0.032815,-0.510000,-0.630000
80.799970,-0.005846,-0.038248,-0.500000,-0.620000
80.899997,-0.002085,-0.038637,-0.510000,-0.610000
81.000023,-0.005920,-0.035525,-0.510000,-0.620000
81.099971,-0.004383,-0.035554,-0.500000,-0.620000
81.200005,-0.005527,-0.036574,-0.500000,-0.610000
81.299998,-0.008248,-0.040883,-0.510000,-0.620000
81.399993,-0.008740,-0.038942,-0.500000,-0.610000
81.499970,-0.004464,-0.038571,-0.480000,-0.610000
81.600047,-0.003992,-0.042331,-0.490000,-0.620000
81.699998,-0.004838,-0.044623,-0.490000,-0.610000
81.800007,-0.001448,-0.043595,-0.480000,-0.620000
81.900034,-0.004262,-0.042753,-0.490000,-0.620000
82.000021,-0.004389,-0.046208,-0.500000,-0.610000
82.099991,-0.002895,-0.046691,-0.490000,-0.600000
82.199968,-0.010297,-0.042539,-0.490000,-0.610000
82.300005,-0.005886,-0.045993,-0.480000,-0.600000
82.399975,-0.006970,-0.043061,-0.480000,-0.610000
82.499972,-0.011037,-0.041277,-0.490000,-0.610000
82.600000,-0.013008,-0.045375,-0.500000,-0.600000
82.699997,-0.016309,-0.044792,-0.490000,-0.600000
82.799971,-0.020550,-0.041439,-0.480000,-0.590000
82.900023,-0.022935,-0.042049,-0.480000,-0.580000
82.999993,-0.021890,-0.042516,-0.480000,-0.590000
83.100028,-0.021820,-0.039467,-0.490000,-0.600000
83.199998,-0.024619,-0.038138,-0.490000,-0.590000
83.300035,-0.024985,-0.038571,-0.490000,-0.590000
83.399998,-0.025628,-0.036136,-0.490000,-0.580000
83.499980,-0.027059,-0.037671,-0.480000,-0.580000
83.599995,-0.028240,-0.036558,-0.490000,-0.570000
83.699995,-0.029543,-0.039117,-0.490000,-0.580000
83.799995,-0.028000,-0.036273,-0.490000,-0.580000
83.900007,-0.031636,-0.034258,-0.490000,-0.580000
83.999970,-0.033797,-0.035760,-0.490000,-0.570000
84.100018,-0.031389,-0.037573,-0.490000,-0.570000
84.200024,-0.035095,-0.035091,-0.480000,-0.580000
84.300002,-0.034429,-0.036762,-0.490000,-0.580000
84.399968,-0.035161,-0.038364,-0.480000,-0.580000
84.500041,-0.036892,-0.034301,-0.480000,-0.580000
84.600027,-0.039122,-0.029203,-0.480000,-0.570000
84.700003,-0.038297,-0.032036,-0.480000,-0.560000
84.799990,-0.041099,-0.029724,-0.490000,-0.570000
84.899999,-0.043559,-0.028698,-0.480000,-0.590000
84.999973,-0.039570,-0.029652,-0.480000,-0.570000
85.099992,-0.039671,-0.026878,-0.480000,-0.580000
85.199987,-0.045307,-0.024249,-0.480000,-0.580000
85.300007,-0.043926,-0.023704,-0.480000,-0.570000
85.400001,-0.041899,-0.024985,-0.480000,-0.580000
85.499995,-0.042104,-0.024890,-0.470000,-0.590000
85.599970,-0.041942,-0.024997,-0.480000,-0.590000
85.699966,-0.040144,-0.020515,-0.470000,-0.590000
85.799967,-0.038052,-0.021883,-0.470000,-0.590000
85.900025,-0.037400,-0.022442,-0.470000,-0.590000
85.999995,-0.035393,-0.021616,-0.470000,-0.590000
86.099996,-0.037451,-0.020404,-0.470000,-0.590000
86.200021,-0.036523,-0.022503,-0.470000,-0.590000
86.299987,-0.039658,-0.019135,-0.470000,-0.590000
86.399966,-0.039914,-0.016329,-0.470000,-0.580000
86.499971,-0.037966,-0.014911,-0.470000,-0.590000
86.599973,-0.036545,-0.013761,-0.470000,-0.590000
86.700024,-0.040485,-0.017207,-0.490000,-0.580000
86.800031,-0.041474,-0.014129,-0.490000,-0.590000
86.899999,-0.043856,-0.013243,-0.470000,-0.580000
86.999998,-0.040057,-0.011276,-0.470000,-0.570000
87.099991,-0.039334,-0.014694,-0.480000,-0.570000
87.199996,-0.040436,-0.019844,-0.480000,-0.580000
87.299981,-0.042909,-0.014101,-0.490000,-0.570000
87.400037,-0.045022,-0.014073,-0.480000,-0.560000
87.499971,-0.045787,-0.020693,-0.490000,-0.550000
87.600020,-0.047896,-0.015003,-0.470000,-0.560000
87.700033,-0.046535,-0.014661,-0.480000,-0.570000
87.800019,-0.045971,-0.018870,-0.480000,-0.570000
87.899998,-0.046899,-0.015921,-0.480000,-0.570000
87.999971,-0.048342,-0.016564,-0.490000,-0.560000
88.100019,-0.047407,-0.021467,-0.490000,-0.550000
88.199993,-0.048711,-0.022214,-0.480000,-0.570000
88.300010,-0.043640,-0.020163,-0.480000,-0.570000
88.399999,-0.045193,-0.019285,-0.480000,-0.570000
88.499966,-0.045343,-0.016343,-0.470000,-0.580000
88.599968,-0.043442,-0.015772,-0.470000,-0.570000
88.699974,-0.045472,-0.017508,-0.480000,-0.560000
88.799998,-0.046283,-0.013216,-0.470000,-0.570000
88.899971,-0.045942,-0.013497,-0.470000,-0.570000
88.999969,-0.048173,-0.009745,-0.470000,-0.580000
89.099991,-0.044639,-0.012307,-0.460000,-0.570000
89.199995,-0.044159,-0.012278,-0.470000,-0.570000
89.300030,-0.046585,-0.017021,-0.490000,-0.560000
89.399995,-0.047038,-0.012474,-0.470000,-0.570000
89.499972,-0.047761,-0.009198,-0.470000,-0.570000
89.600025,-0.045988,-0.007461,-0.470000,-0.570000
89.699995,-0.043236,-0.007358,-0.450000,-0.570000
89.799999,-0.043628,-0.008136,-0.470000,-0.570000
89.899984,-0.050092,-0.012003,-0.480000,-0.560000
90.000000,-0.046475,-0.010252,-0.470000,-0.570000
90.099970,-0.048850,-0.005715,-0.470000,-0.580000
90.200020,-0.046622,-0.005440,-0.460000,-0.580000
90.300035,-0.048231,-0.004151,-0.460000,-0.580000
90.399982,-0.044622,-0.005372,-0.470000,-0.570000
90.499966,-0.043495,-0.009846,-0.480000,-0.560000
90.599994,-0.044565,-0.004923,-0.470000,-0.570000
90.700029,-0.043607,-0.000948,-0.460000,-0.560000
90.799995,-0.042232,-0.001478,-0.460000,-0.560000
90.899970,-0.040742,-0.001766,-0.460000,-0.570000
91.000024,-0.039448,-0.003050,-0.460000,-0.570000
91.100000,-0.040034,-0.003884,-0.460000,-0.570000
91.199997,-0.047126,-0.004089,-0.470000,-0.570000
91.300004,-0.043057,-0.003871,-0.440000,-0.560000
91.399971,-0.045224,-0.005223,-0.450000,-0.570000
91.500009,-0.048811,-0.004813,-0.460000,-0.560000
91.599999,-0.047335,-0.009201,-0.450000,-0.560000
91.700070,-0.047918,-0.003242,-0.440000,-0.570000
91.799968,-0.047176,-0.003074,-0.450000,-0.550000
91.899998,-0.045295,-0.000479,-0.440000,-0.560000
92.000008,-0.042851,0.001488,-0.430000,-0.560000
92.099967,-0.045286,0.000231,-0.440000,-0.560000
92.199998,-0.040869,-0.006382,-0.450000,-0.560000
92.300014,-0.041316,-0.005578,-0.440000,-0.570000
92.400025,-0.044039,-0.003867,-0.440000,-0.570000
92.500022,-0.044600,-0.004182,-0.430000,-0.570000
92.600004,-0.046081,-0.003879,-0.440000,-0.560000
92.699997,-0.044633,-0.007265,-0.440000,-0.560000
92.799991,-0.044870,-0.008032,-0.430000,-0.560000
92.900027,-0.045473,-0.006314,-0.440000,-0.560000
92.999999,-0.043127,-0.005845,-0.430000,-0.560000
93.099967,-0.040859,-0.004383,-0.430000,-0.570000
93.200031,-0.037865,-0.005663,-0.420000,-0.560000
93.300007,-0.039088,-0.002656,-0.420000,-0.570000
93.400021,-0.040737,-0.002884,-0.430000,-0.570000
93.499993,-0.040126,-0.003769,-0.430000,-0.560000
93.599969,-0.039613,-0.002908,-0.430000,-0.570000
93.699979,-0.040180,-0.002213,-0.420000,-0.570000
93.799989,-0.039677,-0.002801,-0.410000,-0.560000
93.900020,-0.040869,-0.003681,-0.420000,-0.570000
94.000000,-0.039944,-0.005199,-0.420000,-0.560000
94.099994,-0.037884,-0.006477,-0.420000,-0.560000
94.199987,-0.038538,-0.006102,-0.420000,-0.560000
94.300003,-0.037708,-0.006305,-0.430000,-0.570000
94.400010,-0.037532,-0.004464,-0.420000,-0.570000
94.500046,-0.038691,-0.004188,-0.420000,-0.560000
94.600029,-0.037407,-0.004839,-0.420000,-0.560000
94.699994,-0.038784,-0.003878,-0.420000,-0.550000
94.799970,-0.039927,-0.003715,-0.420000,-0.560000
94.900000,-0.038500,-0.004367,-0.430000,-0.560000
95.000001,-0.040413,-0.003654,-0.420000,-0.560000
95.099970,-0.042030,-0.002686,-0.430000,-0.570000
95.200021,-0.042057,-0.001457,-0.420000,-0.560000
95.300005,-0.042856,-0.003639,-0.420000,-0.550000
95.399991,-0.039751,-0.006614,-0.420000,-0.560000
95.500047,-0.039719,-0.007059,-0.420000,-0.560000
95.599993,-0.039198,-0.005474,-0.410000,-0.560000
95.699972,-0.038859,-0.005104,-0.420000,-0.560000
95.799967,-0.036925,-0.005462,-0.420000,-0.550000
95.900021,-0.037606,-0.005648,-0.420000,-0.550000
95.999998,-0.038265,-0.003473,-0.420000,-0.550000
96.099993,-0.040712,-0.005232,-0.420000,-0.560000
96.199967,-0.042069,-0.004518,-0.410000,-0.560000
96.300033,-0.045024,-0.003752,-0.420000,-0.550000
96.400037,-0.044047,-0.005375,-0.420000,-0.540000
96.499994,-0.045623,-0.004630,-0.420000,-0.550000
96.599969,-0.046857,-0.004175,-0.430000,-0.550000
96.699993,-0.043967,-0.003591,-0.420000,-0.550000
96.800024,-0.043177,-0.004852,-0.410000,-0.550000
96.899997,-0.047036,-0.004985,-0.420000,-0.540000
96.999975,-0.045437,-0.003979,-0.430000,-0.540000
97.100021,-0.047943,0.000611,-0.420000,-0.540000
97.199983,-0.045794,0.001689,-0.430000,-0.540000
97.300015,-0.045548,-0.000378,-0.430000,-0.540000
97.399993,-0.047187,0.000579,-0.430000,-0.540000
97.500025,-0.046134,-0.000050,-0.430000,-0.540000
97.600039,-0.047658,0.001623,-0.430000,-0.540000
97.700013,-0.047241,0.003745,-0.430000,-0.540000
97.799996,-0.047065,0.001766,-0.440000,-0.540000
97.899996,-0.046273,0.001688,-0.440000,-0.550000
97.999999,-0.044290,-0.000214,-0.440000,-0.550000
98.099997,-0.040066,0.001256,-0.430000,-0.540000
98.199991,-0.040597,0.001557,-0.430000,-0.540000
98.300037,-0.042241,-0.000766,-0.430000,-0.540000
98.399995,-0.040427,-0.000652,-0.440000,-0.540000
98.500032,-0.040290,-0.001726,-0.440000,-0.550000
98.600023,-0.039976,-0.002415,-0.430000,-0.550000
98.699993,-0.038503,0.000806,-0.430000,-0.550000
98.799990,-0.040267,0.003641,-0.430000,-0.550000
98.899995,-0.042185,-0.000534,-0.430000,-0.550000
99.000014,-0.041102,0.000393,-0.440000,-0.550000
99.099993,-0.041170,0.000271,-0.450000,-0.550000
99.200020,-0.041224,0.001760,-0.430000,-0.550000
99.300002,-0.039881,0.002855,-0.430000,-0.540000
99.400012,-0.041493,0.004946,-0.430000,-0.540000
99.499976,-0.039903,0.002299,-0.440000,-0.540000
99.600002,-0.042447,0.004413,-0.430000,-0.540000
99.700031,-0.038431,0.000429,-0.430000,-0.550000
99.800003,-0.037919,-0.000074,-0.430000,-0.560000
99.900035,-0.044364,0.006095,-0.440000,-0.540000
100.000033,-0.036056,-0.012413,-0.430000,-0.560000
100.100014,-0.040572,0.002012,-0.400000,-0.570000
100.200013,-0.048677,0.000504,-0.360000,-0.500000
100.299984,-0.042143,0.002280,-0.470000,-0.580000
100.399998,-0.040030,-0.001589,-0.450000,-0.540000
100.500019,-0.051653,-0.004364,-0.390000,-0.860000
100.600014,-0.038494,-0.020915,-0.650000,-0.990000
100.700007,-0.032510,-0.044641,-0.600000,-1.050000
100.799974,-0.028003,-0.059103,-0.380000,-0.840000
100.900033,-0.025316,-0.072250,-0.590000,-0.340000
100.999981,-0.051131,-0.083094,-1.130000,0.120000
101.099972,-0.077111,-0.075546,-1.570000,0.460000
101.200001,-0.107764,-0.062460,-1.810000,0.410000
101.300011,-0.126539,-0.073683,-1.950000,-0.570000
101.399978,-0.134918,-0.056124,-2.150000,-1.650000
101.499974,-0.117973,-0.061715,-2.210000,-2.330000
101.600001,-0.099061,-0.053705,-1.920000,-2.440000
101.700038,-0.097286,-0.037727,-1.560000,-2.100000
101.800036,-0.068222,-0.039193,-1.650000,-1.850000
101.900042,-0.059087,-0.023550,-1.940000,-1.810000
102.000005,-0.055958,-0.019733,-2.220000,-1.700000
102.100092,-0.023827,-0.033715,-2.270000,-1.720000
102.200020,-0.006425,0.007736,-2.190000,-1.780000
102.300019,-0.006779,0.026311,-2.140000,-1.850000
102.399998,0.005276,0.027288,-2.070000,-1.770000
102.499977,0.019616,0.022785,-1.840000,-1.550000
102.600013,0.039927,0.018236,-1.700000,-1.250000
102.700033,0.033032,0.018687,-1.560000,-1.110000
102.800035,0.036685,0.015886,-1.620000,-0.980000
102.900007,0.022310,0.022586,-1.820000,-0.910000
103.000011,0.020660,0.032378,-2.040000,-0.780000
103.100050,0.007081,0.030170,-2.050000,-0.890000
103.200025,0.011874,0.041203,-2.090000,-0.990000
103.300042,-0.001871,0.035641,-2.160000,-1.230000
103.399974,0.018456,0.052903,-2.150000,-1.570000
103.500042,0.018309,0.052617,-1.990000,-1.760000
103.600040,0.035932,0.039704,-1.850000,-1.800000
103.700032,0.039365,0.051209,-1.630000,-1.620000
103.800001,0.031482,0.067547,-1.450000,-1.510000
103.900042,0.047989,0.058053,-1.400000,-1.510000
104.000017,0.043461,0.068917,-1.450000,-1.530000
104.100001,0.051262,0.064429,-1.530000,-1.510000
104.199973,0.063089,0.048139,-1.480000,-1.370000
104.300010,0.068707,0.058844,-1.540000,-1.110000
104.400038,0.059045,0.055645,-1.780000,-0.910000
104.500003,0.050278,0.046605,-2.000000,-0.630000
104.599989,0.051411,0.069389,-2.250000,-0.350000
104.700000,0.022221,0.071989,-2.350000,-0.080000
104.800036,-0.002111,0.075095,-2.220000,0.070000
104.900008,-0.016439,0.076483,-1.860000,-0.050000
105.000008,-0.047308,0.088066,-1.550000,-0.330000
105.100002,-0.068089,0.091291,-1.350000,-0.730000
105.200028,-0.093996,0.093559,-1.170000,-1.020000
105.300009,-0.085066,0.075714,-1.120000,-1.270000
105.400044,-0.077528,0.067153,-1.060000,-1.630000
105.500001,-0.077299,0.058502,-0.990000,-2.050000
105.600005,-0.058492,0.053605,-0.880000,-2.380000
105.700000,-0.022767,0.026857,-0.890000,-2.470000
105.799998,-0.010588,0.008295,-0.780000,-2.520000
105.900008,0.016031,0.020039,-0.880000,-2.430000
106.000010,0.017009,0.020773,-1.030000,-2.250000
106.099998,0.031119,0.005181,-1.250000,-2.020000
106.199998,0.040382,-0.014703,-1.310000,-1.960000
106.300012,0.047567,0.003783,-1.330000,-1.770000
106.399974,0.039910,-0.025157,-1.290000,-1.880000
106.500005,0.043605,-0.012017,-1.390000,-1.730000
106.600030,0.055670,-0.040230,-1.370000,-1.770000
106.700018,0.051533,-0.030306,-1.530000,-1.710000
106.799973,0.054316,-0.036122,-1.590000,-1.860000
106.900002,0.054577,-0.012729,-1.820000,-1.900000
107.000009,0.035669,-0.005548,-1.980000,-2.000000
107.100001,0.050665,0.007486,-2.120000,-2.120000
107.200002,0.058900,0.030251,-2.060000,-2.040000
107.300019,0.077353,0.035045,-1.850000,-2.030000
107.399975,0.075628,0.050557,-1.580000,-2.000000
107.499975,0.078781,0.045399,-1.300000,-1.830000
107.599979,0.065559,0.044391,-1.170000,-1.660000
107.699975,0.071039,0.026763,-1.070000,-1.630000
107.799973,0.057219,0.052646,-1.230000,-1.740000
107.900045,0.054092,0.064287,-1.450000,-1.830000
107.999989,0.080783,0.033896,-1.580000,-1.940000
108.099994,0.087334,0.043263,-1.570000,-1.930000
108.200009,0.068176,0.053742,-1.630000,-1.910000
108.300008,0.091214,0.035246,-1.620000,-1.920000
108.400002,0.062749,0.070662,-1.610000,-1.880000
108.499974,0.071065,0.027753,-1.310000,-2.070000
108.600005,0.111266,0.053432,-1.220000,-2.140000
108.700003,0.095080,0.061655,-1.300000,-2.140000
108.799987,0.096790,0.056015,-1.570000,-2.140000
108.899984,0.117321,0.053612,-1.650000,-1.980000
109.000018,0.118621,0.042576,-1.550000,-1.780000
109.099997,0.115018,0.049493,-1.400000,-1.760000
109.200000,0.101969,0.059484,-1.240000,-1.780000
109.300010,0.104419,0.047682,-1.140000,-1.710000
109.400005,0.127193,0.051402,-1.200000,-1.650000
109.500045,0.118034,0.048534,-1.260000,-1.570000
109.600001,0.125252,0.013964,-1.240000,-1.320000
109.700053,0.122693,0.004736,-1.420000,-0.990000
109.800030,0.115118,-0.003424,-1.780000,-0.840000
109.900047,0.103606,0.020020,-2.080000,-0.640000
109.999983,0.075955,0.028701,-2.160000,-0.630000
110.100002,0.075905,0.025038,-2.170000,-0.670000
110.199997,0.045179,0.033371,-2.220000,-0.670000
110.300010,0.035537,0.037901,-2.290000,-0.660000
110.400001,0.004757,0.043401,-2.370000,-0.750000
110.500004,0.011434,0.035925,-2.350000,-0.950000
110.600001,0.010631,0.061024,-2.260000,-1.000000
110.699985,0.003108,0.075768,-2.030000,-1.260000
110.800007,0.015690,0.082539,-2.010000,-1.530000
110.900005,0.021125,0.086151,-2.110000,-1.610000
111.000040,0.028087,0.083805,-2.170000,-1.390000
111.100036,0.033294,0.095015,-2.070000,-0.820000
111.200002,0.018915,0.093014,-1.700000,-0.240000
111.300021,0.004812,0.079777,-1.360000,0.030000
111.400006,-0.022577,0.058267,-1.270000,-0.030000
111.500001,-0.028272,0.043483,-1.600000,-0.330000
111.600002,-0.057206,0.019506,-1.960000,-0.620000
111.699975,-0.051515,0.023334,-1.990000,-0.880000
111.800001,-0.074840,0.021258,-1.830000,-1.070000
111.900005,-0.073226,0.027110,-1.780000,-1.320000
111.999983,-0.080282,0.010376,-1.990000,-1.460000
112.099977,-0.080539,0.021964,-2.240000,-1.420000
112.200014,-0.077648,0.005403,-2.370000,-1.420000
112.300041,-0.086666,0.037239,-2.230000,-1.480000
112.400037,-0.075661,0.028374,-1.960000,-1.730000
112.500040,-0.063710,0.038638,-1.680000,-2.000000
112.600030,-0.038152,0.027171,-1.500000,-2.300000
112.699976,-0.027457,0.019767,-1.370000,-2.410000
112.799976,0.003066,0.024519,-1.610000,-2.230000
112.900001,0.005134,0.027897,-2.000000,-1.840000
113.000003,0.031529,0.028534,-2.390000,-1.470000
113.100001,0.022204,0.000786,-2.330000,-1.130000
113.200001,0.033209,0.001590,-2.090000,-0.740000
113.299999,0.019538,0.011163,-1.900000,-0.650000
113.400012,-0.017587,0.013350,-1.770000,-0.720000
113.500038,0.002814,0.027460,-1.880000,-0.820000
113.599981,0.003662,0.020096,-2.190000,-0.730000
113.699976,-0.011920,0.004548,-2.130000,-0.800000
113.799973,-0.023061,0.007243,-1.840000,-0.950000
113.899977,-0.020407,0.007518,-1.670000,-1.100000
114.000014,-0.035883,0.000117,-1.790000,-1.310000
114.100001,-0.046698,0.010814,-2.180000,-1.570000
114.199973,-0.076602,-0.005683,-2.170000,-2.040000
114.300015,-0.037586,-0.024602,-2.000000,-2.350000
114.400006,-0.051912,0.008051,-2.010000,-2.370000
114.500006,-0.013236,0.000827,-2.100000,-2.380000
114.600010,-0.012621,-0.002827,-2.440000,-2.260000
114.700007,-0.000648,0.026492,-2.440000,-2.280000
114.800005,0.027007,-0.022343,-2.400000,-2.270000
114.899976,0.008774,0.035816,-2.520000,-2.250000
114.999975,0.041647,0.029588,-2.500000,-2.200000
115.100006,0.056046,-0.014847,-2.610000,-2.090000
115.199982,0.055475,0.030589,-2.740000,-1.840000
115.300015,0.052257,0.023139,-2.830000,-1.440000
115.399974,0.033292,0.025754,-2.710000,-1.520000
115.500030,0.041540,0.041517,-2.380000,-1.620000
115.600028,0.040195,0.027531,-2.160000,-1.740000
115.699978,0.032509,0.050388,-2.130000,-2.060000
115.800006,0.045528,0.047049,-2.070000,-2.300000
115.900024,0.041512,0.035673,-2.420000,-2.320000
116.000005,0.043304,0.070172,-3.040000,-1.940000
116.099974,0.063665,0.037327,-3.840000,-1.330000
116.199978,0.035153,0.061090,-4.540000,-0.800000
116.300008,0.007624,0.117847,-5.100000,-0.270000
116.400001,-0.022257,0.180938,-5.600000,0.110000
116.500005,-0.074782,0.223136,-5.940000,0.240000
116.600037,-0.124135,0.306090,-6.430000,0.290000
116.699976,-0.174145,0.403171,-6.870000,0.360000
116.800001,-0.214153,0.469647,-7.310000,0.550000
116.900032,-0.260484,0.502266,-7.570000,0.810000
117.000037,-0.317954,0.569811,-7.890000,1.130000
117.100038,-0.379194,0.645767,-8.400000,1.620000
117.200001,-0.421753,0.745632,-8.750000,1.810000
117.300012,-0.513406,0.863661,-9.240000,2.100000
117.400006,-0.605257,0.984072,-9.940000,2.450000
117.500011,-0.664270,1.078874,-10.160000,2.540000
117.600010,-0.706068,1.178419,-10.320000,2.850000
117.700010,-0.791615,1.299044,-10.750000,3.370000
117.800004,-0.848286,1.471713,-11.490000,4.210000
117.899980,-0.974408,1.586304,-12.080000,5.570000
118.000031,-1.078878,1.711317,-12.200000,6.330000
118.100009,-1.225248,1.898562,-12.500000,6.860000
118.200008,-1.339084,2.062110,-12.660000,7.200000
118.300041,-1.442677,2.202534,-13.030000,7.820000
118.399974,-1.577470,2.362411,-13.060000,8.260000
118.499981,-1.722375,2.550023,-12.850000,9.000000
118.599976,-1.861156,2.707808,-11.710000,9.360000
118.700002,-2.001652,2.842600,-10.830000,10.310000
118.800033,-2.174695,3.023041,-10.190000,11.440000
118.900032,-2.299576,3.118597,-9.660000,12.050000
119.000032,-2.438901,3.213486,-9.050000,11.900000
119.099991,-2.589064,3.384259,-8.320000,11.290000
119.200008,-2.632980,3.489951,-7.870000,11.050000
119.300015,-2.820397,3.567212,-7.080000,11.190000
119.399977,-2.927660,3.663820,-6.030000,11.570000
119.499973,-3.060817,3.716375,-5.260000,11.900000
119.599998,-3.155604,3.783255,-4.770000,11.820000
119.700001,-3.332939,3.810266,-4.220000,12.020000
119.799987,-3.445205,3.779317,-3.270000,11.540000
119.900037,-3.517494,3.841051,-2.870000,10.770000
120.000011,-3.676897,3.877586,-2.560000,9.710000
120.099973,-3.809635,3.846212,-2.550000,8.690000
120.199991,-3.821743,3.890125,-2.540000,8.360000
120.299983,-3.877704,3.835211,-2.640000,7.680000
120.399983,-3.947042,3.832146,-2.600000,6.370000
120.500022,-3.933740,3.821023,-2.590000,4.880000
120.600005,-3.928195,3.829830,-2.470000,3.290000
120.700014,-4.011387,3.869338,-2.140000,2.240000
120.800005,-4.001470,3.851670,-1.920000,1.410000
120.899978,-3.935894,3.788493,-1.800000,0.340000
120.999986,-3.866791,3.786091,-1.570000,-0.490000
121.099978,-3.816610,3.797737,-1.890000,-1.260000
121.200008,-3.779373,3.780279,-2.550000,-2.070000
121.300013,-3.689534,3.774920,-3.350000,-2.700000
121.399991,-3.643519,3.828741,-3.680000,-3.050000
121.500000,-3.518520,3.807889,-3.780000,-3.580000
121.599980,-3.400746,3.858231,-5.200000,-3.550000
121.700005,-3.344834,3.960428,-7.150000,-2.890000
121.799993,-3.300524,3.941234,-7.600000,-2.950000
121.900019,-3.188702,4.008014,-7.400000,-2.940000
122.000003,-3.096345,4.114837,-7.640000,-2.820000
122.099973,-3.087268,4.179885,-8.000000,-2.380000
122.199977,-3.023563,4.237639,-7.970000,-2.270000
122.300013,-3.053241,4.283524,-7.840000,-2.420000
122.399992,-2.998501,4.305397,-7.680000,-1.770000
122.500003,-2.961152,4.335790,-8.290000,-1.080000
122.600003,-3.000683,4.410294,-9.490000,-0.360000
122.700006,-3.019243,4.486488,-10.430000,-0.370000
122.799972,-3.027351,4.591171,-10.540000,-1.550000
122.900000,-3.048268,4.622393,-10.570000,-2.910000
123.000036,-3.040372,4.637589,-9.570000,-3.860000
123.100094,-2.977717,4.751431,-9.230000,-3.990000
123.200002,-2.950011,4.820354,-9.730000,-3.610000
123.300019,-2.872624,4.877388,-10.270000,-3.700000
123.400025,-2.831340,4.913670,-10.310000,-4.040000
123.500016,-2.821597,5.031190,-9.910000,-3.970000
123.600040,-2.798987,5.079916,-9.510000,-4.320000
123.700034,-2.734950,5.101996,-9.190000,-4.300000
123.800001,-2.697957,5.156732,-8.900000,-4.330000
123.900007,-2.646337,5.178321,-9.090000,-3.620000
124.000014,-2.547565,5.263495,-9.310000,-2.650000
124.100003,-2.546682,5.333261,-9.070000,-1.490000
124.199976,-2.585534,5.313038,-8.820000,-0.410000
124.299987,-2.512589,5.293986,-8.760000,0.430000
124.400003,-2.548814,5.356700,-9.010000,0.390000
124.500000,-2.618937,5.370764,-9.420000,0.190000
124.600039,-2.617896,5.396608,-9.930000,0.480000
124.700028,-2.634156,5.375648,-9.650000,0.560000
124.799972,-2.601727,5.418138,-9.340000,1.360000
124.900002,-2.611351,5.462700,-9.220000,2.100000
125.000029,-2.679675,5.477885,-8.870000,2.460000
125.100003,-2.736789,5.484561,-8.080000,2.380000
125.200000,-2.774256,5.468986,-7.270000,2.160000
125.300006,-2.883379,5.481079,-7.380000,1.680000
125.399993,-2.940956,5.453243,-7.920000,0.870000
125.500008,-2.929746,5.428928,-8.080000,0.150000
125.600000,-2.954248,5.427135,-7.780000,-0.090000
125.700010,-2.945004,5.444592,-7.530000,-0.180000
125.799973,-3.010217,5.441782,-7.580000,-0.230000
125.899973,-3.024245,5.416696,-7.090000,-0.750000
126.000008,-3.035080,5.491150,-6.550000,-0.850000
126.100001,-3.025983,5.447391,-5.940000,-0.780000
126.200001,-2.973752,5.405204,-4.260000,-0.940000
126.300013,-2.984713,5.347652,-2.200000,-1.420000
126.400006,-2.969548,5.229337,0.150000,-1.500000
126.499989,-2.880322,5.101365,1.580000,-1.130000
126.600025,-2.839900,5.031029,2.300000,-0.470000
126.700000,-2.874979,4.847581,4.060000,-0.360000
126.799972,-2.836073,4.628922,6.090000,-0.390000
126.900004,-2.785512,4.406760,7.770000,-0.310000
127.000039,-2.691117,4.262918,9.070000,-1.470000
127.099972,-2.686122,3.902156,10.900000,-2.210000
127.200001,-2.568951,3.606862,12.460000,-1.800000
127.299983,-2.493006,3.425510,13.390000,-0.830000
127.400034,-2.469687,3.096113,13.830000,-0.680000
127.500006,-2.328562,2.767624,14.130000,-0.060000
127.600007,-2.333712,2.433631,13.980000,-1.190000
127.700046,-2.196606,2.123055,12.820000,-2.390000
127.800035,-2.172548,1.820573,11.520000,-3.250000
127.899991,-2.129988,1.578516,10.200000,-2.130000
127.999988,-2.102582,1.310627,9.520000,-0.670000
128.099973,-2.110353,1.069796,9.710000,0.190000
128.199999,-2.098217,0.801455,10.750000,0.320000
128.300015,-2.065179,0.515118,13.120000,-0.540000
128.400006,-2.027930,0.190685,15.690000,-1.870000
128.500000,-1.963805,-0.154180,17.710000,-3.400000
128.600033,-1.891892,-0.501949,18.890000,-4.540000
128.700036,-1.767732,-0.869211,19.750000,-5.420000
128.799982,-1.666671,-1.225512,20.440000,-6.020000
128.899993,-1.547274,-1.596934,20.810000,-6.240000
128.999987,-1.410666,-1.974795,20.900000,-6.110000
129.100012,-1.299704,-2.363466,20.680000,-5.980000
129.199976,-1.159389,-2.741325,20.450000,-5.810000
129.300039,-1.103172,-3.075853,20.070000,-5.480000
129.400034,-0.983828,-3.440418,19.390000,-5.290000
129.500040,-0.903288,-3.760424,18.200000,-5.260000
129.599990,-0.826025,-4.091022,16.570000,-5.080000
129.699975,-0.768235,-4.369745,14.960000,-5.000000
129.800011,-0.700187,-4.632009,13.880000,-4.930000
129.899993,-0.649018,-4.867595,13.080000,-4.570000
130.000032,-0.631524,-5.048970,12.360000,-3.910000
130.100005,-0.558749,-5.271728,11.070000,-3.170000
130.199997,-0.530098,-5.434485,9.500000,-3.070000
130.299987,-0.526111,-5.588186,8.330000,-3.030000
130.400005,-0.510822,-5.698759,7.560000,-3.260000
130.500004,-0.473269,-5.753594,6.630000,-3.510000
130.600007,-0.405446,-5.869898,5.740000,-3.270000
130.700012,-0.381834,-5.910765,4.800000,-2.870000
130.800005,-0.397082,-5.946358,3.740000,-2.390000
130.900013,-0.361676,-5.957540,2.730000,-2.330000
131.000007,-0.374830,-5.967546,1.850000,-2.130000
131.100008,-0.368132,-5.965781,1.370000,-1.710000
131.199973,-0.358947,-5.954327,1.450000,-0.990000
131.300008,-0.375865,-5.936779,1.690000,-0.190000
131.400047,-0.384185,-5.928368,2.020000,0.480000
131.499987,-0.409256,-5.886260,2.340000,0.910000
131.599974,-0.447800,-5.891695,2.550000,1.140000
131.700021,-0.485558,-5.937759,2.650000,1.230000
131.799973,-0.537442,-5.948191,2.540000,1.400000
131.899974,-0.589810,-5.970582,2.230000,1.390000
132.000002,-0.615357,-5.990124,2.300000,1.610000
132.099998,-0.602484,-6.007603,2.640000,1.680000
132.199976,-0.695018,-6.002218,2.360000,1.970000
132.300021,-0.731497,-6.052923,1.710000,2.360000
132.400008,-0.727088,-6.045746,1.420000,2.390000
132.500003,-0.819005,-6.028534,1.400000,2.200000
132.600005,-0.847683,-6.042132,1.520000,1.920000
132.699986,-0.860963,-6.019126,1.590000,1.270000
132.800002,-0.917054,-6.054688,1.480000,0.990000
132.899988,-0.940611,-6.047518,1.310000,0.920000
133.000027,-0.984332,-6.084834,1.130000,0.850000
133.100036,-0.971196,-6.061315,1.190000,0.500000
133.200044,-1.018377,-6.087791,0.930000,0.240000
133.299997,-1.007592,-6.039270,0.850000,-0.220000
133.400023,-1.032955,-6.060485,0.710000,-0.490000
133.500032,-1.023579,-6.027146,0.560000,-0.630000
133.599980,-1.023184,-6.056289,0.520000,-0.710000
133.700043,-1.024912,-5.990596,0.560000,-0.660000
133.800004,-1.035605,-6.004032,0.620000,-0.500000
133.900020,-1.012746,-5.996113,0.510000,-0.460000
134.000030,-1.049274,-6.002137,0.490000,-0.330000
134.099981,-1.033307,-5.965310,0.480000,-0.480000
134.199972,-1.057586,-5.948093,0.190000,-0.590000
134.300038,-1.031935,-5.914460,0.120000,-0.910000
134.399995,-1.014701,-5.932117,0.030000,-1.030000
134.499978,-1.015405,-5.893839,-0.250000,-0.900000
134.600001,-0.989283,-5.914433,-0.360000,-0.700000
134.699992,-1.021127,-5.862033,-0.240000,-0.450000
134.800003,-1.000441,-5.860772,0.050000,-0.270000
134.900037,-1.017943,-5.832047,0.170000,-0.270000
135.000005,-1.002927,-5.836108,0.240000,-0.150000
135.099973,-1.030418,-5.846213,0.410000,-0.210000
135.199998,-1.029321,-5.807917,0.540000,-0.150000
135.300009,-1.060431,-5.821664,0.690000,-0.140000
135.399977,-1.064876,-5.789603,0.840000,-0.260000
135.500016,-1.046106,-5.822467,1.020000,-0.130000
135.600009,-1.044015,-5.823977,1.190000,-0.360000
135.699976,-1.014715,-5.788640,0.820000,-0.780000
135.799995,-1.011849,-5.789849,0.240000,-1.760000
135.899981,-0.990200,-5.771673,-0.330000,-2.860000
136.000005,-0.959035,-5.756351,-0.670000,-4.330000
136.099996,-0.891590,-5.676697,-0.920000,-5.670000
136.200002,-0.805071,-5.656895,-1.220000,-6.800000
136.300012,-0.702999,-5.581299,-1.570000,-7.730000
136.400009,-0.579386,-5.527122,-1.870000,-8.490000
136.500000,-0.483876,-5.438148,-2.350000,-9.090000
136.599976,-0.340806,-5.319810,-2.740000,-9.540000
136.700007,-0.201290,-5.213855,-2.840000,-10.220000
136.800010,-0.048652,-5.106911,-2.730000,-10.750000
136.900016,0.083673,-5.018886,-2.770000,-11.250000
136.999987,0.219187,-4.917115,-2.920000,-11.880000
137.100002,0.422223,-4.785846,-3.480000,-12.950000
137.200002,0.592025,-4.703657,-3.770000,-14.250000
137.300015,0.817490,-4.513198,-4.070000,-15.410000
137.400032,1.017978,-4.422518,-4.200000,-16.430000
137.500004,1.251791,-4.227720,-4.450000,-17.210000
137.600030,1.436550,-4.054854,-4.540000,-17.910000
137.699976,1.689641,-3.920075,-4.710000,-18.650000
137.800024,1.962628,-3.709138,-4.770000,-19.300000
137.900008,2.265608,-3.554502,-4.950000,-19.930000
138.000037,2.537749,-3.370500,-5.300000,-20.420000
138.100033,2.818933,-3.180066,-5.420000,-20.880000
138.199981,3.087414,-2.990552,-5.240000,-20.990000
138.300039,3.387543,-2.854262,-4.680000,-20.570000
138.399984,3.624162,-2.696141,-4.530000,-19.680000
138.499999,3.885217,-2.559196,-4.280000,-18.790000
138.600026,4.112797,-2.433522,-4.130000,-17.720000
138.700008,4.320691,-2.268117,-3.940000,-16.690000
138.799973,4.494781,-2.134884,-3.750000,-15.980000
138.899998,4.702624,-2.074797,-3.880000,-15.180000
139.000032,4.853295,-1.938721,-3.890000,-14.600000
139.100015,5.068021,-1.848383,-3.770000,-14.380000
139.199999,5.130174,-1.737405,-3.890000,-13.720000
139.300040,5.298961,-1.636514,-3.990000,-13.360000
139.399996,5.431990,-1.619103,-3.970000,-13.620000
139.499999,5.454567,-1.485177,-4.180000,-12.670000
139.600001,5.611735,-1.401868,-4.120000,-12.040000
139.699975,5.724296,-1.279012,-3.860000,-11.950000
139.800007,5.795252,-1.277627,-3.780000,-12.020000
139.899975,5.918241,-1.189891,-3.080000,-11.770000
140.000002,5.918381,-1.172810,-2.440000,-10.830000
140.100004,6.009953,-1.140405,-2.190000,-9.770000
140.200002,6.006925,-1.036171,-2.630000,-8.790000
140.300043,6.055516,-1.008451,-2.550000,-7.780000
140.400034,6.094765,-0.978965,-2.080000,-6.940000
140.500011,6.062344,-0.939965,-1.580000,-6.110000
140.599978,6.061533,-0.991798,-0.640000,-5.730000
140.700022,6.039065,-0.982878,-0.240000,-5.430000
140.799998,6.079568,-0.950640,-0.420000,-5.870000
140.899974,6.007544,-0.933369,-0.800000,-6.470000
141.000010,6.007598,-1.045314,-0.770000,-7.270000
141.100004,6.088131,-0.975117,-1.210000,-7.200000
141.200006,6.054739,-0.938893,-1.650000,-6.750000
141.299984,6.065165,-0.998271,-1.400000,-6.210000
141.399991,6.111680,-0.961608,-1.100000,-6.410000
141.499979,6.087563,-0.947391,-0.800000,-6.600000
141.600028,6.063232,-0.927796,-0.930000,-6.580000
141.700015,6.122966,-0.925855,-1.170000,-7.120000
141.799990,6.136650,-0.914879,-1.230000,-7.880000
141.900048,6.148004,-0.872461,-1.060000,-7.880000
142.000031,6.178816,-0.857303,-0.340000,-7.120000
142.100036,6.206488,-0.858639,0.290000,-5.830000
142.199994,6.182466,-0.827082,0.270000,-4.600000
142.300015,6.135600,-0.850376,-0.300000,-3.730000
142.400002,6.194612,-0.839228,-0.610000,-3.090000
142.500003,6.074387,-0.877850,-0.400000,-2.920000
142.600000,6.031559,-0.860015,0.220000,-3.170000
142.700004,6.065911,-0.811060,0.650000,-3.660000
142.799974,5.982570,-0.889187,1.490000,-4.720000
142.899982,6.062705,-0.949438,1.810000,-5.090000
143.000003,6.084248,-0.928596,1.780000,-4.500000
143.100007,6.019231,-0.995533,1.500000,-3.980000
143.200004,6.011561,-1.025416,1.680000,-3.700000
143.300008,6.035636,-1.010140,1.300000,-3.080000
143.400011,5.986370,-1.051426,0.880000,-2.790000
143.499981,5.961512,-1.144493,0.490000,-2.990000
143.600008,5.973367,-1.144539,0.270000,-3.580000
143.700005,5.905977,-1.116204,0.080000,-4.260000
143.800031,5.869586,-1.179294,-0.060000,-5.500000
143.900003,5.963807,-1.185863,-0.120000,-6.080000
144.000009,6.005099,-1.153856,-0.480000,-6.520000
144.099973,6.014583,-1.145226,-0.720000,-6.860000
144.200026,6.064274,-1.147687,-0.750000,-6.780000
144.300013,6.058641,-1.068993,-0.910000,-6.030000
144.399994,6.007306,-1.087290,-0.950000,-5.210000
144.500006,6.039691,-1.051429,-1.070000,-4.340000
144.600004,5.997319,-1.001932,-0.740000,-4.080000
144.700007,5.980612,-0.943251,-0.300000,-3.860000
144.799990,5.961078,-1.021877,-0.060000,-4.400000
144.900010,5.968029,-0.982955,0.050000,-4.640000
145.000007,5.899934,-1.008358,0.020000,-4.490000
145.100000,5.950858,-0.994143,-0.050000,-4.340000
145.200001,5.927394,-0.985100,0.170000,-3.970000
145.300010,5.823835,-1.083613,0.620000,-3.590000
145.400008,5.917034,-1.055480,0.540000,-3.810000
145.499975,5.818854,-1.065369,0.110000,-4.160000
145.600028,5.833479,-1.038619,-0.840000,-5.100000
145.699993,5.865971,-0.984615,-1.240000,-5.070000
145.799988,5.886595,-0.979783,-0.720000,-4.890000
145.899976,5.863845,-0.873019,-0.130000,-4.370000
146.000004,5.858722,-0.927089,0.610000,-3.800000
146.099973,5.801847,-0.933698,1.380000,-4.180000
146.199998,5.774069,-0.919309,1.880000,-4.720000
146.300044,5.817014,-0.963344,2.070000,-4.940000
146.400002,5.795871,-1.007849,1.950000,-5.080000
146.500003,5.856144,-0.991104,2.070000,-4.900000
146.600020,5.884505,-1.002881,2.060000,-4.430000
146.700009,5.839220,-1.053474,1.810000,-4.290000
146.800007,5.842970,-1.030107,1.530000,-3.870000
146.899973,5.885412,-1.091671,1.380000,-3.560000
147.000008,5.805727,-1.118164,1.560000,-3.860000
147.100021,5.793660,-1.070896,2.040000,-4.210000
147.200042,5.804799,-1.159893,2.650000,-5.550000
147.300025,5.912712,-1.141576,2.190000,-5.870000
147.400008,5.932367,-1.120217,1.750000,-5.880000
147.500000,5.961576,-1.166834,1.860000,-5.540000
147.599975,5.989754,-1.173032,1.790000,-4.990000
147.699980,5.951586,-1.147719,1.590000,-4.300000
147.800035,5.980786,-1.116939,1.640000,-4.120000
147.900029,5.926965,-1.137697,1.940000,-4.080000
148.000011,5.825695,-1.181184,1.650000,-4.160000
148.099978,5.811790,-1.213162,0.920000,-4.590000
148.200007,5.856341,-1.197940,0.210000,-4.820000
148.300039,5.825325,-1.196782,0.340000,-4.700000
148.400023,5.857660,-1.165811,0.950000,-4.530000
148.500020,5.822933,-1.110629,0.950000,-4.370000
148.600042,5.830987,-1.233791,1.120000,-4.270000
148.700011,5.827798,-1.222318,1.180000,-4.190000
148.800007,5.889897,-1.162289,1.390000,-4.450000
148.900002,5.854783,-1.212320,1.380000,-5.030000
148.999979,5.883185,-1.192929,0.860000,-5.420000
149.100029,5.841272,-1.158687,0.680000,-4.970000
149.199973,5.802023,-1.232746,0.400000,-4.900000
149.300018,5.882429,-1.197050,-0.050000,-5.040000
149.400009,5.785861,-1.214787,-0.340000,-5.320000
149.499974,5.770759,-1.212630,-0.610000,-5.580000
149.599999,5.795537,-1.106716,-0.190000,-5.500000
149.700004,5.728658,-1.118903,0.670000,-6.260000
149.800028,5.827520,-1.056065,0.930000,-6.740000
149.900003,5.796832,-1.208980,0.680000,-7.290000
149.999989,5.848855,-1.077289,0.170000,-7.140000
150.100006,5.823528,-1.057274,0.320000,-6.730000
150.199998,5.781225,-1.036996,0.460000,-6.230000
150.300010,5.826819,-1.030042,0.610000,-6.280000
150.400002,5.881650,-1.026652,0.780000,-6.200000
150.499978,5.942309,-1.040315,1.570000,-6.490000
150.600000,5.905591,-0.952340,2.500000,-6.630000
150.699976,5.815011,-1.021066,2.470000,-6.260000
150.800000,5.893197,-1.086092,1.880000,-5.970000
150.900003,5.921942,-1.076578,0.720000,-5.810000
150.999977,5.886504,-1.017789,-0.100000,-5.540000
151.100007,5.821577,-0.967540,-1.370000,-5.220000
151.199985,5.759222,-0.944298,-2.750000,-4.550000
151.300015,5.762170,-0.907709,-3.850000,-4.330000
151.400014,5.720160,-0.802097,-4.850000,-3.810000
151.500005,5.653741,-0.656864,-5.660000,-3.820000
151.599977,5.607580,-0.575336,-6.300000,-3.050000
151.700010,5.459391,-0.459413,-6.920000,-2.460000
151.799973,5.337850,-0.346524,-7.780000,-1.500000
151.900031,5.321363,-0.222439,-8.600000,-1.040000
152.000002,5.225128,-0.029907,-9.360000,-0.820000
152.100009,5.026148,0.128407,-10.150000,-0.410000
152.199981,4.934765,0.266061,-11.280000,-0.240000
152.299989,4.824646,0.438495,-12.090000,0.540000
152.399986,4.589086,0.566873,-12.700000,0.970000
152.499975,4.497241,0.809458,-13.860000,1.470000
152.599991,4.252279,0.951736,-14.660000,2.130000
152.699981,4.083221,1.209598,-15.480000,2.560000
152.800007,3.890555,1.336089,-16.370000,1.770000
152.900009,3.710730,1.666996,-17.610000,0.830000
153.000013,3.481905,1.822973,-19.510000,-0.380000
153.099979,3.370766,2.110394,-20.660000,-1.680000
153.199997,3.169646,2.443622,-21.030000,-2.330000
153.299991,3.053426,2.721413,-20.550000,-2.590000
153.400006,2.943125,2.975016,-20.220000,-2.920000
153.500012,2.789316,3.313178,-19.790000,-3.230000
153.599982,2.700617,3.575833,-19.290000,-3.330000
153.699981,2.613635,3.799542,-18.860000,-2.900000
153.800005,2.422089,4.062581,-18.270000,-2.320000
153.900002,2.375814,4.207679,-17.370000,-2.440000
154.000021,2.262187,4.443616,-17.140000,-2.480000
154.100006,2.082321,4.649355,-17.330000,-2.240000
154.199979,2.048135,4.832946,-16.880000,-1.790000
154.300020,1.939709,5.022460,-16.310000,-0.980000
154.400044,1.781155,5.145851,-15.850000,-0.310000
154.499981,1.718103,5.284327,-15.370000,-0.390000
154.600008,1.566926,5.480985,-14.880000,-0.280000
154.699985,1.412616,5.617241,-14.000000,-0.170000
154.800014,1.318675,5.695084,-13.170000,-0.110000
154.899996,1.227742,5.808877,-12.320000,-0.280000
154.999991,1.105306,5.874290,-11.530000,-1.010000
155.100035,1.083905,5.943274,-10.880000,-1.510000
155.200026,0.996026,6.004317,-10.190000,-1.510000
155.300011,0.975603,6.039025,-9.520000,-1.720000
155.400008,0.880190,6.070174,-8.350000,-2.190000
155.500011,0.877403,6.121131,-7.450000,-2.860000
155.599979,0.865374,6.121438,-6.910000,-3.870000
155.699982,0.792736,6.099356,-6.410000,-4.380000
155.800009,0.787990,6.106674,-6.160000,-4.600000
155.900005,0.838431,6.120250,-6.620000,-4.310000
156.000021,0.865208,6.112726,-7.020000,-4.230000
156.100041,0.792244,6.146755,-7.460000,-3.410000
156.200030,0.797460,6.156394,-7.690000,-3.000000
156.300128,0.729424,6.164493,-7.440000,-2.570000
156.400005,0.751752,6.204598,-7.190000,-2.730000
156.500035,0.693646,6.235782,-6.540000,-2.850000
156.600015,0.717881,6.226788,-6.180000,-3.130000
156.699982,0.685352,6.221950,-5.800000,-3.410000
156.799979,0.743975,6.204419,-5.660000,-3.800000
156.900007,0.705057,6.180344,-5.260000,-3.900000
157.000030,0.747600,6.135498,-5.060000,-4.100000
157.100012,0.686446,6.030228,-5.040000,-4.110000
157.200015,0.700226,6.037798,-4.850000,-4.100000
157.300019,0.755078,6.040084,-4.870000,-4.260000
157.399977,0.767012,6.000038,-5.360000,-4.510000
157.500020,0.764769,6.016627,-6.160000,-4.030000
157.600009,0.757832,6.041470,-6.260000,-3.970000
157.700004,0.717379,6.020732,-5.990000,-4.140000
157.800011,0.736961,6.001235,-5.890000,-4.150000
157.899997,0.800151,6.016742,-6.040000,-4.310000
157.999997,0.826306,5.991292,-5.750000,-4.570000
158.100018,0.748590,5.983777,-5.610000,-4.520000
158.200038,0.764335,5.977566,-5.790000,-4.090000
158.300021,0.833659,6.060723,-5.790000,-4.320000
158.400012,0.820253,6.021169,-5.580000,-4.310000
158.500007,0.793611,5.977090,-5.590000,-3.920000
158.599997,0.813252,5.964546,-5.810000,-3.950000
158.699984,0.822327,5.984492,-6.120000,-4.040000
158.800028,0.846559,5.975465,-5.700000,-3.650000
158.899985,0.824100,5.959732,-5.550000,-3.500000
159.000011,0.771729,5.929791,-5.460000,-3.730000
159.100006,0.742311,5.932690,-5.440000,-3.550000
159.200043,0.777609,5.971403,-5.280000,-3.830000
159.300037,0.847433,5.963544,-5.430000,-4.360000
159.399976,0.805818,5.959507,-5.750000,-4.930000
159.499992,0.780273,5.915325,-5.930000,-4.700000
159.600016,0.897728,5.926162,-6.250000,-4.290000
159.700013,0.870697,5.891233,-6.280000,-3.780000
159.800012,0.843552,5.928472,-6.130000,-3.080000
159.899992,0.845720,5.956725,-5.970000,-3.010000
159.999982,0.771998,5.909921,-6.030000,-3.400000
160.100003,0.821986,5.909483,-6.050000,-3.550000
160.200027,0.859278,5.902230,-5.320000,-2.850000
160.300043,0.751260,5.826339,-4.080000,-2.010000
160.400042,0.767093,5.842789,-3.910000,-0.520000
160.500017,0.781238,5.793777,-3.940000,0.490000
160.600008,0.663310,5.754675,-3.460000,1.270000
160.700038,0.572362,5.720060,-2.980000,2.050000
160.800003,0.509043,5.656948,-2.500000,2.910000
160.900027,0.411757,5.553238,-1.940000,3.490000
161.000013,0.317453,5.482795,-1.630000,4.270000
161.100012,0.200695,5.339629,-1.140000,5.160000
161.199979,0.083046,5.237288,-0.850000,6.170000
161.300014,-0.025695,5.169262,-0.500000,7.360000
161.400000,-0.218462,4.997421,-0.160000,8.690000
161.500016,-0.394784,4.859184,0.110000,9.850000
161.600008,-0.593397,4.723861,0.580000,10.600000
161.699982,-0.864749,4.524055,0.930000,11.120000
161.800011,-1.010247,4.378869,1.050000,11.800000
161.899978,-1.264136,4.267692,1.140000,12.170000
162.000028,-1.434639,4.070018,1.020000,13.190000
162.100016,-1.748289,3.887130,1.160000,14.190000
162.200031,-1.937144,3.790575,1.260000,15.170000
162.299996,-2.276809,3.526407,1.500000,15.540000
162.400022,-2.486574,3.375780,1.280000,15.570000
162.499980,-2.795438,3.193647,0.540000,15.540000
162.599979,-3.091752,3.066787,-0.110000,15.230000
162.700015,-3.327000,2.938068,-0.170000,14.660000
162.799981,-3.577248,2.791301,0.100000,14.010000
162.899998,-3.795392,2.680552,0.330000,12.840000
162.999990,-3.978406,2.486730,0.600000,11.720000
163.099981,-4.201947,2.434846,0.500000,10.890000
163.200013,-4.285611,2.313321,0.340000,10.530000
163.300024,-4.441330,2.206009,0.210000,10.610000
163.400106,-4.598208,2.052707,0.280000,11.040000
163.500023,-4.745229,2.012787,0.420000,11.560000
163.599990,-4.905568,1.854532,0.450000,11.800000
163.700006,-5.018391,1.699905,0.700000,11.430000
163.800011,-5.166601,1.659944,0.310000,11.180000
163.900028,-5.358439,1.510563,0.290000,10.920000
164.000008,-5.473526,1.376583,0.170000,10.610000
164.100034,-5.528322,1.261608,0.270000,9.930000
164.200008,-5.658295,1.208820,-0.160000,8.590000
164.300044,-5.767408,1.124535,-0.630000,7.240000
164.400016,-5.834242,1.003245,-1.210000,6.000000
164.500004,-5.837577,0.978925,-1.650000,5.250000
164.600037,-5.921024,0.900311,-1.800000,4.710000
164.700045,-5.929986,0.881440,-2.430000,4.220000
164.800009,-5.930830,0.855774,-2.830000,3.530000
164.900005,-5.968356,0.817121,-3.450000,3.060000
165.000058,-5.992246,0.787988,-3.320000,2.780000
165.099995,-5.967171,0.840254,-3.680000,2.970000
165.199979,-5.986233,0.837084,-3.360000,3.150000
165.300019,-6.032143,0.814558,-3.250000,3.810000
165.399975,-5.981936,0.773290,-3.300000,3.850000
165.500056,-6.078276,0.823449,-3.490000,3.620000
165.600004,-6.095608,0.833559,-3.540000,3.290000
165.700010,-6.086465,0.767662,-3.480000,3.020000
165.800014,-6.150704,0.820505,-3.700000,2.790000
165.900005,-6.115453,0.790512,-3.560000,2.560000
166.000006,-6.121254,0.807306,-3.300000,2.360000
166.100018,-6.143075,0.810900,-3.140000,2.250000
166.199978,-6.154922,0.807451,-3.120000,2.060000
166.299991,-6.094496,0.756534,-3.400000,1.560000
166.400035,-6.116856,0.780648,-3.220000,1.010000
166.500010,-6.065998,0.790087,-3.330000,0.890000
166.600003,-6.090326,0.860776,-3.650000,0.520000
166.699981,-6.017630,0.840470,-4.350000,0.900000
166.799979,-6.013065,0.859317,-4.570000,1.420000
166.899980,-6.021615,0.900527,-4.290000,1.240000
166.999989,-6.021158,0.899649,-3.920000,1.350000
167.100009,-5.992049,0.885036,-3.510000,1.250000
167.199992,-6.017272,0.930572,-3.390000,1.380000
167.299998,-5.978225,0.908170,-2.440000,1.230000
167.400013,-5.919623,0.963531,-1.450000,0.440000
167.500037,-5.854093,0.929981,-0.600000,-1.280000
167.599995,-5.825717,0.886930,-0.330000,-2.340000
167.699986,-5.753399,0.855026,-0.350000,-2.480000
167.799971,-5.689337,0.809726,0.260000,-2.310000
167.899974,-5.589568,0.808907,0.870000,-2.820000
168.000017,-5.462129,0.726816,0.870000,-3.600000
168.100007,-5.381059,0.712988,0.410000,-4.460000
168.199988,-5.259883,0.714006,-0.080000,-5.070000
168.300021,-5.133107,0.640842,-0.070000,-5.890000
168.399995,-4.969091,0.653209,0.230000,-6.550000
168.500016,-4.832331,0.623068,0.520000,-7.370000
168.600043,-4.647738,0.655597,0.640000,-7.740000
168.700036,-4.513537,0.593243,0.850000,-8.290000
168.800006,-4.321081,0.553156,1.080000,-8.590000
168.900003,-4.143680,0.592082,1.270000,-9.260000
169.000011,-3.966467,0.551766,1.530000,-9.740000
169.099982,-3.758620,0.565587,2.290000,-10.080000
169.200004,-3.507670,0.487547,3.220000,-10.180000
169.300019,-3.328856,0.511403,3.870000,-10.350000
169.400007,-3.113792,0.427245,3.020000,-10.320000
169.499982,-2.907465,0.424856,2.230000,-10.480000
169.600005,-2.700749,0.416446,1.820000,-10.810000
169.699998,-2.463930,0.364867,2.130000,-11.240000
169.800019,-2.280731,0.353826,2.730000,-11.270000
169.900010,-2.065812,0.329514,3.100000,-10.760000
170.000014,-1.867924,0.304375,3.040000,-10.010000
170.100037,-1.704443,0.315233,2.910000,-9.450000
170.200005,-1.540283,0.277630,2.830000,-9.090000
170.300012,-1.353267,0.227595,2.900000,-9.070000
170.400002,-1.191278,0.194235,2.870000,-9.050000
170.499980,-1.041702,0.179960,2.850000,-8.840000
170.600015,-0.904693,0.158364,2.770000,-8.650000
170.700017,-0.743830,0.108545,2.540000,-8.440000
170.799980,-0.599431,0.099205,2.280000,-8.100000
170.900004,-0.475988,0.074372,2.060000,-7.670000
170.999983,-0.328465,0.019686,1.830000,-7.270000
171.100037,-0.247709,0.018846,1.480000,-6.590000
171.200004,-0.164235,-0.003131,1.230000,-6.190000
171.300000,-0.047869,-0.020391,1.100000,-5.750000
171.400013,0.009522,-0.038868,0.990000,-5.190000
171.499973,0.065049,-0.064658,0.810000,-4.690000
171.599985,0.131780,-0.093504,0.650000,-4.100000
171.699981,0.195357,-0.102039,0.260000,-3.410000
171.800034,0.209605,-0.145378,-0.170000,-2.700000
171.899974,0.216368,-0.120732,-0.630000,-2.240000
171.999988,0.248071,-0.123142,-0.970000,-1.900000
172.100005,0.215469,-0.129754,-1.170000,-1.520000
172.199995,0.242885,-0.136513,-1.320000,-1.450000
172.300020,0.234302,-0.128204,-1.450000,-1.560000
172.400020,0.233643,-0.115149,-1.950000,-1.620000
172.500032,0.222867,-0.117388,-2.440000,-1.550000
172.600012,0.197738,-0.074859,-2.620000,-1.510000
172.700017,0.222190,-0.075927,-2.420000,-1.500000
172.799978,0.221575,-0.065570,-2.120000,-1.320000
172.899999,0.169435,-0.055484,-1.620000,-1.240000
172.999990,0.201256,-0.046226,-1.200000,-1.470000
173.100044,0.191032,-0.046669,-1.170000,-1.530000
173.200014,0.185562,-0.074879,-1.160000,-1.610000
173.300022,0.175821,-0.023511,-1.080000,-1.650000
173.399976,0.169694,-0.052874,-0.730000,-1.640000
173.500021,0.194412,-0.071322,-0.680000,-1.670000
173.600013,0.168068,-0.061719,-0.760000,-1.600000
173.700052,0.201978,-0.086114,-0.960000,-1.540000
173.800011,0.181357,-0.101656,-1.460000,-1.320000
173.900033,0.162984,-0.088464,-1.990000,-1.260000
174.000001,0.177638,-0.071022,-2.330000,-1.160000
174.099999,0.162971,-0.079320,-2.460000,-1.000000
174.200014,0.127209,-0.061198,-2.310000,-0.990000
174.300021,0.147232,-0.027793,-2.190000,-0.900000
174.400006,0.103394,-0.025030,-2.180000,-0.800000
174.500018,0.085642,-0.032628,-2.160000,-0.880000
174.600004,0.069357,0.005110,-2.070000,-1.020000
174.700034,0.074974,-0.025770,-1.950000,-1.150000
174.800038,0.066032,0.007204,-2.090000,-1.170000
174.899996,0.037646,0.026104,-2.120000,-1.030000
175.000031,0.046637,0.009555,-2.040000,-0.990000
175.100004,0.044525,0.001442,-1.960000,-0.870000
175.200009,0.018755,-0.005644,-2.000000,-1.030000
175.300042,0.002609,0.039048,-2.040000,-1.380000
175.400009,0.011934,0.024835,-1.920000,-1.630000
175.500027,0.017241,0.037734,-1.920000,-1.650000
175.599987,-0.005373,0.033773,-1.760000,-1.480000
175.700016,0.022478,0.079912,-1.730000,-1.100000
175.800035,-0.013204,0.043883,-1.730000,-0.840000
175.900031,0.014179,0.057768,-1.810000,-0.920000
175.999996,-0.038635,0.064205,-1.800000,-1.250000
176.100036,0.030966,0.063256,-1.830000,-1.530000
176.200079,-0.014263,0.055254,-1.800000,-1.680000
176.300036,0.010116,0.062003,-1.870000,-1.720000
176.400013,-0.001190,0.084704,-1.930000,-1.500000
176.500030,0.001596,0.073798,-1.950000,-1.290000
176.600010,0.006941,0.079761,-1.970000,-1.040000
176.700008,-0.024679,0.098968,-1.900000,-1.010000
176.799981,-0.025267,0.085102,-1.690000,-1.130000
176.899974,0.015269,0.085106,-1.460000,-1.280000
176.999998,-0.011781,0.062037,-1.400000,-1.430000
177.100022,0.015525,0.084564,-1.430000,-1.520000
177.200003,-0.011164,0.084950,-1.480000,-1.490000
177.299994,0.015380,0.115933,-1.590000,-1.260000
177.400042,0.003220,0.083854,-1.640000,-0.900000
177.500044,0.010721,0.083684,-1.630000,-0.670000
177.599973,-0.037108,0.096659,-1.610000,-0.660000
177.699977,-0.013003,0.077471,-1.560000,-0.620000
177.799979,-0.030262,0.073892,-1.650000,-0.500000
177.899977,-0.066064,0.068633,-1.550000,-0.510000
178.000033,-0.039226,0.069073,-1.450000,-0.480000
178.100033,-0.078620,0.038857,-1.410000,-0.490000
178.200005,-0.079991,0.091122,-1.470000,-0.650000
178.300019,-0.085731,0.049354,-1.360000,-0.900000
178.400004,-0.077611,0.031170,-1.370000,-1.250000
178.499997,-0.102930,0.052722,-1.370000,-1.580000
178.600005,-0.060557,0.040922,-1.460000,-1.740000
178.700012,-0.075948,0.015907,-1.630000,-1.870000
178.799978,-0.057370,0.033661,-1.800000,-2.060000
178.899975,-0.027162,0.047840,-1.860000,-2.330000
179.000011,-0.036589,0.042042,-1.840000,-2.580000
179.100015,0.000043,0.054221,-1.680000,-2.420000
179.200019,0.001361,0.097255,-1.780000,-2.030000
179.299981,0.015483,0.078317,-1.950000,-1.590000
179.400009,-0.001881,0.102230,-2.020000,-1.330000
179.500007,-0.003168,0.109573,-1.770000,-1.160000
179.600029,-0.000291,0.119369,-1.470000,-0.690000
179.699990,-0.028007,0.091830,-1.330000,-0.520000
179.800010,-0.023868,0.089653,-1.070000,-0.630000
179.899988,-0.018953,0.077182,-0.810000,-0.910000
180.000038,-0.048218,0.031034,-0.760000,-1.010000
180.100006,-0.047882,0.047475,-0.980000,-1.190000
180.200005,-0.041562,0.048168,-1.020000,-1.380000
180.300015,-0.037338,0.024266,-1.020000,-1.650000
180.400008,-0.054674,-0.007588,-0.880000,-2.070000
180.500005,-0.026184,-0.015288,-1.150000,-2.340000
180.599999,0.013086,-0.016963,-1.340000,-2.370000
180.700017,0.034870,-0.037313,-1.690000,-2.300000
180.800006,0.012255,-0.011961,-1.900000,-2.350000
180.900040,0.036447,-0.031622,-2.210000,-2.330000
181.000033,0.064503,0.018064,-2.520000,-2.030000
181.099981,0.064755,0.007019,-2.610000,-1.750000
181.200023,0.042510,0.036770,-2.480000,-1.610000
181.300007,0.063038,0.051687,-2.290000,-1.590000
181.400024,0.047515,0.040159,-2.320000,-1.410000
181.500067,0.039977,0.087628,-2.310000,-1.170000
181.599983,0.037542,0.068347,-2.130000,-0.960000
181.700015,0.047611,0.090889,-2.030000,-0.990000
181.800009,0.023478,0.066524,-2.030000,-1.020000
181.900002,0.012851,0.085038,-2.160000,-1.150000
182.000033,0.015947,0.070385,-2.090000,-1.120000
182.100040,0.025044,0.059055,-1.930000,-0.960000
182.200007,-0.016247,0.082222,-1.840000,-0.830000
182.300012,0.001687,0.053123,-1.820000,-0.840000
182.400003,-0.008765,0.081423,-1.960000,-0.680000
182.500043,-0.021634,0.057548,-2.070000,-0.690000
182.600049,-0.052541,0.091138,-2.030000,-0.690000
182.700048,-0.055470,0.065409,-1.730000,-0.730000
182.800009,-0.060642,0.036048,-1.470000,-0.910000
182.900002,-0.074583,0.060578,-1.310000,-1.240000
183.000000,-0.057803,0.043715,-1.100000,-1.890000
183.099982,-0.038460,0.045845,-1.170000,-2.180000
183.199979,-0.042826,0.039762,-1.330000,-2.030000
183.300012,-0.020082,0.022022,-1.470000,-1.770000
183.400001,-0.010578,0.029827,-1.490000,-1.540000
183.500030,-0.001684,-0.014511,-1.480000,-1.460000
183.600002,0.005686,-0.008869,-1.570000,-1.310000
183.700023,-0.007202,-0.013259,-1.710000,-1.220000
183.800010,0.015612,0.010046,-1.850000,-1.170000
183.899998,-0.039410,-0.027021,-1.900000,-1.170000
184.000001,-0.014275,-0.019847,-1.940000,-1.300000
184.099975,-0.046356,0.003746,-1.980000,-1.600000
184.200005,0.020141,-0.007337,-1.920000,-1.700000
184.300005,-0.031126,0.000078,-1.890000,-1.590000
184.400011,-0.020453,-0.014218,-1.930000,-1.430000
184.499987,-0.025427,0.006587,-1.980000,-1.620000
184.600031,-0.004694,0.015443,-2.090000,-1.860000
184.700020,-0.015243,0.002026,-2.110000,-2.280000
184.800013,-0.003543,0.001735,-2.100000,-2.490000
184.899988,0.016884,0.012799,-2.010000,-2.440000
185.000017,0.057871,0.008615,-2.080000,-2.230000
185.099981,0.024296,0.032651,-2.170000,-1.790000
185.199994,0.034924,0.018772,-2.120000,-1.770000
185.300023,0.048953,0.076472,-1.990000,-1.600000
185.400007,0.034669,0.037466,-1.840000,-1.410000
185.500031,0.045600,0.046884,-1.790000,-1.100000
185.600007,0.020445,0.043415,-1.540000,-0.970000
185.700007,0.042201,0.035463,-1.320000,-1.150000
185.799994,0.035644,0.026407,-1.060000,-1.110000
185.900042,0.044753,0.012831,-1.150000,-1.370000
186.000037,0.046984,-0.006942,-1.140000,-1.320000
186.100008,0.012387,-0.032070,-0.710000,-0.870000
186.199982,0.029611,-0.030670,-0.250000,-0.100000
186.300020,0.023866,-0.073336,-0.440000,0.130000
186.399977,-0.011690,-0.095737,-0.820000,0.060000
186.499981,-0.006065,-0.093297,-1.270000,-0.280000
186.600001,-0.019133,-0.134099,-1.550000,-0.700000
186.699982,-0.030785,-0.127002,-1.920000,-0.950000
186.800041,-0.048135,-0.133896,-2.330000,-1.260000
186.900022,-0.012213,-0.121813,-2.330000,-1.280000
187.000031,-0.036769,-0.123140,-1.410000,-0.620000
187.100033,-0.061914,-0.177485,0.170000,0.750000
187.200011,-0.110560,-0.228490,1.830000,2.480000
187.300007,-0.121760,-0.320442,3.490000,4.430000
187.400009,-0.224947,-0.453630,4.800000,6.020000
187.500000,-0.310775,-0.628185,5.590000,6.870000
187.600002,-0.429266,-0.761361,5.830000,7.100000
187.699975,-0.516161,-0.951573,5.840000,6.950000
187.799985,-0.603514,-1.111253,5.700000,6.680000
187.899999,-0.694366,-1.272918,5.810000,6.800000
187.999978,-0.821168,-1.426396,6.010000,6.850000
188.099976,-0.888972,-1.597051,6.100000,6.830000
188.200008,-0.971897,-1.787849,6.030000,6.730000
188.300051,-1.075375,-1.942902,5.900000,6.600000
188.400002,-1.150679,-2.087090,5.780000,6.270000
188.500001,-1.246319,-2.215024,5.740000,6.030000
188.600028,-1.286802,-2.381644,5.760000,5.830000
188.700039,-1.362286,-2.536047,5.800000,5.820000
188.800011,-1.412465,-2.692653,5.900000,5.740000
188.900001,-1.489721,-2.839211,6.120000,5.690000
189.000021,-1.535688,-2.962978,6.430000,5.710000
189.099975,-1.569956,-3.146373,6.400000,5.870000
189.200039,-1.658157,-3.295949,6.120000,6.060000
189.300046,-1.729296,-3.425365,5.920000,6.190000
189.399996,-1.740493,-3.560257,5.930000,6.030000
189.499985,-1.821764,-3.706360,5.860000,6.030000
189.599993,-1.886985,-3.825977,5.920000,5.800000
189.700010,-1.919807,-3.949430,5.890000,5.680000
189.800001,-1.963707,-4.101574,6.020000,5.650000
189.900026,-2.039982,-4.209952,6.350000,5.630000
190.000014,-2.103611,-4.304032,6.570000,5.900000
190.099978,-2.108513,-4.443881,6.660000,6.190000
190.199973,-2.177074,-4.588013,6.740000,6.460000
190.300007,-2.217439,-4.734929,6.930000,6.470000
190.400031,-2.256020,-4.869139,7.000000,6.310000
190.499989,-2.305212,-5.043574,7.080000,6.130000
190.599974,-2.340082,-5.174549,7.400000,5.790000
190.700022,-2.370509,-5.303321,7.540000,5.640000
190.800050,-2.383438,-5.425075,7.610000,5.710000
190.899988,-2.427501,-5.564683,7.550000,5.900000
191.000006,-2.531599,-5.662540,7.420000,5.990000
191.100002,-2.566371,-5.818700,7.740000,5.540000
191.200005,-2.587637,-5.934352,7.640000,4.830000
191.300011,-2.599264,-6.037192,7.250000,3.830000
191.400002,-2.551642,-6.171402,6.730000,3.120000
191.499978,-2.554933,-6.309004,6.410000,3.040000
191.600015,-2.549399,-6.406600,6.190000,2.650000
191.700006,-2.532030,-6.470529,5.600000,2.190000
191.800031,-2.522843,-6.486534,4.600000,1.430000
191.900026,-2.524812,-6.495925,3.260000,0.830000
192.000009,-2.473818,-6.438248,2.060000,0.420000
192.100000,-2.453771,-6.461296,1.360000,0.010000
192.199998,-2.416337,-6.380481,0.490000,-0.160000
192.300016,-2.412994,-6.337632,-0.450000,-0.830000
192.400008,-2.328452,-6.276564,-1.480000,-1.510000
192.500015,-2.285312,-6.174191,-2.470000,-2.600000
192.599973,-2.239460,-6.081280,-3.020000,-3.600000
192.700032,-2.166230,-6.000268,-3.020000,-3.960000
192.800004,-2.100891,-5.842990,-2.870000,-3.870000
192.899987,-2.014855,-5.724838,-3.120000,-3.280000
193.000045,-1.958105,-5.637195,-3.350000,-2.550000
193.100049,-1.931149,-5.496977,-3.420000,-1.760000
193.199973,-1.852312,-5.434707,-3.260000,-1.190000
193.299993,-1.832946,-5.307559,-3.230000,-1.080000
193.400002,-1.821725,-5.132708,-3.530000,-0.990000
193.499994,-1.765928,-5.071317,-3.620000,-1.500000
193.600009,-1.812853,-4.978638,-3.920000,-1.340000
193.700003,-1.797332,-4.896026,-3.490000,-1.270000
193.800001,-1.791026,-4.736228,-3.660000,-0.500000
193.900032,-1.736185,-4.627843,-3.680000,-0.630000
194.000002,-1.776398,-4.556499,-3.910000,-0.780000
194.099985,-1.723187,-4.431253,-4.150000,-1.080000
194.200007,-1.728535,-4.302024,-4.730000,-1.220000
194.299984,-1.733072,-4.213721,-4.640000,-1.160000
194.399990,-1.705945,-4.069648,-4.770000,-0.970000
194.500000,-1.710679,-3.990759,-4.530000,-1.030000
194.600038,-1.701021,-3.849811,-4.560000,-0.740000
194.700012,-1.739982,-3.757383,-4.840000,-1.470000
194.800028,-1.675470,-3.600996,-5.680000,-2.200000
194.900011,-1.655829,-3.534280,-6.370000,-2.710000
195.000018,-1.641669,-3.422040,-7.060000,-3.130000
195.100011,-1.610410,-3.252581,-7.370000,-3.530000
195.200004,-1.608301,-3.084654,-7.880000,-3.680000
195.300012,-1.538927,-2.956303,-7.790000,-4.120000
195.400005,-1.507702,-2.785047,-7.590000,-4.490000
195.499985,-1.503164,-2.626853,-7.370000,-4.230000
195.599987,-1.469793,-2.520594,-7.310000,-3.890000
195.699997,-1.419903,-2.379566,-7.090000,-3.730000
195.799986,-1.398168,-2.223949,-7.020000,-3.460000
195.899995,-1.366951,-2.088794,-6.890000,-3.410000
195.999986,-1.331649,-1.972632,-6.830000,-3.560000
196.100001,-1.305022,-1.881246,-6.980000,-3.800000
196.200007,-1.262064,-1.774639,-7.130000,-3.840000
196.299981,-1.238483,-1.659703,-6.980000,-3.670000
196.399994,-1.218015,-1.554759,-6.260000,-3.250000
196.499986,-1.185883,-1.474887,-5.390000,-2.770000
196.600001,-1.196859,-1.394432,-4.960000,-2.430000
196.700004,-1.180169,-1.289323,-5.070000,-2.270000
196.799981,-1.173188,-1.231766,-5.290000,-2.400000
196.900003,-1.152543,-1.160558,-5.200000,-2.530000
197.000016,-1.147610,-1.085354,-4.510000,-2.200000
197.100006,-1.126593,-1.052163,-2.670000,-1.370000
197.199973,-1.159598,-1.044226,-0.550000,-0.150000
197.300039,-1.134912,-1.055779,0.640000,0.830000
197.400043,-1.158960,-1.139550,1.210000,1.300000
197.500009,-1.159861,-1.181174,1.370000,0.840000
197.599987,-1.181823,-1.234302,0.820000,-0.080000
197.700029,-1.173058,-1.259913,-0.240000,-1.120000
197.800006,-1.157580,-1.283778,-1.570000,-2.030000
197.900005,-1.126766,-1.244095,-2.650000,-2.860000
197.999985,-1.090254,-1.211616,-3.610000,-3.610000
198.099979,-1.036429,-1.145579,-4.370000,-4.670000
198.200003,-1.017809,-1.076520,-4.980000,-5.690000
198.299979,-0.960604,-0.953199,-4.890000,-6.770000
198.400002,-0.889342,-0.844094,-4.100000,-7.550000
198.500032,-0.830072,-0.756647,-3.210000,-8.280000
198.599989,-0.689814,-0.664796,-2.470000,-8.740000
198.700001,-0.607846,-0.583291,-2.150000,-8.500000
198.799975,-0.519885,-0.515746,-1.910000,-7.850000
198.900006,-0.405156,-0.448027,-1.630000,-6.850000
199.000011,-0.345732,-0.409594,-1.500000,-5.960000
199.099975,-0.263182,-0.368085,-1.660000,-5.060000
199.200032,-0.193227,-0.359803,-2.020000,-4.220000
199.300045,-0.153425,-0.319478,-2.410000,-3.490000
199.400002,-0.133771,-0.310682,-2.810000,-2.850000
199.500001,-0.096388,-0.284797,-3.030000,-2.230000
199.600009,-0.098769,-0.273739,-3.170000,-1.810000
199.700001,-0.077248,-0.249384,-3.290000,-1.440000
199.800007,-0.048992,-0.242206,-3.200000,-1.290000
199.899973,-0.070428,-0.230729,-3.080000,-1.150000
200.000023,-0.073647,-0.214250,-2.990000,-1.050000
200.100012,-0.056048,-0.200541,-2.860000,-1.100000
200.199998,-0.070744,-0.213938,-2.700000,-1.100000
200.299987,-0.072057,-0.197721,-2.570000,-1.090000
200.399994,-0.055109,-0.211177,-2.490000,-1.060000
200.499974,-0.049482,-0.216281,-2.640000,-1.190000
200.600026,-0.054225,-0.176411,-2.790000,-1.340000
200.699997,-0.028544,-0.171253,-3.090000,-1.550000
200.800005,-0.041674,-0.179874,-3.400000,-1.610000
200.900006,-0.016836,-0.133728,-3.750000,-1.310000
200.999982,0.003387,-0.122386,-4.220000,-1.130000
201.100004,-0.003343,-0.077510,-4.580000,-0.920000
201.200004,0.015669,-0.039628,-4.940000,-0.900000
201.300013,0.006445,0.022364,-4.940000,-0.890000
201.400033,0.018777,0.053005,-4.880000,-0.980000
201.500009,0.023836,0.103517,-4.690000,-0.850000
201.600008,0.037212,0.119619,-4.560000,-0.710000
201.700002,0.046492,0.133001,-4.280000,-0.490000
201.800034,0.061628,0.162915,-4.210000,-0.250000
201.899985,0.025227,0.175387,-4.120000,0.030000
202.000010,0.022996,0.229139,-3.700000,0.250000
202.100030,0.008024,0.248159,-3.050000,0.250000
202.200005,-0.012642,0.235835,-2.470000,0.000000
202.300038,-0.015650,0.229582,-2.100000,-0.330000
202.400005,-0.007049,0.228710,-2.060000,-0.600000
202.500015,0.000759,0.226404,-2.150000,-0.880000
202.600005,-0.031625,0.226633,-2.090000,-1.030000
202.700005,-0.037231,0.232427,-2.030000,-1.190000
202.800051,-0.021445,0.226181,-1.800000,-1.220000
202.899990,0.001838,0.195801,-1.620000,-1.150000
203.000047,0.014530,0.169629,-1.470000,-1.110000
203.100020,0.014801,0.128291,-1.310000,-1.060000
203.199991,0.002515,0.084978,-1.130000,-0.930000
203.300020,0.006288,0.071525,-1.100000,-0.870000
203.400016,-0.001667,0.054709,-1.150000,-0.870000
203.500013,0.005916,0.049820,-1.180000,-0.800000
203.600007,0.002569,0.040310,-1.060000,-0.920000
203.700008,-0.003466,0.003717,-0.750000,-1.140000
203.799995,-0.008063,-0.001718,-0.730000,-1.230000
203.900006,-0.008046,-0.040939,-0.910000,-1.240000
204.000008,0.009108,-0.044204,-1.080000,-1.200000
204.100005,0.007176,-0.091340,-1.170000,-1.070000
204.199988,0.005920,-0.082067,-1.280000,-0.940000
204.300019,0.010360,-0.099142,-1.400000,-0.820000
204.399994,0.027362,-0.091152,-1.400000,-0.640000
204.500044,0.019023,-0.122555,-1.270000,-0.450000
204.600030,-0.014368,-0.133728,-1.220000,-0.240000
204.700009,-0.030591,-0.117560,-1.160000,-0.180000
204.800012,-0.034355,-0.165650,-1.290000,-0.480000
204.900003,-0.044475,-0.150802,-1.660000,-0.840000
205.000031,-0.066700,-0.130416,-1.760000,-1.200000
205.100038,-0.058816,-0.167946,-2.020000,-1.350000
205.199978,-0.042665,-0.178466,-2.030000,-1.310000
205.300017,-0.042416,-0.187433,-2.060000,-1.250000
205.400009,-0.055749,-0.157967,-1.910000,-1.150000
205.500040,-0.030669,-0.173718,-1.850000,-1.350000
205.599972,-0.026416,-0.189164,-1.930000,-1.290000
205.699979,-0.017279,-0.177301,-2.210000,-1.020000
205.800099,-0.025607,-0.181689,-2.280000,-0.990000
205.899999,-0.026338,-0.167723,-2.430000,-0.720000
205.999982,-0.020626,-0.185414,-2.340000,-0.690000
206.100017,-0.007284,-0.142230,-2.290000,-0.680000
206.200010,-0.027761,-0.159381,-2.090000,-0.550000
206.300010,-0.060682,-0.193930,-2.000000,-0.540000
206.400007,-0.066598,-0.137654,-2.140000,-0.560000
206.500013,-0.084732,-0.131389,-2.250000,-0.680000
206.600027,-0.058432,-0.165353,-2.300000,-1.020000
206.700022,-0.065885,-0.133112,-2.490000,-1.340000
206.800036,-0.043781,-0.100538,-2.480000,-1.910000
206.899975,-0.044017,-0.111615,-2.770000,-2.060000
207.000007,-0.023059,-0.156618,-2.860000,-2.220000
207.100002,-0.053612,-0.138452,-2.980000,-1.930000
207.200005,-0.035596,-0.092835,-2.920000,-1.590000
207.300024,-0.007573,-0.083012,-2.750000,-1.360000
207.400005,0.013159,-0.080106,-2.680000,-1.370000
207.500009,0.020980,-0.074789,-2.980000,-1.520000
207.600009,0.037592,-0.061393,-3.600000,-1.700000
207.700018,0.021793,-0.047054,-3.970000,-1.750000
207.800006,0.031788,0.002234,-3.800000,-1.470000
207.899972,0.060051,-0.003938,-2.930000,-1.510000
208.000032,0.081069,-0.006103,-2.240000,-1.490000
208.100004,0.075707,-0.016866,-2.040000,-1.460000
208.199999,0.045539,-0.017637,-2.190000,-1.170000
208.300007,0.048083,-0.000992,-2.170000,-1.050000
208.400035,0.035532,0.008838,-2.050000,-1.140000
208.499981,0.058561,0.026598,-1.790000,-1.180000
208.599998,0.080837,0.021258,-1.600000,-1.410000
208.700033,0.035182,-0.021212,-1.440000,-1.690000
208.800031,0.029386,-0.028698,-1.420000,-1.860000
208.900035,0.055260,-0.017587,-1.410000,-1.660000
209.000029,0.083810,-0.026544,-1.450000,-1.320000
209.100027,0.057033,-0.073198,-1.410000,-1.360000
209.200004,0.010123,-0.059392,-1.640000,-1.590000
209.300013,0.029503,-0.030135,-1.810000,-1.990000
209.399977,0.027004,-0.066499,-1.810000,-2.510000
209.500016,0.075088,-0.040857,-1.780000,-2.800000
209.599999,0.098654,-0.077440,-1.770000,-2.710000
209.699980,0.111933,-0.041249,-1.950000,-2.160000
209.800025,0.109258,-0.053660,-1.990000,-2.040000
209.900004,0.135153,-0.013114,-1.800000,-1.780000
209.999980,0.143169,-0.041030,-1.280000,-2.220000
210.099976,0.191682,-0.051567,-0.830000,-2.240000
210.200004,0.130154,-0.092706,-0.510000,-2.040000
210.300016,0.179236,-0.078888,-0.700000,-1.470000
210.400007,0.149437,-0.086473,-0.870000,-0.890000
210.499975,0.154393,-0.092121,-0.980000,-0.300000
210.600017,0.127995,-0.128145,-1.170000,-0.080000
210.699975,0.094444,-0.101293,-1.220000,0.050000
210.800027,0.091241,-0.095504,-1.450000,0.070000
210.899989,0.064420,-0.150378,-1.520000,-0.060000
211.000004,0.009398,-0.134249,-1.470000,-0.310000
211.100032,0.033405,-0.127892,-1.410000,-0.830000
211.199973,-0.011604,-0.114960,-1.350000,-1.040000
211.300015,-0.011515,-0.095898,-1.450000,-1.120000
211.399993,-0.024704,-0.148704,-1.630000,-1.200000
211.500012,-0.037617,-0.103154,-1.810000,-1.110000
211.599974,-0.017107,-0.120136,-2.340000,-1.200000
211.699980,-0.050182,-0.102116,-2.740000,-1.350000
211.800009,-0.003564,-0.111220,-3.040000,-1.640000
211.900000,-0.021220,-0.088985,-2.960000,-1.730000
212.000033,0.007925,-0.071658,-2.910000,-1.670000
212.100037,-0.010522,-0.113185,-2.700000,-1.600000
212.200029,-0.002549,-0.075334,-2.530000,-1.290000
212.300028,0.009479,-0.064564,-2.610000,-1.020000
212.400111,-0.046336,-0.028202,-2.550000,-0.740000
212.500003,-0.012381,-0.024088,-2.500000,-0.640000
212.600039,-0.014377,-0.033048,-2.630000,-0.860000
212.699999,-0.054730,-0.006423,-2.630000,-1.040000
212.800037,-0.055594,0.003632,-2.390000,-1.370000
212.900010,-0.012798,0.013241,-2.010000,-1.960000
212.999990,-0.048824,-0.012447,-1.460000,-2.180000
213.100045,-0.041925,-0.005563,-1.480000,-2.130000
213.200014,-0.015853,-0.018610,-1.560000,-1.990000
213.300020,0.005109,-0.047294,-1.780000,-1.830000
213.400006,0.005189,-0.075536,-1.850000,-2.210000
213.500025,-0.008920,-0.080382,-1.810000,-2.760000
213.599998,0.015802,-0.031798,-1.900000,-2.940000
213.700021,0.049046,-0.011974,-2.090000,-3.060000
213.800015,0.052105,-0.058358,-2.240000,-2.660000
213.900006,0.042539,-0.066814,-2.420000,-2.010000
213.999982,0.072050,-0.064118,-2.440000,-1.480000
214.100013,0.097028,-0.057448,-2.380000,-1.280000
214.200005,0.095546,-0.057965,-2.620000,-1.150000
214.300018,0.085903,-0.085458,-2.630000,-1.410000
214.400024,0.053373,-0.134900,-2.160000,-2.050000
214.500005,0.034358,-0.065541,-2.220000,-1.960000
214.600008,0.048857,-0.042249,-2.540000,-1.670000
214.700032,0.061912,-0.039125,-2.860000,-1.420000
214.800010,0.069949,-0.004808,-3.090000,-1.220000
214.899972,0.049505,-0.020609,-3.240000,-1.320000
215.000009,0.028638,-0.044306,-3.410000,-1.540000
215.099997,0.020173,0.002989,-3.440000,-1.690000
215.199991,0.053803,0.009877,-3.050000,-1.910000
215.299986,0.060677,0.005871,-2.960000,-1.900000
215.399976,0.045374,-0.018321,-2.990000,-1.860000
215.500008,0.038772,0.010223,-3.000000,-1.870000
215.600008,0.057721,0.068619,-2.490000,-2.380000
215.700005,0.092624,0.057923,-1.990000,-2.690000
215.800009,0.117705,0.021434,-1.540000,-2.890000
215.900006,0.123020,0.004613,-1.850000,-2.450000
216.000010,0.134392,0.008294,-2.510000,-1.660000
216.100007,0.124577,-0.005630,-3.090000,-1.050000
216.200028,0.116927,0.010909,-3.250000,-0.860000
216.299996,0.108898,0.012738,-2.900000,-1.020000
216.399990,0.092623,0.026966,-2.570000,-1.300000
216.500008,0.052087,0.041251,-2.390000,-1.390000
216.600004,0.038844,0.020303,-1.870000,-1.540000
216.700011,0.013619,0.017569,-1.590000,-1.540000
216.800034,0.014469,0.007482,-1.480000,-1.530000
216.899985,0.014286,0.019262,-1.610000,-1.530000
216.999986,-0.003528,0.040392,-1.690000,-1.540000
217.100016,0.008251,0.035463,-1.920000,-1.710000
217.199999,0.041269,0.030489,-2.740000,-1.530000
217.300041,-0.006887,-0.015643,-3.190000,-1.390000
217.400034,-0.017397,0.025383,-3.120000,-1.380000
217.499986,0.023141,0.026484,-2.730000,-1.840000
217.600051,0.033701,0.018712,-2.330000,-2.360000
217.700019,0.077913,0.024297,-2.100000,-2.850000
217.799981,0.059623,-0.008860,-1.990000,-2.530000
217.900022,0.060451,0.021463,-2.050000,-1.880000
218.000008,0.039777,-0.018390,-1.890000,-1.500000
218.099981,0.049427,0.004392,-1.620000,-1.500000
218.199986,0.049492,-0.008252,-1.720000,-1.770000
218.300006,0.009202,0.001335,-1.710000,-2.090000
218.400040,0.061696,-0.018665,-1.690000,-2.240000
218.500033,0.045280,-0.084077,-1.770000,-2.230000
218.599986,0.055625,-0.063246,-1.940000,-1.900000
218.700043,0.046096,-0.093538,-1.980000,-1.900000
218.800005,0.020708,-0.042463,-2.250000,-1.800000
218.899973,0.052605,-0.044624,-2.490000,-1.800000
219.000036,0.009126,-0.025732,-2.570000,-1.820000
219.100013,0.037530,0.009511,-2.490000,-2.000000
219.199979,0.033782,-0.075899,-2.200000,-2.160000
219.300017,0.026779,-0.028164,-1.950000,-2.480000
219.400006,0.060263,-0.055720,-1.570000,-2.870000
219.500033,0.034012,-0.052715,-1.300000,-2.860000
219.600007,0.078643,-0.051312,-1.580000,-2.570000
219.699982,0.064536,-0.097359,-2.180000,-2.040000
219.800001,0.035708,-0.048162,-2.710000,-1.510000
219.900016,0.082729,-0.073167,-2.880000,-1.410000
220.000011,0.053780,-0.120123,-2.530000,-1.940000
220.100036,0.038331,-0.069207,-2.180000,-2.450000
220.200013,0.064363,-0.027632,-2.300000,-2.730000
220.299981,0.078731,-0.075607,-2.200000,-2.780000
220.400026,0.079851,-0.040184,-2.480000,-2.340000
220.499977,0.123512,-0.024356,-2.910000,-1.810000
220.600001,0.115087,-0.051663,-3.160000,-1.610000
220.700012,0.101240,-0.018907,-3.140000,-1.570000
220.799987,0.119626,0.020730,-3.040000,-1.780000
220.900015,0.091779,0.005739,-3.160000,-1.760000
221.000023,0.082747,0.020807,-3.340000,-1.750000
221.100008,0.108684,0.047746,-3.200000,-1.720000
221.200003,0.105329,0.022620,-2.700000,-1.790000
221.300045,0.111193,0.026229,-2.130000,-1.850000
221.400002,0.127561,0.026409,-1.860000,-1.680000
221.500041,0.129789,0.015703,-1.930000,-1.290000
221.600004,0.116296,-0.018184,-2.220000,-0.810000
221.700004,0.093066,0.021974,-2.480000,-0.370000
221.800047,0.084144,0.029033,-2.470000,-0.240000
221.900030,0.042594,0.003448,-2.330000,-0.220000
221.999986,0.015690,0.016627,-2.290000,-0.010000
222.100016,0.025123,0.007523,-2.330000,0.090000
222.200016,-0.026801,0.011838,-2.360000,0.010000
222.299982,-0.026365,0.015531,-2.250000,-0.240000
222.400006,-0.072445,-0.015949,-2.100000,-0.550000
222.499977,-0.046284,-0.006807,-2.100000,-0.780000
222.600000,-0.069361,-0.040565,-2.280000,-0.890000
222.700016,-0.062303,-0.008794,-2.640000,-0.860000
222.799975,-0.084799,-0.025888,-2.870000,-0.920000
222.900006,-0.075604,0.031656,-2.890000,-0.970000
223.000011,-0.083906,0.029289,-2.660000,-1.250000
223.100008,-0.079890,0.058097,-2.480000,-1.310000
223.200014,-0.068200,0.070069,-2.450000,-1.350000
223.299986,-0.075452,0.018770,-2.300000,-1.670000
223.400028,-0.088906,0.087513,-2.350000,-1.720000
223.500024,-0.040501,0.093237,-2.080000,-1.930000
223.600025,-0.056522,0.066762,-1.770000,-1.750000
223.700016,-0.045404,0.035045,-1.530000,-1.760000
223.800048,-0.030026,0.024495,-1.410000,-1.960000
223.900013,-0.043717,0.044093,-1.330000,-2.310000
224.000028,-0.010996,0.039998,-1.440000,-2.540000
224.099982,-0.003742,-0.011674,-1.620000,-2.260000
224.200007,0.018203,-0.019756,-1.640000,-1.740000
224.300017,0.025894,-0.044018,-1.840000,-1.160000
224.400004,0.018604,-0.028130,-2.140000,-0.720000
224.499995,0.012433,-0.037783,-2.180000,-0.760000
224.600007,-0.008861,-0.022593,-2.190000,-0.940000
224.700040,-0.000064,-0.031348,-2.150000,-1.360000
224.800007,-0.009973,-0.003398,-2.220000,-1.380000
224.900008,-0.030600,-0.001472,-2.210000,-1.450000
224.999985,-0.006519,0.000088,-2.120000,-1.460000
225.100017,-0.024348,-0.007729,-1.900000,-1.560000
225.200005,-0.024356,-0.021283,-1.870000,-1.550000
225.300016,-0.012914,-0.010336,-1.820000,-1.640000
225.399977,0.009102,-0.038379,-1.840000,-1.780000
225.500030,0.012711,-0.040669,-1.890000,-1.820000
225.600030,0.023181,-0.054070,-2.030000,-1.840000
225.700002,0.034993,-0.041594,-2.080000,-1.810000
225.800012,0.047491,-0.043042,-2.100000,-1.700000
225.900009,0.029303,-0.055712,-2.070000,-1.500000
225.999974,0.040714,-0.024024,-2.000000,-1.270000
226.099980,0.041099,-0.039837,-1.810000,-1.130000
226.200031,0.021829,-0.023230,-1.830000,-1.070000
226.299997,0.025001,-0.070690,-1.680000,-1.130000
226.400012,0.034713,-0.040436,-1.850000,-1.040000
226.499987,0.036882,-0.052622,-2.010000,-1.110000
226.600005,0.016434,-0.042744,-2.120000,-1.090000
226.700018,0.006698,-0.060840,-2.290000,-1.020000
226.800007,0.010534,-0.041466,-2.530000,-0.840000
226.899975,-0.006845,-0.020016,-2.700000,-0.870000
227.000007,-0.001640,-0.010999,-2.700000,-1.050000
227.100032,-0.011116,0.017689,-2.530000,-1.320000
227.200015,-0.007670,0.010785,-2.370000,-1.520000
227.300011,0.012207,0.034622,-2.270000,-1.490000
227.399980,0.009527,0.043726,-2.170000,-1.450000
227.500044,0.021120,0.029324,-2.160000,-1.350000
227.599978,0.023992,0.023297,-2.160000,-1.260000
227.700001,0.025473,0.018823,-2.140000,-1.250000
227.800037,0.035545,0.024625,-2.140000,-1.060000
227.900042,0.029421,-0.008037,-2.050000,-0.940000
228.000010,0.026943,0.000442,-2.050000,-0.780000
228.100007,0.010314,0.007780,-2.070000,-0.740000
228.200037,0.011272,0.018160,-2.070000,-0.670000
228.300013,0.017363,0.017676,-1.980000,-0.810000
228.400009,0.012917,0.029460,-1.950000,-0.880000
228.499988,0.005589,0.013312,-2.050000,-0.950000
228.599999,-0.018689,0.035224,-2.080000,-1.080000
228.700031,0.000859,0.040224,-2.070000,-1.150000
228.800038,-0.002243,0.024918,-1.990000,-1.270000
228.900003,0.016828,0.015230,-1.910000,-1.410000
228.999983,0.009803,0.002558,-1.840000,-1.620000
229.100022,0.027334,0.013493,-1.730000,-1.590000
229.200028,0.023767,0.005480,-1.730000,-1.450000
229.299991,0.035921,0.014913,-1.920000,-1.160000
229.399976,0.021573,0.029542,-1.970000,-0.950000
229.499983,0.040059,0.025201,-1.850000,-0.920000
229.599998,0.036193,0.001438,-1.770000,-0.960000
229.700034,0.043483,0.001006,-1.750000,-0.820000
229.800076,0.021397,0.007733,-1.720000,-0.630000
229.899995,0.026849,0.012444,-1.940000,-0.570000
230.000006,0.012436,0.014961,-2.080000,-0.550000
230.100015,0.002074,0.021974,-1.970000,-0.320000
230.200001,-0.008786,0.016134,-1.820000,-0.050000
230.300009,-0.026354,0.015457,-1.720000,-0.180000
230.399982,-0.034956,0.016766,-1.830000,-0.720000
230.500015,-0.037613,0.041427,-2.130000,-1.110000
230.600004,-0.044129,0.046531,-2.310000,-1.310000
230.700001,-0.027216,0.040441,-2.260000,-1.570000
230.799979,-0.017598,0.043772,-1.960000,-1.750000
230.900033,-0.017394,0.044852,-1.690000,-1.690000
231.000018,0.001798,0.046101,-1.390000,-1.410000
231.099999,0.001837,0.023044,-1.370000,-1.270000
231.200012,-0.001636,0.010963,-1.520000,-0.920000
231.300053,-0.008668,0.012690,-1.510000,-0.550000
231.400036,-0.011570,0.018818,-1.300000,-0.580000
231.500014,-0.021210,0.002260,-1.090000,-0.760000
231.600028,-0.031249,-0.007468,-0.930000,-0.930000
231.700005,-0.031577,-0.029942,-1.220000,-1.210000
231.800003,-0.044369,-0.026933,-1.750000,-1.470000
231.899979,-0.020308,-0.021281,-2.200000,-1.630000
231.999978,-0.029384,-0.013455,-2.690000,-1.580000
232.100008,0.000587,-0.010213,-2.730000,-1.500000
232.200041,0.004065,-0.009731,-2.410000,-1.340000
232.300048,0.009621,-0.005441,-2.080000,-1.240000
232.400006,-0.003321,0.011787,-2.100000,-1.160000
232.500002,0.019870,0.030577,-2.290000,-1.370000
232.599995,0.005884,0.031322,-2.250000,-1.790000
232.700029,0.017058,0.039944,-1.760000,-1.710000
232.800011,0.043789,0.046623,-1.540000,-1.470000
232.900000,0.026917,0.036505,-1.760000,-1.530000
232.999997,0.045212,0.050980,-2.030000,-1.870000
233.100023,0.068290,0.047143,-1.900000,-1.880000
233.200029,0.086419,0.038838,-1.310000,-1.540000
233.299996,0.091883,0.029994,-0.820000,-1.270000
233.400002,0.073734,0.020249,-0.860000,-0.940000
233.500011,0.077994,0.017347,-1.060000,-0.280000
233.600024,0.057456,0.001316,-1.200000,0.370000
233.700006,0.027622,-0.004043,-1.380000,0.420000
233.799976,0.024190,-0.011828,-1.430000,-0.150000
233.900037,0.012010,0.004177,-1.590000,-0.460000
234.000040,-0.012370,0.019667,-1.940000,-0.010000
234.100005,-0.019585,0.024886,-2.250000,0.450000
234.200013,-0.027915,0.020865,-2.360000,0.230000
234.300013,-0.033493,0.043896,-2.400000,-0.490000
234.399985,-0.051013,0.041338,-2.240000,-1.200000
234.500011,-0.070560,0.049238,-1.960000,-1.590000
234.599979,-0.063317,0.046858,-1.700000,-2.040000
234.700022,-0.021370,0.053857,-1.600000,-2.300000
234.800026,-0.016502,0.046801,-1.210000,-2.480000
234.900006,-0.008438,0.032204,-0.830000,-2.060000
234.999979,0.019047,0.042208,-0.590000,-1.440000
235.100011,0.031599,0.023449,-0.680000,-1.470000
235.199987,0.000384,0.015424,-0.960000,-1.280000
235.300019,-0.028894,-0.009872,-0.950000,-1.050000
235.400010,-0.017416,0.001146,-1.010000,-1.190000
235.500019,-0.022914,-0.004149,-0.820000,-1.140000
235.600002,-0.025562,0.011030,-0.760000,-1.090000
235.700015,-0.015798,0.004903,-0.740000,-1.090000
235.800049,-0.000431,-0.004602,-0.640000,-1.060000
235.900031,-0.018129,0.008316,-0.630000,-1.040000
236.000022,-0.025785,0.012890,-0.650000,-1.050000
236.099989,-0.020470,0.014678,-0.730000,-1.040000
236.200026,-0.015430,-0.001901,-0.680000,-1.020000
236.300016,-0.019411,0.011438,-0.670000,-1.030000
236.400003,-0.021652,0.009143,-0.710000,-1.030000
236.500044,-0.020219,0.009133,-0.710000,-1.030000
236.599996,-0.022739,0.008102,-0.700000,-1.030000
236.699982,-0.021297,0.006392,-0.690000,-1.020000
236.799987,-0.022961,0.009135,-0.680000,-1.040000
236.899984,-0.022118,0.009762,-0.660000,-1.040000
236.999976,-0.018193,0.009980,-0.660000,-1.020000
237.099982,-0.024333,0.008625,-0.660000,-1.020000
237.200049,-0.018976,0.010772,-0.620000,-1.010000
237.300041,-0.024546,0.008546,-0.640000,-1.010000
237.400011,-0.022914,0.014027,-0.620000,-1.000000
237.500031,-0.026298,0.012844,-0.630000,-1.010000
237.599999,-0.027427,0.011320,-0.610000,-1.010000
237.700000,-0.025940,0.015213,-0.610000,-1.000000
237.799994,-0.028562,0.014391,-0.600000,-1.010000
237.899992,-0.030330,0.013526,-0.600000,-0.990000
237.999997,-0.031785,0.013192,-0.600000,-0.990000
238.099993,-0.034675,0.018995,-0.600000,-0.980000
238.199994,-0.034012,0.016853,-0.600000,-0.980000
238.299974,-0.037742,0.020240,-0.600000,-0.980000
238.399997,-0.036609,0.015317,-0.610000,-0.970000
238.499995,-0.041305,0.017404,-0.600000,-0.970000
238.600029,-0.036614,0.016788,-0.590000,-0.970000
238.699976,-0.037811,0.015841,-0.590000,-0.980000
238.799997,-0.038261,0.018844,-0.590000,-0.970000
238.899991,-0.041063,0.016001,-0.590000,-0.970000
238.999981,-0.044056,0.014316,-0.600000,-0.960000
239.099997,-0.043084,0.017360,-0.590000,-0.970000
1822.104966,-0.009316,-0.000464,-1.280000,-0.080000
1822.204991,-0.010069,0.000158,-1.280000,-0.080000
1822.304991,-0.010606,0.000534,-1.290000,-0.080000
1822.404973,-0.011371,0.001110,-1.290000,-0.080000
1822.504998,-0.011816,0.001820,-1.290000,-0.080000
1822.604964,-0.012276,0.002567,-1.290000,-0.080000
1822.705015,-0.012092,0.002924,-1.290000,-0.080000
1822.804992,-0.012369,0.003061,-1.290000,-0.080000
1822.904971,-0.012478,0.003417,-1.290000,-0.080000
1823.004996,-0.013141,0.003665,-1.290000,-0.080000
1823.104998,-0.013796,0.004188,-1.290000,-0.080000
1823.204970,-0.013456,0.004881,-1.290000,-0.080000
1823.304980,-0.013796,0.004626,-1.290000,-0.080000
1823.404972,-0.015288,0.004351,-1.290000,-0.080000
1823.505003,-0.016328,0.004406,-1.290000,-0.080000
1823.604991,-0.017127,0.003561,-1.290000,-0.080000
1823.704988,-0.017592,0.002382,-1.290000,-0.080000
1823.804974,-0.017975,0.002179,-1.290000,-0.080000
1823.904981,-0.017932,0.001941,-1.290000,-0.080000
1824.004979,-0.017660,0.001252,-1.290000,-0.080000
1824.105006,-0.017861,0.001496,-1.290000,-0.080000
1824.205000,-0.018117,0.000306,-1.280000,-0.080000
1824.304967,-0.018272,-0.000420,-1.280000,-0.080000
1824.404991,-0.018312,-0.001848,-1.280000,-0.080000
1824.504988,-0.017786,-0.003452,-1.280000,-0.080000
1824.605007,-0.016846,-0.004241,-1.280000,-0.080000
1824.704992,-0.016321,-0.004935,-1.280000,-0.080000
1824.805001,-0.016068,-0.005471,-1.280000,-0.080000
1824.904974,-0.015959,-0.005085,-1.280000,-0.090000
1825.004992,-0.015293,-0.004886,-1.280000,-0.090000
1825.105007,-0.015062,-0.005489,-1.280000,-0.090000
1825.205006,-0.013876,-0.003432,-1.280000,-0.090000
1825.304980,-0.013218,-0.002069,-1.280000,-0.090000
1825.404982,-0.011800,0.006254,-1.290000,-0.100000
1825.504997,-0.013342,0.004288,-1.290000,-0.090000
1825.604980,-0.013131,0.002861,-1.300000,-0.070000
1825.704989,-0.014951,0.005817,-1.300000,-0.090000
1825.804975,-0.017006,-0.000087,-1.310000,-0.090000
1825.904994,-0.014250,-0.003595,-1.310000,-0.090000
1826.005013,-0.005701,-0.000724,-1.300000,-0.100000
1826.104978,-0.007671,-0.003433,-1.290000,-0.100000
1826.204969,-0.009135,-0.004068,-1.290000,-0.090000
1826.304991,-0.003727,-0.001653,-1.290000,-0.080000
1826.404997,0.006988,-0.006924,-1.290000,-0.080000
1826.504999,0.008904,-0.002820,-1.300000,-0.090000
1826.604975,0.013440,0.001996,-1.290000,-0.090000
1826.704994,0.017730,0.000559,-1.300000,-0.080000
1826.804990,0.021297,0.002640,-1.300000,-0.090000
1826.905000,0.021872,0.008706,-1.290000,-0.100000
1827.004984,0.018913,0.012228,-1.280000,-0.090000
1827.104988,0.019984,0.007584,-1.310000,-0.090000
1827.204987,0.016087,0.009118,-1.310000,-0.100000
1827.304984,0.013893,0.003278,-1.320000,-0.100000
1827.404991,0.007107,0.008187,-1.310000,-0.100000
1827.505012,0.004906,0.009800,-1.310000,-0.110000
1827.604999,-0.000914,0.000435,-1.310000,-0.100000
1827.704979,-0.003391,0.002964,-1.300000,-0.100000
1827.804985,-0.001356,0.002616,-1.290000,-0.100000
1827.904972,-0.000582,0.000644,-1.300000,-0.090000
1828.004975,0.002485,0.001250,-1.280000,-0.100000
1828.105008,0.022199,0.013160,-1.260000,-0.090000
1828.205030,0.009308,-0.000368,-1.270000,-0.100000
1828.304987,0.008047,0.017485,-1.280000,-0.120000
1828.404986,0.008737,0.015647,-1.280000,-0.080000
1828.505019,0.019042,-0.002955,-1.280000,-0.110000
1828.605019,0.003447,0.011364,-1.250000,-0.120000
1828.705005,0.027442,0.009769,-1.260000,-0.100000
1828.805003,0.007640,0.005430,-1.240000,-0.060000
1828.904989,0.013225,-0.004580,-1.290000,0.010000
1829.005016,0.024086,-0.012318,-1.190000,-0.020000
1829.105013,-0.003155,-0.020721,-1.050000,0.180000
1829.204999,-0.024148,-0.027121,-0.950000,0.530000
1829.304982,-0.040026,-0.019350,-0.610000,0.260000
1829.405007,-0.053678,-0.031749,-0.490000,-0.340000
1829.504987,-0.072908,-0.043038,-0.890000,-0.350000
1829.605018,-0.100180,-0.049747,-1.290000,-0.070000
1829.705001,-0.120319,-0.044152,-1.400000,0.040000
1829.805004,-0.148502,-0.031237,-1.440000,-0.410000
1829.905008,-0.155055,-0.039445,-1.710000,-1.390000
1830.005009,-0.143838,-0.033496,-2.010000,-2.210000
1830.104990,-0.108583,-0.017175,-2.180000,-2.590000
1830.205012,-0.083550,-0.027479,-2.200000,-2.710000
1830.305040,-0.058491,-0.020432,-2.240000,-2.480000
1830.405023,-0.025058,-0.025853,-2.200000,-2.310000
1830.504977,-0.003924,-0.029691,-2.110000,-2.130000
1830.605006,0.028264,-0.015213,-2.230000,-1.660000
1830.705018,0.022759,-0.017486,-2.260000,-0.850000
1830.805004,0.015880,0.002504,-2.120000,-0.090000
1830.905005,0.009858,0.012231,-1.740000,-0.110000
1831.005040,0.005856,0.010467,-1.500000,-0.690000
1831.105021,-0.005242,0.008744,-1.300000,-1.450000
1831.204994,0.000972,-0.003724,-1.210000,-1.880000
1831.304999,0.010503,-0.013835,-1.350000,-2.090000
1831.405030,0.028428,-0.005469,-1.750000,-2.200000
1831.505008,0.035243,-0.011473,-2.130000,-2.310000
1831.605010,0.049744,-0.004046,-2.320000,-2.080000
1831.705003,0.069818,-0.011037,-2.320000,-1.560000
1831.805000,0.071587,0.005326,-2.280000,-1.030000
1831.905005,0.074044,0.015875,-2.130000,-0.730000
1832.005008,0.064641,0.011172,-1.770000,-0.970000
1832.104974,0.058250,0.009945,-1.630000,-1.320000
1832.204983,0.066482,0.019894,-1.770000,-1.580000
1832.304998,0.069008,-0.003869,-1.940000,-1.630000
1832.404986,0.092757,0.016973,-2.020000,-1.210000
1832.505007,0.086357,0.007061,-1.780000,-0.750000
1832.605021,0.072422,0.001256,-1.600000,-0.600000
1832.705002,0.067477,0.014446,-1.620000,-0.430000
1832.805031,0.041928,-0.002596,-1.490000,-0.410000
1832.905027,0.045204,0.009087,-1.150000,-0.820000
1833.005018,0.030745,0.011374,-1.140000,-1.180000
1833.105006,0.021490,-0.007173,-1.400000,-1.380000
1833.205007,0.000784,-0.008082,-1.670000,-1.560000
1833.305003,0.023044,0.004036,-1.850000,-1.810000
1833.404977,0.031140,0.003557,-1.850000,-2.190000
1833.505011,0.045444,-0.014933,-1.770000,-2.280000
1833.605002,0.072312,-0.007294,-1.660000,-2.240000
1833.705002,0.090907,-0.012866,-1.450000,-2.050000
1833.804984,0.085968,-0.018270,-1.400000,-1.630000
1833.905000,0.093658,-0.008044,-1.370000,-1.060000
1834.004975,0.100121,-0.030315,-1.210000,-0.650000
1834.104980,0.099529,-0.035765,-1.030000,-0.580000
1834.204976,0.079039,-0.036919,-0.820000,-0.600000
1834.305042,0.056605,-0.051567,-0.920000,-0.630000
1834.405005,0.037321,-0.052914,-1.040000,-0.660000
1834.505041,0.024640,-0.040501,-1.130000,-0.470000
1834.604996,0.014291,-0.069789,-1.240000,-0.480000
1834.705001,0.003947,-0.071397,-1.540000,-0.520000
1834.804976,0.002443,-0.054085,-1.710000,-0.510000
1834.905029,-0.021264,-0.039697,-1.950000,-0.350000
1835.004977,-0.035837,-0.038015,-2.140000,-0.430000
1835.104984,-0.040353,-0.030606,-2.280000,-0.730000
1835.205012,-0.030084,-0.008736,-2.370000,-1.150000
1835.305000,-0.031188,0.004806,-2.260000,-1.370000
1835.404997,-0.040289,0.014386,-1.870000,-1.470000
1835.505009,-0.048636,0.019192,-1.560000,-1.530000
1835.605008,-0.034584,0.016638,-1.440000,-1.560000
1835.705019,-0.033880,0.006966,-1.300000,-1.390000
1835.804976,-0.030555,-0.017063,-1.200000,-1.560000
1835.905021,-0.021174,-0.018701,-1.320000,-1.840000
1836.005010,-0.006455,-0.023822,-1.440000,-2.190000
1836.105027,0.012429,-0.013228,-1.690000,-2.130000
1836.205022,0.022683,-0.050801,-1.930000,-1.910000
1836.305009,0.036446,-0.041409,-2.090000,-1.710000
1836.404977,0.043004,-0.025912,-2.130000,-1.530000
1836.505002,0.056446,-0.033218,-2.040000,-1.440000
1836.605039,0.058158,-0.025697,-2.070000,-1.120000
1836.704974,0.065877,-0.015598,-2.080000,-0.770000
1836.805007,0.057654,-0.008521,-2.070000,-0.410000
1836.905023,0.051130,0.001490,-2.100000,-0.220000
1837.004981,0.031385,0.002207,-2.090000,-0.310000
1837.105007,0.035847,0.011226,-2.030000,-0.670000
1837.205011,0.036643,0.015236,-1.850000,-1.050000
1837.305054,0.023391,0.036260,-1.890000,-1.100000
1837.405004,0.025423,0.043306,-1.970000,-0.930000
1837.505050,0.021632,0.032577,-1.860000,-0.620000
1837.604973,0.029503,0.023180,-1.680000,-0.230000
1837.705030,-0.001514,0.035178,-1.640000,0.060000
1837.805010,-0.018303,0.055593,-1.600000,0.120000
1837.905018,-0.035406,0.051065,-1.630000,0.000000
1838.005031,-0.055932,0.039778,-1.590000,-0.230000
1838.105010,-0.071130,0.066304,-1.580000,-0.460000
1838.204975,-0.084546,0.045443,-1.430000,-0.720000
1838.305026,-0.101198,0.064222,-1.360000,-0.690000
1838.404977,-0.113189,0.057333,-1.240000,-1.000000
1838.505003,-0.112035,0.029445,-1.200000,-1.520000
1838.605012,-0.104025,0.009138,-1.280000,-1.960000
1838.705053,-0.099014,0.001047,-1.440000,-2.140000
1838.805008,-0.063425,-0.028282,-1.520000,-2.370000
1838.905004,-0.053845,-0.014560,-1.720000,-2.420000
1839.004995,-0.044740,-0.030842,-1.810000,-2.450000
1839.105026,-0.004107,-0.029772,-1.840000,-2.270000
1839.205030,0.013846,-0.046118,-1.930000,-1.930000
1839.305018,0.037861,-0.045709,-2.040000,-1.580000
1839.404993,0.041466,-0.058287,-2.010000,-1.180000
1839.505007,0.049215,-0.042880,-2.140000,-0.800000
1839.605008,0.042922,-0.036036,-2.150000,-0.460000
1839.704999,0.046765,-0.052984,-2.140000,-0.290000
1839.804978,0.030457,-0.039765,-2.150000,-0.340000
1839.904980,0.035392,-0.032184,-2.190000,-0.390000
1840.005001,0.011792,-0.023214,-2.340000,-0.310000
1840.105009,0.003084,-0.022190,-2.550000,-0.290000
1840.205008,-0.003061,-0.028042,-2.490000,-0.200000
1840.305029,-0.009407,-0.027005,-2.380000,-0.110000
1840.405012,-0.016443,0.013295,-2.430000,-0.010000
1840.504977,-0.038995,0.018093,-2.530000,-0.070000
1840.604999,-0.041531,0.050917,-2.430000,-0.230000
1840.704983,-0.060158,0.040763,-2.340000,-0.490000
1840.805001,-0.051703,0.060127,-2.260000,-0.810000
1840.905004,-0.057583,0.058134,-2.230000,-1.200000
1841.004982,-0.047074,0.071497,-2.320000,-1.450000
1841.104985,-0.053318,0.069764,-2.260000,-1.570000
1841.204980,-0.033887,0.065046,-2.110000,-1.650000
1841.304983,-0.034512,0.065971,-1.840000,-1.710000
1841.404974,-0.027227,0.061241,-1.820000,-1.620000
1841.505011,-0.011086,0.019159,-1.870000,-1.680000
1841.605004,-0.021466,0.042104,-1.980000,-1.660000
1841.705015,-0.003637,0.034105,-1.850000,-1.680000
1841.805014,0.021140,0.042181,-1.800000,-1.540000
1841.905007,0.011710,-0.014863,-1.840000,-1.610000
1842.004989,0.010675,0.028837,-2.090000,-1.420000
1842.104989,0.014388,0.017696,-2.110000,-1.200000
1842.205040,0.024114,0.013758,-2.220000,-0.800000
1842.305020,-0.002912,0.017892,-2.390000,-0.700000
1842.404997,-0.000217,0.019246,-2.300000,-0.720000
1842.505004,-0.009940,0.023951,-2.170000,-0.710000
1842.605006,-0.030470,0.015922,-2.080000,-0.940000
1842.704980,-0.027402,0.043705,-2.190000,-1.010000
1842.804983,-0.060380,0.039226,-2.010000,-1.380000
1842.905014,-0.035223,0.025447,-1.970000,-1.510000
1843.004975,-0.047577,0.025578,-2.030000,-1.410000
1843.105015,-0.021958,0.035125,-1.980000,-1.460000
1843.204974,-0.054363,0.027237,-1.900000,-1.370000
1843.305017,-0.034277,0.034288,-1.800000,-1.490000
1843.404984,-0.053058,0.034735,-1.550000,-1.650000
1843.504979,-0.020663,0.032279,-1.380000,-2.010000
1843.605017,-0.029588,0.029701,-1.410000,-2.480000
1843.705010,0.000002,-0.024559,-1.150000,-3.520000
1843.805007,0.030386,-0.005581,-1.260000,-4.210000
1843.905035,0.066672,-0.060269,-1.830000,-3.900000
1844.005044,0.094947,-0.024171,-2.830000,-2.780000
1844.105009,0.123563,-0.023405,-3.680000,-1.540000
1844.205001,0.105786,0.011206,-4.250000,-0.460000
1844.305009,0.105475,0.065401,-4.740000,0.560000
1844.405004,0.063435,0.112321,-5.000000,1.390000
1844.504976,0.032341,0.193110,-5.330000,2.300000
1844.604982,-0.018585,0.238089,-5.690000,3.020000
1844.704987,-0.090126,0.332701,-5.970000,3.470000
1844.804979,-0.138286,0.427438,-6.350000,3.740000
1844.905002,-0.231908,0.516334,-6.610000,3.890000
1845.004976,-0.288731,0.626964,-6.840000,3.970000
1845.105012,-0.334265,0.719935,-7.070000,3.950000
1845.205020,-0.443947,0.844310,-7.290000,4.240000
1845.304982,-0.490039,0.942173,-7.480000,4.650000
1845.404973,-0.534598,1.039816,-7.620000,4.840000
1845.504981,-0.618072,1.143522,-7.730000,4.890000
1845.605002,-0.683510,1.305769,-7.980000,5.110000
1845.705027,-0.756488,1.417429,-8.150000,5.700000
1845.805035,-0.817856,1.567225,-8.230000,6.800000
1845.904991,-0.914216,1.718485,-8.280000,7.720000
1846.004976,-0.995646,1.831107,-8.580000,8.230000
1846.105009,-1.092714,1.994124,-8.890000,8.340000
1846.205001,-1.189677,2.124014,-9.080000,8.130000
1846.304990,-1.285400,2.288829,-9.130000,7.970000
1846.405008,-1.406915,2.436589,-9.160000,8.200000
1846.505026,-1.446954,2.587041,-9.280000,8.580000
1846.605001,-1.537437,2.743465,-9.080000,9.000000
1846.704999,-1.678868,2.855897,-8.960000,8.910000
1846.804979,-1.753078,3.073442,-8.720000,8.570000
1846.904985,-1.808323,3.124809,-8.620000,8.070000
1847.004975,-1.909425,3.308399,-8.390000,7.950000
1847.105027,-2.007142,3.407679,-8.210000,7.600000
1847.204989,-2.105075,3.499740,-8.130000,7.690000
1847.304982,-2.127996,3.603418,-8.100000,7.350000
1847.405021,-2.255913,3.718291,-8.430000,7.410000
1847.505028,-2.327291,3.788872,-8.710000,7.200000
1847.605001,-2.421199,3.893932,-8.890000,7.120000
1847.705000,-2.460694,4.013343,-9.050000,6.960000
1847.805004,-2.534115,4.070504,-9.040000,6.450000
1847.905003,-2.647898,4.140926,-8.890000,5.590000
1848.005009,-2.685143,4.235878,-8.910000,4.690000
1848.104977,-2.676516,4.355525,-8.880000,3.780000
1848.205007,-2.743005,4.437354,-8.570000,3.090000
1848.304994,-2.707325,4.494342,-8.540000,2.880000
1848.405009,-2.704937,4.538917,-8.360000,2.790000
1848.505006,-2.769640,4.605163,-8.170000,3.110000
1848.604994,-2.712010,4.615330,-7.940000,3.350000
1848.704977,-2.701044,4.707632,-7.660000,3.310000
1848.805003,-2.756892,4.779776,-7.470000,3.500000
1848.905016,-2.769469,4.765412,-6.970000,3.040000
1849.004990,-2.793092,4.839811,-6.420000,2.820000
1849.105017,-2.719362,4.803047,-5.810000,2.350000
1849.205008,-2.752183,4.827929,-5.500000,2.340000
1849.305012,-2.815532,4.885051,-5.500000,2.580000
1849.405014,-2.774654,4.866983,-5.770000,2.470000
1849.505013,-2.805820,4.840861,-6.330000,2.900000
1849.605009,-2.735443,4.861232,-6.530000,3.030000
1849.705014,-2.771648,4.905979,-6.680000,3.090000
1849.805042,-2.834934,4.927220,-6.580000,2.740000
1849.905017,-2.854320,5.003758,-6.630000,2.320000
1850.004978,-2.766206,4.927805,-6.320000,2.070000
1850.105017,-2.803949,4.990720,-5.770000,1.680000
1850.204979,-2.838477,5.042783,-5.760000,2.100000
1850.305009,-2.792459,5.004495,-5.970000,2.050000
1850.404972,-2.754934,5.026298,-5.990000,1.990000
1850.505014,-2.759399,5.075914,-6.020000,2.370000
1850.604978,-2.796878,5.024048,-5.980000,2.340000
1850.704986,-2.807710,5.047522,-5.800000,2.780000
1850.805022,-2.776310,5.103856,-5.870000,2.900000
1850.904992,-2.808082,5.042855,-5.460000,2.600000
1851.005006,-2.810408,5.091180,-5.460000,2.490000
1851.104991,-2.768291,5.110078,-5.610000,2.390000
1851.204994,-2.862383,5.103259,-5.630000,2.890000
1851.304990,-2.874565,5.126022,-5.420000,2.770000
1851.405018,-2.799892,5.087947,-5.210000,2.590000
1851.505031,-2.788423,5.066031,-5.210000,2.380000
1851.605031,-2.887551,5.086228,-5.230000,2.240000
1851.704984,-2.879788,5.114665,-5.510000,2.150000
1851.804986,-2.868728,5.134399,-5.630000,2.090000
1851.905039,-2.886969,5.145700,-5.290000,2.090000
1852.005021,-2.849424,5.104309,-4.730000,1.470000
1852.105048,-2.825585,5.114751,-4.610000,1.240000
1852.205003,-2.782175,5.120279,-4.910000,1.620000
1852.304985,-2.848616,5.066641,-4.820000,1.940000
1852.404979,-2.862500,5.053378,-4.390000,1.530000
1852.505002,-2.807796,5.101665,-4.620000,1.840000
1852.605039,-2.811517,5.099372,-4.680000,1.800000
1852.704998,-2.844197,5.075053,-4.990000,2.200000
1852.805046,-2.792655,5.024381,-5.440000,2.260000
1852.905008,-2.771504,5.029946,-5.420000,1.840000
1853.005005,-2.822463,5.090591,-5.280000,1.860000
1853.105003,-2.784523,5.088196,-5.400000,1.460000
1853.204977,-2.781814,5.112459,-5.310000,1.670000
1853.305014,-2.747807,5.057196,-4.810000,1.960000
1853.404998,-2.760306,5.081759,-4.550000,2.310000
1853.505007,-2.822559,5.107589,-4.290000,2.400000
1853.605060,-2.836712,5.076113,-4.580000,2.510000
1853.705011,-2.831490,5.076995,-4.730000,2.810000
1853.805005,-2.834529,5.017336,-4.330000,2.970000
1853.905035,-2.839721,4.979304,-4.460000,3.080000
1854.005017,-2.871207,4.994092,-5.120000,3.210000
1854.104974,-2.890811,4.956306,-6.050000,3.300000
1854.205011,-2.880887,4.952971,-6.150000,3.300000
1854.305016,-2.919615,4.998765,-6.240000,2.850000
1854.404976,-2.889211,5.043374,-5.680000,1.560000
1854.504992,-2.880322,5.017491,-4.980000,0.130000
1854.605006,-2.803360,4.978150,-3.940000,-0.770000
1854.705017,-2.845143,4.958014,-2.920000,-1.390000
1854.805011,-2.765269,4.889740,-1.920000,-1.550000
1854.904984,-2.775425,4.836114,-0.930000,-1.900000
1855.005008,-2.639784,4.687134,-0.040000,-2.450000
1855.105020,-2.588498,4.635682,0.540000,-2.310000
1855.205040,-2.573335,4.431384,1.110000,-2.850000
1855.305016,-2.558461,4.299618,2.450000,-3.720000
1855.405006,-2.500414,4.155895,4.330000,-4.740000
1855.504976,-2.387842,3.926543,6.410000,-5.520000
1855.605006,-2.293452,3.672273,7.880000,-5.960000
1855.705020,-2.205709,3.433060,8.750000,-6.040000
1855.805013,-2.188208,3.170666,9.170000,-6.070000
1855.905016,-2.061118,2.900267,9.420000,-6.320000
1856.005005,-1.912454,2.530750,10.030000,-7.280000
1856.105023,-1.897866,2.272410,10.920000,-7.680000
1856.205048,-1.794500,1.932266,12.160000,-7.730000
1856.305014,-1.731440,1.631125,12.760000,-7.680000
1856.405005,-1.610073,1.298256,13.360000,-7.110000
1856.504990,-1.553431,0.983623,14.280000,-6.230000
1856.605005,-1.498651,0.650558,14.910000,-5.590000
1856.705008,-1.446729,0.303751,15.060000,-5.990000
1856.804987,-1.431487,-0.042830,14.420000,-6.990000
1856.904994,-1.310989,-0.369755,14.080000,-7.660000
1857.005008,-1.247030,-0.759339,14.430000,-7.800000
1857.105050,-1.196143,-1.049731,14.980000,-7.200000
1857.204977,-1.176349,-1.379617,15.350000,-6.430000
1857.305020,-1.148533,-1.711932,15.280000,-5.730000
1857.405003,-1.128511,-2.034166,15.070000,-5.290000
1857.504977,-1.146446,-2.367985,14.770000,-5.000000
1857.605015,-1.133844,-2.647023,14.300000,-4.980000
1857.704985,-1.140073,-2.922789,13.860000,-4.970000
1857.805001,-1.167479,-3.179644,13.320000,-5.090000
1857.905037,-1.154342,-3.437911,12.910000,-5.290000
1858.005006,-1.164434,-3.681976,12.610000,-5.450000
1858.105001,-1.147530,-3.905635,12.370000,-5.770000
1858.205027,-1.134138,-4.159754,12.020000,-6.190000
1858.305020,-1.112244,-4.405746,11.570000,-6.490000
1858.405015,-1.046647,-4.620737,11.210000,-6.650000
1858.505009,-1.034438,-4.840028,10.780000,-6.490000
1858.605009,-0.980844,-5.030436,10.240000,-6.020000
1858.705006,-0.921173,-5.221806,9.260000,-5.520000
1858.804990,-0.915892,-5.340239,8.050000,-4.820000
1858.904991,-0.871649,-5.459846,7.690000,-3.930000
1859.005004,-0.849522,-5.587343,7.370000,-2.760000
1859.105009,-0.858744,-5.680243,6.710000,-1.450000
1859.204975,-0.850059,-5.759851,5.850000,-0.370000
1859.305018,-0.875923,-5.831322,4.990000,-0.020000
1859.405031,-0.923398,-5.882175,4.500000,-0.050000
1859.505004,-0.929597,-5.904121,4.060000,-0.230000
1859.605013,-0.966837,-5.935229,3.580000,-0.830000
1859.705014,-0.979455,-5.937790,2.680000,-1.460000
1859.805008,-0.987531,-5.935922,1.670000,-1.830000
1859.904976,-0.985829,-5.944362,1.130000,-1.700000
1860.004980,-0.923545,-5.905009,0.870000,-1.020000
1860.104983,-0.968014,-5.867716,0.820000,-1.000000
1860.204980,-0.961230,-5.907014,1.150000,-0.800000
1860.305002,-0.912132,-5.835013,1.340000,-1.330000
1860.404996,-0.947572,-5.892634,1.540000,-2.080000
1860.505010,-0.942131,-5.763332,2.150000,-2.310000
1860.605012,-0.835925,-5.786796,3.100000,-1.920000
1860.705014,-0.944545,-5.772079,4.350000,-1.620000
1860.805010,-0.878814,-5.849679,5.440000,-0.360000
1860.905009,-0.931647,-5.876324,6.760000,0.600000
1861.005026,-0.923124,-5.943221,7.620000,1.240000
1861.104985,-1.020287,-5.986981,7.350000,0.810000
1861.204975,-1.024610,-6.059519,6.850000,-0.320000
1861.305022,-1.047917,-6.119022,6.290000,-1.350000
1861.405004,-1.050880,-6.206322,5.890000,-2.500000
1861.505015,-0.984272,-6.246126,5.050000,-3.330000
1861.605043,-1.020551,-6.242616,3.940000,-2.990000
1861.705029,-0.968997,-6.213414,2.660000,-1.930000
1861.804978,-1.016240,-6.236337,2.080000,-0.600000
1861.905028,-0.917647,-6.174540,1.570000,0.520000
1862.005007,-0.977349,-6.238250,1.190000,1.300000
1862.105000,-0.978827,-6.160786,0.940000,1.570000
1862.205004,-0.986427,-6.080019,0.960000,1.160000
1862.305015,-1.079068,-6.058819,1.120000,0.970000
1862.405003,-1.046171,-6.006389,0.920000,0.310000
1862.504992,-1.072781,-5.957401,0.840000,-0.470000
1862.605005,-1.086988,-5.966826,0.860000,-0.320000
1862.705019,-1.056145,-5.916102,0.900000,-0.150000
1862.804977,-1.067356,-5.894624,0.950000,-0.140000
1862.905029,-1.109224,-5.851363,1.020000,0.700000
1863.005004,-1.069110,-5.827937,1.460000,1.130000
1863.105006,-1.202787,-5.840364,1.890000,1.080000
1863.204977,-1.135069,-5.781315,1.910000,0.350000
1863.305021,-1.142588,-5.787248,2.420000,-0.390000
1863.405005,-1.243595,-5.780236,2.670000,-1.510000
1863.505016,-1.179934,-5.785860,3.080000,-2.530000
1863.604977,-1.206721,-5.808665,3.500000,-3.020000
1863.704989,-1.107639,-5.837007,3.360000,-2.900000
1863.805004,-1.076319,-5.817977,3.090000,-2.300000
1863.904981,-1.106831,-5.817661,2.750000,-1.850000
1864.004980,-1.020016,-5.838209,2.320000,-1.670000
1864.105025,-1.006013,-5.868749,1.990000,-1.160000
1864.205014,-1.020619,-5.899194,1.960000,-1.220000
1864.305023,-0.961366,-5.888894,1.910000,-1.020000
1864.405000,-1.015384,-5.875223,2.120000,-1.030000
1864.505007,-0.963072,-5.848003,2.050000,-0.850000
1864.605005,-0.962941,-5.786572,1.430000,-0.230000
1864.705007,-0.986084,-5.767985,0.560000,0.060000
1864.805011,-1.026244,-5.728549,-0.530000,0.110000
1864.905015,-1.027881,-5.691749,-1.440000,-0.820000
1865.005008,-0.989235,-5.567299,-2.410000,-2.190000
1865.105018,-0.942173,-5.507881,-3.210000,-3.360000
1865.205009,-0.903477,-5.438387,-3.720000,-4.380000
1865.305029,-0.829791,-5.351255,-4.300000,-4.710000
1865.405000,-0.705382,-5.243134,-4.690000,-4.860000
1865.505005,-0.611351,-5.162522,-5.280000,-5.200000
1865.605003,-0.475132,-5.068502,-5.800000,-6.260000
1865.705011,-0.303028,-4.957796,-6.290000,-7.620000
1865.805003,-0.152663,-4.829611,-6.890000,-8.890000
1865.904984,-0.017744,-4.700987,-7.640000,-9.750000
1866.005001,0.128445,-4.533725,-8.330000,-9.920000
1866.105011,0.312377,-4.415350,-8.730000,-9.430000
1866.205000,0.477013,-4.266164,-9.280000,-8.460000
1866.305015,0.701437,-4.125124,-9.650000,-8.400000
1866.405013,0.861151,-3.976422,-9.770000,-9.040000
1866.505009,0.993852,-3.855258,-9.890000,-10.230000
1866.605002,1.221858,-3.636976,-10.450000,-11.490000
1866.705027,1.401800,-3.521174,-10.950000,-12.670000
1866.805002,1.653435,-3.338605,-11.270000,-13.800000
1866.905017,1.902166,-3.170674,-11.430000,-15.190000
1867.004990,2.154426,-2.999836,-11.740000,-15.990000
1867.104986,2.436113,-2.889901,-11.960000,-16.220000
1867.205005,2.724901,-2.706254,-11.860000,-16.310000
1867.305035,2.996556,-2.604536,-11.280000,-16.160000
1867.405014,3.309019,-2.432714,-10.720000,-15.800000
1867.505005,3.547994,-2.325715,-10.590000,-14.900000
1867.605001,3.817233,-2.235259,-10.450000,-13.900000
1867.704981,4.029971,-2.060593,-10.160000,-12.990000
1867.805000,4.236881,-1.981705,-9.900000,-12.120000
1867.905009,4.407150,-1.862661,-9.640000,-11.830000
1868.005014,4.569454,-1.818731,-9.280000,-11.590000
1868.105009,4.688903,-1.733862,-9.330000,-11.190000
1868.205016,4.856023,-1.654604,-9.560000,-11.220000
1868.305032,4.990901,-1.534650,-9.780000,-11.130000
1868.405017,5.108762,-1.438484,-9.560000,-11.060000
1868.504982,5.227055,-1.374020,-9.380000,-11.130000
1868.604977,5.322115,-1.376074,-9.080000,-10.890000
1868.704977,5.501121,-1.226890,-8.740000,-10.850000
1868.805007,5.582775,-1.166070,-8.300000,-10.280000
1868.905004,5.660467,-1.118883,-7.460000,-10.030000
1869.005019,5.767257,-1.083969,-6.920000,-9.430000
1869.105001,5.823640,-1.074742,-6.070000,-8.880000
1869.205005,5.916444,-1.048578,-5.740000,-8.970000
1869.304998,5.966827,-1.045320,-5.210000,-8.410000
1869.405009,5.968779,-1.026981,-5.360000,-7.660000
1869.504987,5.990162,-1.011910,-5.150000,-6.560000
1869.605003,5.954739,-1.002704,-4.920000,-6.200000
1869.705010,6.040891,-0.979234,-5.030000,-5.350000
1869.805013,5.957890,-1.000334,-5.010000,-5.050000
1869.905008,6.073241,-0.877812,-5.000000,-5.190000
1870.004995,5.936935,-0.850032,-4.860000,-5.520000
1870.105005,5.975369,-0.799823,-4.770000,-5.710000
1870.205004,5.937463,-0.804333,-4.440000,-6.110000
1870.305023,5.947962,-0.773159,-4.160000,-6.840000
1870.405023,5.982430,-0.787081,-3.740000,-6.890000
1870.504976,5.987372,-0.841516,-3.330000,-6.640000
1870.605001,6.026962,-0.803401,-2.700000,-6.670000
1870.704988,5.957751,-0.754008,-2.480000,-6.960000
1870.804973,5.962524,-0.892643,-2.230000,-7.250000
1870.904986,6.060176,-0.818985,-2.280000,-7.100000
1871.004980,5.985705,-0.889362,-2.390000,-6.890000
1871.105022,6.065146,-0.932603,-2.570000,-7.310000
1871.205060,6.035059,-0.846263,-2.910000,-6.880000
1871.305017,5.997668,-1.020485,-3.050000,-6.640000
1871.404973,6.076040,-0.972513,-3.040000,-6.610000
1871.504994,5.962508,-1.010964,-3.000000,-6.460000
1871.604980,6.055491,-1.022404,-3.340000,-5.810000
1871.704989,6.043313,-1.001475,-3.620000,-5.800000
1871.804991,6.055305,-0.992242,-3.590000,-5.840000
1871.905039,5.985220,-0.928037,-3.260000,-5.670000
1872.004974,5.944829,-1.042577,-2.930000,-5.580000
1872.104998,5.977359,-0.987135,-3.090000,-5.270000
1872.204996,5.945667,-1.034037,-3.330000,-5.200000
1872.305008,6.026311,-0.976190,-3.830000,-5.050000
1872.405007,5.968508,-0.954095,-3.840000,-4.960000
1872.504975,5.905231,-0.953099,-3.550000,-4.920000
1872.605013,5.940611,-0.954643,-3.130000,-5.070000
1872.704998,5.911082,-0.909620,-2.660000,-5.060000
1872.805008,5.880648,-0.955100,-2.440000,-5.730000
1872.905002,5.956030,-0.956254,-1.880000,-5.750000
1873.005013,5.870551,-1.005525,-1.330000,-5.740000
1873.104975,5.985219,-0.986257,-1.210000,-5.400000
1873.204999,5.905753,-1.042673,-1.260000,-5.370000
1873.305019,5.967937,-0.991339,-1.730000,-5.170000
1873.405006,5.880275,-1.008509,-1.890000,-4.650000
1873.505014,5.894828,-1.003532,-2.170000,-3.960000
1873.604992,5.796914,-1.017298,-2.260000,-3.860000
1873.705006,5.859490,-0.979513,-2.350000,-3.990000
1873.805014,5.795729,-1.048358,-2.310000,-4.640000
1873.905008,5.804890,-0.997980,-2.030000,-5.030000
1874.005006,5.832218,-1.028157,-2.010000,-6.020000
1874.105015,5.769565,-1.086556,-1.640000,-6.630000
1874.204976,5.856324,-1.124362,-1.930000,-6.770000
1874.304983,5.853527,-1.083782,-1.970000,-6.260000
1874.404999,5.832279,-1.078271,-2.270000,-6.000000
1874.505010,5.793736,-1.159943,-2.290000,-5.640000
1874.605010,5.837589,-1.190269,-2.160000,-5.470000
1874.704982,5.868747,-1.092338,-2.230000,-5.370000
1874.804974,5.835068,-1.151618,-1.950000,-5.030000
1874.904979,5.807149,-1.152904,-1.690000,-5.200000
1875.004973,5.880252,-1.104626,-2.120000,-5.450000
1875.105012,5.809707,-1.146415,-2.280000,-5.350000
1875.204992,5.793375,-1.230960,-2.660000,-5.390000
1875.304979,5.830315,-1.147395,-2.890000,-5.340000
1875.405046,5.807114,-1.179536,-2.870000,-5.430000
1875.505001,5.850253,-1.115888,-3.220000,-5.480000
1875.605015,5.751545,-1.207150,-3.030000,-5.540000
1875.705021,5.821275,-1.215349,-3.370000,-5.370000
1875.804976,5.836440,-1.191450,-3.490000,-5.330000
1875.905005,5.816892,-1.178901,-3.690000,-5.330000
1876.005010,5.853312,-1.190119,-3.580000,-4.790000
1876.105024,5.813394,-1.162241,-3.510000,-4.520000
1876.205002,5.756174,-1.170810,-3.860000,-4.690000
1876.305018,5.810717,-1.156780,-4.100000,-4.950000
1876.404985,5.744304,-1.142155,-4.190000,-5.430000
1876.505013,5.732543,-1.097127,-4.280000,-5.740000
1876.605034,5.772059,-1.137227,-4.110000,-5.570000
1876.705010,5.822951,-1.037847,-4.060000,-5.250000
1876.805003,5.770879,-1.064252,-3.660000,-4.880000
1876.904987,5.754960,-1.102172,-3.140000,-5.220000
1877.004995,5.804052,-0.991110,-3.110000,-5.280000
1877.105010,5.791284,-1.070624,-3.310000,-5.570000
1877.205016,5.703454,-1.137583,-3.250000,-6.080000
1877.305006,5.659476,-1.097784,-3.640000,-6.480000
1877.404995,5.769871,-1.146920,-4.230000,-7.150000
1877.505017,5.789936,-1.141355,-4.470000,-7.610000
1877.605008,5.810830,-1.055834,-5.150000,-6.980000
1877.705009,5.773135,-1.103448,-5.170000,-6.150000
1877.805000,5.795521,-1.077141,-4.770000,-5.890000
1877.905020,5.848441,-1.070018,-4.240000,-5.600000
1878.005011,5.819579,-1.054570,-3.830000,-5.920000
1878.105005,5.862095,-1.060169,-3.970000,-6.260000
1878.205009,5.892887,-1.049727,-3.800000,-6.350000
1878.305047,5.861593,-1.037873,-4.080000,-6.710000
1878.405002,5.935768,-1.093948,-4.180000,-6.530000
1878.505023,5.957108,-1.011813,-4.120000,-6.570000
1878.604976,5.929345,-1.051341,-4.000000,-6.230000
1878.704975,5.937686,-1.030699,-3.850000,-5.690000
1878.805004,5.971606,-1.130736,-3.580000,-4.980000
1878.905051,5.993352,-1.017077,-3.420000,-4.670000
1879.005004,5.927321,-1.094582,-3.350000,-4.500000
1879.105015,5.985564,-1.057830,-3.580000,-4.900000
1879.204981,5.955381,-1.062576,-3.780000,-4.670000
1879.305023,5.871813,-1.112830,-3.770000,-4.830000
1879.404989,5.917289,-0.994084,-3.700000,-5.190000
1879.504976,5.834588,-1.028278,-3.370000,-5.000000
1879.605004,5.870117,-1.092912,-3.380000,-5.040000
1879.705007,5.912749,-1.014693,-3.210000,-4.700000
1879.805000,5.891502,-1.027718,-3.180000,-5.100000
1879.905006,5.844844,-0.984710,-2.950000,-5.340000
1880.005009,5.845226,-0.983471,-2.910000,-5.500000
1880.105011,5.825127,-0.956045,-2.970000,-5.010000
1880.205036,5.732917,-1.001625,-3.310000,-4.210000
1880.305007,5.799968,-0.981329,-3.960000,-3.180000
1880.404973,5.734117,-0.884417,-4.450000,-1.730000
1880.504976,5.623701,-0.855302,-4.900000,-0.470000
1880.605001,5.542241,-0.836584,-5.190000,0.040000
1880.705003,5.570954,-0.731853,-5.820000,0.120000
1880.804998,5.402709,-0.630416,-6.050000,0.810000
1880.905025,5.259198,-0.649094,-6.320000,1.890000
1881.005038,5.193781,-0.526246,-6.990000,2.890000
1881.105039,5.048547,-0.477315,-7.510000,3.750000
1881.205033,4.954817,-0.383933,-8.800000,4.140000
1881.304990,4.831773,-0.248791,-9.720000,4.530000
1881.404998,4.647480,-0.149437,-10.780000,5.150000
1881.504998,4.550110,0.104020,-11.900000,6.410000
1881.605021,4.359881,0.340980,-12.710000,7.590000
1881.705013,4.205550,0.522533,-13.520000,8.610000
1881.805019,4.045465,0.722785,-14.360000,9.620000
1881.905014,3.867667,0.961518,-14.820000,10.350000
1882.004973,3.605917,1.262477,-14.760000,10.580000
1882.104993,3.402317,1.478456,-15.020000,10.730000
1882.204975,3.272596,1.711356,-15.480000,10.510000
1882.305009,3.093402,2.042100,-16.440000,10.650000
1882.405006,2.896647,2.327801,-17.410000,10.700000
1882.505003,2.740359,2.601514,-17.800000,10.380000
1882.605018,2.534546,2.902036,-17.720000,10.190000
1882.705043,2.400661,3.143153,-17.450000,9.720000
1882.805001,2.280541,3.414618,-17.110000,9.020000
1882.905004,2.093992,3.705073,-16.800000,8.760000
1883.004978,1.946968,3.961814,-16.470000,8.360000
1883.105011,1.850853,4.153818,-15.840000,7.850000
1883.205005,1.726368,4.392879,-14.980000,7.370000
1883.305027,1.596816,4.621113,-14.070000,6.810000
1883.405001,1.501919,4.784134,-13.280000,6.280000
1883.505008,1.424117,4.885139,-12.560000,5.700000
1883.604983,1.346244,5.047814,-11.880000,5.080000
1883.705009,1.248740,5.237614,-11.180000,4.410000
1883.804999,1.180925,5.299479,-10.660000,4.060000
1883.905050,1.140351,5.394229,-10.200000,4.350000
1884.005016,1.061772,5.499345,-10.310000,4.820000
1884.104997,1.010297,5.584757,-10.330000,4.690000
1884.205004,0.896953,5.666079,-9.990000,3.640000
1884.305013,0.831466,5.786064,-9.620000,2.800000
1884.404975,0.820481,5.833767,-9.460000,1.850000
1884.505001,0.749093,5.885809,-9.240000,1.850000
1884.605007,0.759480,5.927684,-9.070000,1.970000
1884.705006,0.748231,6.029788,-8.910000,1.330000
1884.805007,0.688831,6.006272,-8.060000,-0.160000
1884.905005,0.784286,6.056977,-7.450000,-0.970000
1885.005005,0.785185,6.095982,-6.700000,-1.650000
1885.105012,0.838894,6.110332,-6.210000,-1.100000
1885.204981,0.819539,6.037961,-6.330000,-0.220000
1885.305018,0.823947,6.074184,-6.660000,0.640000
1885.404976,0.763851,6.089528,-6.790000,0.980000
1885.504976,0.755894,6.128962,-6.520000,1.010000
1885.605005,0.730507,6.129936,-6.650000,0.720000
1885.705001,0.757107,6.147261,-7.030000,0.830000
1885.804998,0.703070,6.121503,-6.610000,0.240000
1885.905031,0.716963,6.109752,-6.120000,-0.230000
1886.004988,0.688445,6.158495,-5.950000,0.220000
1886.105014,0.707251,6.150831,-6.100000,0.400000
1886.205026,0.630470,6.146493,-6.340000,0.600000
1886.305033,0.661421,6.186833,-6.470000,0.100000
1886.405006,0.660441,6.174780,-6.130000,-1.150000
1886.505005,0.682680,6.200133,-5.570000,-1.640000
1886.605008,0.695088,6.155176,-5.360000,-1.810000
1886.705019,0.722608,6.164012,-5.340000,-1.280000
1886.805005,0.745282,6.114855,-5.090000,-1.110000
1886.904986,0.688250,6.111534,-4.830000,-0.930000
1887.004983,0.750303,6.108117,-4.880000,-0.810000
1887.104978,0.669909,6.085786,-5.270000,-1.090000
1887.205006,0.635808,6.112286,-5.560000,-1.160000
1887.305008,0.665953,6.062620,-5.510000,-1.620000
1887.405002,0.651711,6.063951,-5.140000,-1.690000
1887.505012,0.732653,6.082204,-5.320000,-1.760000
1887.605001,0.688588,6.088432,-5.720000,-2.490000
1887.704999,0.702665,6.027492,-6.200000,-2.720000
1887.804978,0.753989,5.990478,-6.200000,-2.700000
1887.904976,0.749949,5.973137,-6.120000,-2.990000
1888.004976,0.763458,5.946398,-6.110000,-3.180000
1888.105003,0.811630,5.987883,-6.530000,-2.680000
1888.204994,0.799422,5.909715,-6.450000,-2.200000
1888.304988,0.849787,5.947010,-6.720000,-2.150000
1888.405000,0.845876,5.900834,-6.570000,-2.050000
1888.504977,0.847766,5.886413,-6.420000,-1.810000
1888.604980,0.840195,5.881285,-6.890000,-1.600000
1888.704973,0.826507,5.941972,-7.300000,-1.000000
1888.805001,0.888419,5.944426,-7.670000,-1.010000
1888.904999,0.837265,5.907894,-7.550000,-1.070000
1889.005012,0.860901,5.968961,-6.850000,-1.170000
1889.104989,0.886451,5.925464,-5.890000,-2.190000
1889.204992,0.830895,5.962187,-5.710000,-2.580000
1889.305007,0.818619,5.967041,-6.040000,-2.340000
1889.405004,0.850100,5.954678,-6.720000,-1.830000
1889.505004,0.860639,5.910669,-6.270000,-1.870000
1889.605009,0.838929,5.945778,-5.050000,-1.900000
1889.705002,0.917014,5.893276,-3.790000,-2.010000
1889.805009,0.876538,5.768790,-2.110000,-2.380000
1889.905028,0.898057,5.752700,-0.620000,-1.360000
1890.005035,0.855196,5.720736,0.100000,0.320000
1890.105018,0.810815,5.605220,0.780000,2.110000
1890.205019,0.759993,5.473649,1.340000,3.430000
1890.304975,0.687608,5.395895,1.550000,3.810000
1890.405009,0.563439,5.270186,1.530000,4.030000
1890.505003,0.341086,5.203941,1.190000,4.690000
1890.605008,0.267951,5.066578,1.110000,5.670000
1890.705029,0.146954,4.984814,1.640000,6.840000
1890.805013,-0.048582,4.861753,2.110000,7.310000
1890.905015,-0.205934,4.781827,2.600000,7.230000
1891.004975,-0.405125,4.686255,3.480000,7.200000
1891.105002,-0.552821,4.519134,4.600000,7.900000
1891.204982,-0.747248,4.383733,5.510000,8.890000
1891.304975,-0.967704,4.255914,6.120000,9.620000
1891.405008,-1.194851,4.069754,7.140000,10.670000
1891.505003,-1.437281,3.868832,8.110000,11.340000
1891.605006,-1.676135,3.673485,8.540000,11.460000
1891.704975,-1.935441,3.519133,8.450000,11.230000
1891.804995,-2.114557,3.316634,8.330000,10.860000
1891.905005,-2.343879,3.090743,8.330000,10.870000
1892.005019,-2.607156,2.927621,7.960000,11.510000
1892.104981,-2.768683,2.733220,7.520000,12.200000
1892.204978,-3.040796,2.610101,6.970000,13.070000
1892.305005,-3.284248,2.496745,6.200000,13.890000
1892.405004,-3.514593,2.360332,5.770000,14.010000
1892.505004,-3.741504,2.237384,5.740000,13.370000
1892.605008,-3.979231,2.136207,5.690000,12.710000
1892.705004,-4.203044,2.012867,5.540000,11.960000
1892.805017,-4.390928,1.888117,5.310000,11.200000
1892.905000,-4.592267,1.777388,4.920000,10.980000
1893.004998,-4.760312,1.665677,4.620000,10.550000
1893.105018,-4.921478,1.547283,4.290000,9.860000
1893.205008,-5.079000,1.456248,3.890000,9.360000
1893.305013,-5.238322,1.329845,3.630000,9.350000
1893.404999,-5.380651,1.295183,2.950000,9.380000
1893.505003,-5.503397,1.186966,2.910000,9.900000
1893.604996,-5.637381,1.146245,3.060000,10.030000
1893.704990,-5.780133,1.041110,2.730000,9.540000
1893.805003,-5.911409,1.017306,2.120000,8.400000
1893.905047,-6.041944,0.917155,1.290000,6.530000
1894.005007,-6.104654,0.948546,0.030000,4.630000
1894.105008,-6.192403,0.857276,-0.820000,3.320000
1894.204975,-6.145304,0.888338,-1.500000,2.640000
1894.304980,-6.215677,0.843345,-1.620000,2.480000
1894.405000,-6.159523,0.865576,-2.090000,2.070000
1894.505013,-6.204334,0.855357,-2.300000,1.730000
1894.605007,-6.159287,0.850797,-2.390000,1.260000
1894.705016,-6.132692,0.867741,-2.160000,0.820000
1894.805010,-6.107801,0.855203,-1.810000,0.710000
1894.905049,-6.120130,0.843365,-2.050000,1.210000
1895.005051,-6.117456,0.858490,-2.150000,1.500000
1895.104987,-6.094693,0.829801,-1.850000,1.590000
1895.205029,-6.077835,0.816363,-1.510000,1.350000
1895.304999,-6.061696,0.826979,-1.810000,1.600000
1895.405009,-6.018758,0.830363,-1.850000,1.980000
1895.504983,-5.995745,0.798380,-1.350000,2.150000
1895.605008,-6.012779,0.856155,-1.290000,2.670000
1895.705020,-6.007123,0.798745,-1.580000,2.480000
1895.805004,-6.028641,0.795477,-1.740000,2.330000
1895.905019,-6.017077,0.842695,-2.050000,1.920000
1896.004980,-5.982152,0.845283,-2.610000,2.030000
1896.104985,-5.913825,0.821901,-2.500000,3.160000
1896.204981,-5.983448,0.883873,-1.980000,4.520000
1896.305015,-6.005876,0.844737,-1.680000,5.070000
1896.404973,-6.028970,0.950623,-1.700000,4.980000
1896.504973,-6.055138,0.933853,-1.690000,4.540000
1896.605010,-6.030879,0.965277,-1.770000,3.880000
1896.704998,-6.015344,1.014640,-1.600000,3.750000
1896.805001,-6.064398,0.985414,-1.290000,3.470000
1896.904995,-6.038455,1.021924,-0.550000,2.480000
1897.005003,-6.062541,0.995150,-0.320000,1.380000
1897.104999,-5.994078,1.051514,-0.530000,0.180000
1897.205000,-5.939780,1.010715,-0.990000,-1.050000
1897.304975,-5.841021,1.054728,-0.700000,-2.050000
1897.404986,-5.793292,0.986550,-0.080000,-2.740000
1897.505012,-5.660414,0.973288,1.190000,-3.100000
1897.604977,-5.578077,0.943444,1.920000,-3.750000
1897.705002,-5.466359,0.842375,1.930000,-4.430000
1897.804981,-5.385021,0.756069,1.580000,-5.050000
1897.905004,-5.270274,0.690045,0.660000,-5.930000
1898.005007,-5.091935,0.602247,-0.160000,-7.300000
1898.105046,-4.959717,0.609228,-1.180000,-8.180000
1898.205004,-4.785526,0.565825,-1.470000,-8.980000
1898.305007,-4.579946,0.512395,-1.730000,-9.370000
1898.405004,-4.386956,0.478451,-1.670000,-10.060000
1898.504985,-4.194871,0.480106,-1.860000,-10.150000
1898.604999,-3.929398,0.442117,-1.960000,-10.510000
1898.704973,-3.759372,0.428364,-2.290000,-10.630000
1898.804999,-3.554628,0.410235,-2.550000,-10.710000
1898.905003,-3.334334,0.362969,-2.920000,-11.150000
1899.005009,-3.117555,0.364623,-3.260000,-11.610000
1899.104985,-2.874357,0.350659,-3.470000,-12.150000
1899.205011,-2.632281,0.327798,-3.410000,-12.650000
1899.304989,-2.410847,0.306283,-3.200000,-12.540000
1899.405002,-2.155171,0.285262,-3.290000,-11.830000
1899.505007,-1.966670,0.230826,-3.430000,-10.750000
1899.604980,-1.744622,0.243808,-3.230000,-9.650000
1899.704978,-1.584089,0.231492,-2.910000,-9.230000
1899.805002,-1.421077,0.201337,-2.780000,-8.990000
1899.905011,-1.239094,0.151940,-2.610000,-9.140000
1900.005021,-1.082859,0.125640,-2.310000,-9.180000
1900.105015,-0.931422,0.141400,-2.280000,-8.780000
1900.204986,-0.787626,0.120568,-2.310000,-8.020000
1900.305011,-0.668846,0.089975,-2.410000,-7.300000
1900.405004,-0.548966,0.058309,-2.270000,-6.820000
1900.505000,-0.450791,0.044252,-2.110000,-6.300000
1900.605009,-0.357099,0.031123,-1.970000,-5.820000
1900.705005,-0.252482,0.012079,-1.790000,-5.430000
1900.805017,-0.191759,-0.021007,-1.640000,-5.060000
1900.904975,-0.120530,-0.021816,-1.530000,-4.520000
1901.005009,-0.082240,-0.058904,-1.570000,-3.810000
1901.105043,-0.019617,-0.044325,-1.850000,-2.890000
1901.205005,0.010917,-0.054473,-2.200000,-1.720000
1901.305031,0.009910,-0.078775,-2.430000,-0.740000
1901.404973,-0.005435,-0.074141,-2.450000,-0.070000
1901.505014,-0.034668,-0.037545,-2.540000,-0.170000
1901.605025,-0.030152,-0.015352,-2.580000,-0.760000
1901.705033,-0.013115,-0.004777,-2.790000,-1.590000
1901.804977,-0.022579,-0.027593,-2.930000,-2.100000
1901.905002,0.032377,-0.003149,-3.130000,-2.300000
1902.005000,0.041352,-0.000079,-3.140000,-2.520000
1902.105009,0.067595,0.025708,-2.720000,-2.710000
1902.205005,0.098781,0.032042,-1.980000,-2.920000
1902.305010,0.126502,0.027084,-1.590000,-2.730000
1902.404976,0.127581,0.006983,-1.510000,-2.460000
1902.505000,0.146094,-0.009310,-1.670000,-2.250000
1902.605002,0.163840,-0.017961,-1.720000,-1.940000
1902.705033,0.178534,-0.040408,-1.760000,-1.630000
1902.805000,0.195620,-0.032867,-1.740000,-1.220000
1902.905000,0.177707,-0.010426,-1.670000,-0.980000
1903.005023,0.165479,-0.015785,-1.700000,-0.990000
1903.105007,0.167859,-0.024184,-1.560000,-0.910000
1903.204975,0.156278,-0.054548,-1.220000,-0.800000
1903.305001,0.156256,-0.065904,-1.060000,-0.660000
1903.404979,0.133157,-0.060126,-1.360000,-0.220000
1903.504984,0.120545,-0.039065,-1.820000,0.300000
1903.605008,0.094038,-0.043769,-2.340000,0.610000
1903.705008,0.065739,-0.013838,-2.600000,0.740000
1903.804983,0.037031,0.005137,-2.710000,0.470000
1903.905002,0.008809,0.015626,-2.590000,-0.100000
1904.005011,0.021471,0.027200,-2.460000,-0.780000
1904.105032,0.000379,0.035217,-2.290000,-1.270000
1904.205021,0.022741,0.039963,-2.150000,-1.550000
1904.305002,0.024110,0.035732,-1.920000,-1.730000
1904.405003,0.026340,0.029056,-1.700000,-1.860000
1904.505005,0.048162,0.039027,-1.520000,-1.880000
1904.605011,0.046738,0.014509,-1.500000,-1.750000
1904.705000,0.060240,0.023474,-1.560000,-1.600000
1904.805001,0.068420,0.025432,-1.610000,-1.660000
1904.904990,0.082665,0.016787,-1.530000,-1.750000
1905.005012,0.088686,0.009572,-1.350000,-1.570000
1905.105043,0.093191,-0.018474,-1.360000,-1.210000
1905.205002,0.087635,-0.027206,-1.750000,-0.510000
1905.304995,0.086218,-0.018860,-2.000000,0.100000
1905.405001,0.068395,-0.025621,-2.070000,0.420000
1905.504979,0.064036,-0.002190,-2.030000,0.400000
1905.605034,0.033392,-0.001766,-1.860000,0.400000
1905.704977,-0.002680,0.013674,-1.720000,0.170000
1905.805010,-0.004612,0.026325,-1.660000,-0.100000
1905.905001,-0.023612,0.001303,-1.780000,-0.410000
1906.005009,-0.020533,0.036894,-2.000000,-0.760000
1906.105009,-0.009721,-0.000296,-2.160000,-0.840000
1906.205005,-0.016686,0.002488,-2.320000,-0.920000
1906.305015,-0.019333,-0.008493,-2.300000,-0.840000
1906.405020,-0.021614,0.006512,-2.260000,-0.730000
1906.504990,0.002300,0.025971,-2.160000,-0.560000
1906.605008,-0.018276,0.013201,-2.020000,-0.300000
1906.705010,-0.029116,0.008031,-1.940000,-0.060000
1906.804998,-0.013126,-0.009985,-2.040000,-0.010000
1906.905000,-0.018019,0.025726,-2.290000,0.060000
1907.005012,-0.040721,0.029907,-2.550000,0.170000
1907.105018,-0.036090,0.043854,-2.800000,0.160000
1907.205019,-0.007935,0.071615,-2.920000,0.190000
1907.305008,-0.028934,0.071817,-2.830000,0.070000
1907.404973,-0.014723,0.097211,-2.630000,-0.100000
1907.505001,-0.002194,0.108324,-2.340000,-0.230000
1907.605009,0.017514,0.081681,-2.050000,-0.230000
1907.705020,0.003345,0.113414,-1.910000,-0.200000
1907.804999,-0.019515,0.096322,-1.800000,-0.310000
1907.904984,0.018342,0.093141,-1.780000,-0.330000
1908.005006,-0.001522,0.082425,-1.880000,-0.130000
1908.105017,0.007258,0.113332,-1.960000,-0.090000
1908.204986,0.004909,0.086079,-1.830000,-0.030000
1908.304987,0.002222,0.095369,-1.620000,-0.130000
1908.404977,-0.001435,0.078757,-1.270000,-0.350000
1908.504997,0.006037,0.071108,-1.030000,-0.480000
1908.604975,-0.022518,0.071247,-0.840000,-0.470000
1908.705010,-0.011381,0.078250,-0.960000,-0.410000
1908.804973,-0.039063,0.042735,-1.290000,-0.190000
1908.905004,0.002613,0.028203,-1.490000,-0.160000
1909.005005,-0.032374,0.036798,-1.640000,-0.160000
1909.105011,-0.027175,0.051953,-1.710000,-0.250000
1909.204979,-0.032302,0.017587,-1.900000,-0.360000
1909.304991,-0.007223,0.041788,-2.080000,-0.490000
1909.404976,-0.002675,0.003122,-2.120000,-0.360000
1909.504989,0.008136,0.023561,-1.850000,-0.220000
1909.604975,0.001589,-0.008845,-1.450000,-0.050000
1909.704996,0.012769,0.000287,-1.210000,0.140000
1909.804997,0.007159,0.009637,-1.020000,0.100000
1909.904989,0.020358,-0.000926,-1.070000,0.010000
1910.005018,0.023406,0.019358,-1.090000,0.050000
1910.105019,-0.025266,0.026762,-0.970000,0.090000
1910.205034,-0.002995,0.005753,-0.850000,0.560000
1910.305006,-0.016898,0.037534,-0.630000,0.880000
1910.404977,-0.001490,0.026415,-0.550000,1.190000
1910.504992,-0.002598,0.080941,-0.520000,1.260000
1910.605010,-0.011164,0.080251,-0.670000,0.990000
1910.705018,-0.023419,0.117107,-0.970000,0.490000
1910.805030,-0.042339,0.124159,-1.390000,0.100000
1910.904994,-0.024609,0.102540,-1.640000,-0.160000
1911.005017,-0.025912,0.119847,-1.560000,-0.430000
1911.104997,-0.003029,0.093538,-1.390000,-0.570000
1911.205019,-0.023080,0.095229,-1.400000,-0.770000
1911.304999,-0.026232,0.081729,-1.410000,-0.840000
1911.405001,-0.030531,0.046935,-1.310000,-0.920000
1911.505000,-0.032286,0.042778,-1.320000,-1.110000
1911.605014,-0.076579,0.025377,-1.330000,-1.240000
1911.705017,-0.067186,0.015067,-1.700000,-0.980000
1911.805010,-0.058825,0.021204,-1.740000,-0.660000
1911.904978,-0.045179,-0.018300,-1.490000,-0.380000
1912.005001,-0.043152,-0.003624,-0.860000,-0.240000
1912.105007,-0.073998,-0.009966,-0.220000,-0.350000
1912.205003,-0.130630,-0.005931,0.400000,-0.740000
1912.305017,-0.155538,0.004498,1.080000,-1.040000
1912.405001,-0.205706,-0.003008,1.960000,-1.190000
1912.505004,-0.273138,-0.004614,2.710000,-1.380000
1912.604984,-0.367822,0.016962,3.360000,-1.540000
1912.704973,-0.434353,-0.008254,3.740000,-1.730000
1912.804972,-0.548331,0.006052,4.000000,-1.850000
1912.905027,-0.648637,0.010718,4.460000,-2.000000
1913.004984,-0.750882,0.015444,4.960000,-1.960000
1913.105002,-0.872507,0.002436,5.380000,-1.820000
1913.204998,-0.999816,0.024493,5.820000,-1.880000
1913.305002,-1.141252,0.040543,6.460000,-2.290000
1913.405000,-1.286624,0.047978,7.130000,-2.840000
1913.504997,-1.458992,0.045922,7.810000,-3.450000
1913.604982,-1.624522,0.031494,8.460000,-3.990000
1913.705003,-1.778952,0.030513,9.010000,-4.270000
1913.804998,-1.969103,0.031790,9.560000,-4.290000
1913.905002,-2.181609,0.008765,9.730000,-3.950000
1914.005008,-2.387751,0.030286,10.000000,-3.740000
1914.105013,-2.579080,0.010861,10.450000,-4.110000
1914.205019,-2.805596,0.009153,11.040000,-4.710000
1914.304976,-3.023730,0.000461,11.650000,-4.880000
1914.404971,-3.234943,0.025449,12.030000,-4.540000
1914.505000,-3.489229,0.018974,12.230000,-4.050000
1914.605002,-3.727814,0.037865,11.890000,-3.290000
1914.705020,-3.930879,0.046287,11.070000,-2.790000
1914.805006,-4.114794,0.064775,10.160000,-2.490000
1914.904974,-4.311604,0.071574,9.370000,-2.490000
1915.004976,-4.453537,0.082236,8.960000,-2.840000
1915.105007,-4.604716,0.103074,8.670000,-2.900000
1915.204988,-4.775327,0.071263,8.190000,-3.020000
1915.305003,-4.899884,0.087206,7.430000,-2.860000
1915.405006,-4.998564,0.068935,6.930000,-2.700000
1915.505001,-5.134710,0.072821,6.830000,-2.770000
1915.605006,-5.189103,0.043664,6.630000,-2.720000
1915.704998,-5.257245,0.101472,6.560000,-2.580000
1915.804998,-5.382239,0.104113,6.790000,-2.320000
1915.905004,-5.466688,0.079703,6.890000,-1.950000
1916.005014,-5.541530,0.060780,6.530000,-1.430000
1916.105019,-5.598115,0.122828,6.400000,-1.170000
1916.204975,-5.689017,0.107262,6.330000,-1.310000
1916.305008,-5.767605,0.093343,6.100000,-1.690000
1916.404988,-5.820673,0.107741,5.620000,-2.200000
1916.504999,-5.865408,0.081150,4.960000,-2.400000
1916.605013,-5.910874,0.052326,4.420000,-2.080000
1916.705007,-5.940773,0.081724,4.020000,-1.980000
1916.805008,-5.932721,0.035792,4.000000,-1.480000
1916.904975,-5.953047,0.094999,4.360000,-0.910000
1917.005005,-5.993014,0.072368,4.630000,-0.080000
1917.104982,-6.027761,0.111865,4.720000,0.710000
1917.204984,-6.022186,0.149464,4.710000,0.730000
1917.305000,-6.066636,0.191318,4.540000,0.120000
1917.404999,-6.093675,0.187841,4.430000,-1.140000
1917.505003,-6.125211,0.154042,4.090000,-2.420000
1917.604996,-6.120488,0.124749,3.610000,-2.940000
1917.704980,-6.133794,0.149807,3.540000,-3.220000
1917.804976,-6.170722,0.176400,3.400000,-3.000000
1917.904997,-6.197484,0.062273,2.970000,-2.530000
1918.005007,-6.224203,0.037714,2.660000,-1.710000
1918.104980,-6.245533,0.025749,2.350000,-1.500000
1918.204999,-6.160384,0.014051,1.880000,-0.880000
1918.305060,-6.167986,0.006247,1.590000,-0.900000
1918.405073,-6.168885,0.051381,1.310000,-0.260000
1918.505024,-6.182678,-0.027432,1.080000,0.020000
1918.604989,-6.120299,0.067236,1.070000,0.300000
1918.704973,-6.073231,0.051188,1.410000,-0.030000
1918.805014,-6.081175,0.069936,1.960000,-0.410000
1918.904997,-6.059296,0.068349,2.240000,-0.500000
1919.005014,-6.011587,0.133036,1.990000,-0.540000
1919.104994,-5.988381,0.084674,2.170000,-0.350000
1919.204975,-5.990401,0.148005,2.670000,-0.120000
1919.305011,-6.006328,0.165604,3.270000,-0.240000
1919.404993,-6.002189,0.141871,3.610000,-0.650000
1919.505083,-6.008065,0.160656,3.540000,-0.830000
1919.605007,-6.065975,0.139525,3.150000,-0.910000
1919.705004,-6.040302,0.115062,2.830000,-0.950000
1919.805022,-6.034942,0.123929,2.460000,-0.890000
1919.905001,-5.981066,0.162660,2.270000,-0.970000
1920.005006,-6.015838,0.200321,2.020000,-1.060000
1920.105002,-5.998600,0.184506,1.730000,-1.390000
1920.205015,-5.970596,0.145633,1.790000,-1.770000
1920.305013,-5.947285,0.148320,2.060000,-2.110000
1920.404972,-5.958975,0.148223,2.470000,-2.430000
1920.505000,-5.935919,0.083536,2.480000,-2.640000
1920.605001,-5.931180,0.048013,2.520000,-2.470000
1920.705005,-5.912534,0.116499,2.480000,-2.530000
1920.805004,-5.914670,0.061843,2.470000,-2.590000
1920.904975,-5.920260,0.039001,2.800000,-2.640000
1921.005002,-5.903502,0.033308,2.900000,-2.550000
1921.104998,-5.933700,0.021526,2.690000,-2.060000
1921.204998,-5.970857,-0.022345,2.840000,-1.370000
1921.304984,-5.947510,-0.047499,2.960000,-0.710000
1921.405003,-5.954433,-0.008074,2.730000,-0.510000
1921.505002,-5.967497,-0.024577,2.250000,-0.260000
1921.605000,-5.971490,-0.008326,2.080000,-0.860000
1921.705003,-5.933006,0.018086,1.940000,-1.480000
1921.804972,-5.938235,-0.112681,1.830000,-2.140000
1921.904987,-5.952167,-0.082189,1.510000,-2.110000
1922.004995,-5.900873,-0.157616,0.820000,-1.430000
1922.105035,-5.920600,-0.096847,0.550000,-0.070000
1922.205001,-5.909187,-0.150864,0.000000,0.700000
1922.305025,-5.851853,-0.203489,-0.420000,1.350000
1922.404998,-5.796625,-0.157571,-1.370000,2.010000
1922.505008,-5.727381,-0.110418,-1.940000,3.320000
1922.605009,-5.609073,-0.101398,-2.800000,4.020000
1922.705019,-5.519361,-0.043740,-3.050000,3.900000
1922.805022,-5.409265,-0.027466,-3.810000,3.820000
1922.904975,-5.326169,0.010520,-4.490000,4.010000
1923.005007,-5.162339,0.047501,-5.590000,4.480000
1923.105008,-5.013940,0.089710,-6.530000,4.710000
1923.204983,-4.797793,0.100490,-7.660000,4.460000
1923.304974,-4.641881,0.153193,-8.240000,3.600000
1923.404972,-4.475437,0.122768,-8.430000,2.870000
1923.505002,-4.306220,0.150080,-8.720000,3.080000
1923.605006,-4.106053,0.112851,-8.790000,3.760000
1923.705003,-3.915711,0.098956,-8.870000,4.120000
1923.804999,-3.711684,0.142534,-8.790000,4.410000
1923.905001,-3.530840,0.144216,-8.940000,4.500000
1924.005035,-3.361186,0.157239,-9.380000,4.340000
1924.105009,-3.121696,0.139022,-9.880000,4.020000
1924.205008,-2.920529,0.160089,-10.460000,3.680000
1924.305038,-2.732601,0.160562,-11.160000,3.780000
1924.405009,-2.500715,0.177684,-12.110000,4.470000
1924.505009,-2.235676,0.173022,-12.490000,4.860000
1924.605003,-2.033923,0.167670,-12.510000,4.370000
1924.704975,-1.785697,0.183776,-12.960000,3.620000
1924.804973,-1.541692,0.182295,-13.540000,2.830000
1924.905011,-1.310088,0.165107,-13.580000,2.410000
1925.005003,-1.062504,0.134453,-13.210000,2.490000
1925.104974,-0.837486,0.086143,-12.870000,2.420000
1925.205028,-0.586076,0.083751,-12.700000,2.230000
1925.305017,-0.375236,0.045752,-12.480000,1.930000
1925.405003,-0.209126,0.038764,-12.070000,1.520000
1925.504976,-0.001498,-0.011839,-11.640000,1.280000
1925.605007,0.183043,-0.045690,-11.410000,1.110000
1925.705012,0.377260,-0.069564,-11.600000,0.830000
1925.805009,0.523495,-0.121611,-11.770000,0.460000
1925.905005,0.688182,-0.176333,-11.760000,-0.060000
1926.005007,0.853937,-0.244276,-11.670000,-0.600000
1926.105017,1.017088,-0.292735,-11.690000,-1.070000
1926.205007,1.190017,-0.378088,-11.700000,-1.170000
1926.304979,1.338005,-0.423730,-11.780000,-0.860000
1926.405001,1.516664,-0.512131,-12.270000,0.270000
1926.505008,1.628340,-0.515843,-12.700000,1.190000
1926.605008,1.810964,-0.594819,-13.370000,2.100000
1926.705007,2.016918,-0.589165,-14.180000,2.500000
1926.804979,2.241206,-0.627207,-14.940000,3.360000
1926.905000,2.397269,-0.620913,-15.120000,4.040000
1927.005010,2.645975,-0.623559,-15.190000,4.340000
1927.105015,2.872995,-0.621923,-15.290000,3.680000
1927.205020,3.090720,-0.613218,-15.350000,2.900000
1927.305009,3.262613,-0.650896,-15.200000,1.900000
1927.405005,3.502159,-0.707037,-14.930000,1.390000
1927.504998,3.647125,-0.700632,-14.870000,1.320000
1927.605006,3.807699,-0.748467,-14.460000,1.600000
1927.705025,3.989168,-0.774309,-13.910000,1.960000
1927.805002,4.152091,-0.802084,-13.420000,1.720000
1927.905004,4.270916,-0.811297,-12.690000,1.290000
1928.005014,4.398157,-0.825373,-11.560000,0.900000
1928.104984,4.531653,-0.837939,-11.400000,0.840000
1928.205000,4.623332,-0.859268,-11.570000,1.160000
1928.305016,4.695972,-0.873554,-11.820000,1.420000
1928.404998,4.821685,-0.903543,-11.900000,1.430000
1928.504997,4.912130,-0.896233,-11.750000,1.450000
1928.605006,5.015635,-0.897528,-11.500000,1.220000
1928.704993,5.092407,-0.933702,-11.180000,1.090000
1928.805016,5.174998,-0.976730,-10.910000,1.050000
1928.904979,5.255374,-0.967856,-10.730000,1.600000
1929.005004,5.326563,-0.957574,-10.600000,1.680000
1929.105005,5.388867,-0.973080,-10.210000,1.000000
1929.205018,5.459826,-0.989394,-9.850000,0.420000
1929.305017,5.527469,-1.019161,-9.460000,0.130000
1929.404977,5.579107,-0.994218,-8.900000,0.940000
1929.505012,5.608613,-0.979466,-8.110000,1.730000
1929.605003,5.636949,-0.959032,-7.240000,2.150000
1929.704992,5.667650,-0.886083,-6.470000,2.160000
1929.804993,5.690114,-0.870880,-6.200000,1.930000
1929.905031,5.706698,-0.815851,-6.190000,1.090000
1930.005003,5.723474,-0.768600,-6.400000,-0.390000
1930.105014,5.700707,-0.826123,-6.710000,-1.290000
1930.205010,5.722499,-0.812369,-7.210000,-1.880000
1930.304981,5.696169,-0.887453,-7.620000,-2.680000
1930.405000,5.692074,-0.933060,-7.530000,-3.180000
1930.505022,5.737528,-0.973778,-7.180000,-3.620000
1930.605012,5.742237,-1.030414,-7.650000,-3.160000
1930.705022,5.724328,-1.105063,-7.970000,-2.630000
1930.805003,5.754220,-1.156257,-7.790000,-2.530000
1930.904994,5.797769,-1.194817,-7.610000,-2.280000
1931.005011,5.767108,-1.259465,-7.000000,-2.390000
1931.105005,5.802072,-1.264588,-6.530000,-1.700000
1931.205009,5.776273,-1.248859,-6.390000,-0.300000
1931.305015,5.769491,-1.268183,-6.860000,0.750000
1931.405002,5.808849,-1.285331,-6.320000,1.380000
1931.505011,5.791708,-1.179884,-5.680000,1.540000
1931.605014,5.814988,-1.214410,-5.340000,1.630000
1931.705009,5.812697,-1.109775,-5.300000,1.510000
1931.805003,5.802968,-1.133793,-5.480000,1.050000
1931.904974,5.786048,-1.076294,-5.460000,0.100000
1932.005015,5.800239,-1.114521,-5.600000,-0.560000
1932.105005,5.791848,-1.071827,-5.770000,-1.150000
1932.205006,5.756830,-1.101552,-5.780000,-1.190000
1932.304997,5.695689,-1.149338,-5.340000,-0.840000
1932.405009,5.709431,-1.173648,-5.180000,-0.100000
1932.504998,5.733918,-1.120302,-5.340000,0.560000
1932.605009,5.718211,-1.074921,-5.850000,0.770000
1932.704984,5.705563,-1.111728,-5.930000,0.880000
1932.805020,5.690617,-1.040225,-5.680000,0.720000
1932.904987,5.644004,-1.081662,-5.940000,0.430000
1933.005003,5.723186,-1.065727,-6.200000,0.730000
1933.105003,5.700710,-1.053232,-6.160000,0.480000
1933.205003,5.698588,-1.072341,-6.140000,0.610000
1933.305004,5.670002,-1.036121,-6.520000,0.380000
1933.405000,5.700149,-1.070245,-7.090000,0.300000
1933.505007,5.687893,-0.994816,-7.460000,-0.100000
1933.605001,5.654560,-1.037633,-7.270000,-0.290000
1933.705012,5.627154,-1.084962,-6.800000,-0.260000
1933.805008,5.718934,-1.090618,-6.770000,0.200000
1933.904985,5.758261,-1.016984,-6.660000,0.110000
1934.005007,5.708353,-1.055469,-6.990000,0.120000
1934.105019,5.718888,-1.070490,-7.270000,0.240000
1934.204999,5.703442,-1.030656,-7.290000,0.290000
1934.304993,5.678746,-1.058717,-7.420000,0.350000
1934.405003,5.686002,-1.100853,-7.460000,0.150000
1934.504999,5.720685,-1.103030,-7.500000,0.130000
1934.605003,5.766781,-1.086030,-7.120000,0.230000
1934.705002,5.763783,-1.034848,-6.870000,0.340000
1934.804999,5.719951,-1.072641,-6.840000,0.330000
1934.904989,5.743292,-1.061101,-6.970000,0.410000
1935.005008,5.750329,-1.072994,-7.040000,0.840000
1935.105015,5.760894,-0.995957,-6.970000,1.170000
1935.204974,5.709168,-0.982333,-6.840000,0.750000
1935.305028,5.712269,-1.027663,-6.850000,0.310000
1935.405012,5.774536,-0.982740,-6.950000,0.380000
1935.505002,5.774223,-0.948876,-6.740000,0.410000
1935.605001,5.768248,-1.001957,-6.550000,0.460000
1935.705018,5.723859,-0.923644,-6.360000,0.140000
1935.805031,5.718182,-1.027459,-6.310000,-0.020000
1935.905006,5.737645,-0.970290,-6.310000,-0.180000
1936.005016,5.727263,-1.001292,-6.350000,-0.180000
1936.105038,5.700618,-1.086440,-6.670000,-0.680000
1936.204992,5.747072,-0.984888,-6.660000,-0.420000
1936.305011,5.722851,-1.174868,-6.610000,-0.310000
1936.404974,5.709929,-1.028361,-7.140000,-0.020000
1936.504974,5.745842,-1.107813,-7.560000,0.140000
1936.604975,5.778751,-1.015708,-7.300000,0.170000
1936.704999,5.755101,-1.030069,-6.930000,0.010000
1936.804996,5.789639,-1.082424,-6.910000,-0.510000
1936.904979,5.766585,-1.060911,-7.190000,-0.460000
1937.004979,5.758810,-1.073351,-7.020000,-0.420000
1937.105010,5.761041,-1.044614,-6.720000,-0.450000
1937.205002,5.725619,-1.112825,-6.720000,-0.260000
1937.304981,5.800337,-1.086179,-6.990000,0.300000
1937.404989,5.817142,-1.019632,-7.060000,0.340000
1937.505012,5.820943,-1.076913,-6.850000,0.350000
1937.605013,5.860667,-1.036619,-6.590000,0.330000
1937.705004,5.859822,-0.959800,-6.390000,-0.060000
1937.805002,5.846708,-1.043867,-6.500000,-0.010000
1937.904976,5.797864,-0.994407,-6.340000,-0.400000
1938.004983,5.746899,-1.100580,-6.550000,-0.080000
1938.105008,5.753803,-1.043993,-6.870000,-0.080000
1938.205012,5.750607,-1.069178,-7.060000,-0.550000
1938.304998,5.754611,-1.113550,-6.580000,-0.790000
1938.404997,5.789900,-1.033302,-6.080000,-0.440000
1938.504998,5.769591,-1.104871,-6.660000,0.010000
1938.605006,5.775257,-1.048834,-7.630000,0.490000
1938.704975,5.746795,-1.087417,-8.390000,0.620000
1938.805002,5.765330,-1.126112,-8.650000,0.860000
1938.904976,5.810615,-1.134083,-8.400000,0.750000
1939.005008,5.803089,-1.159988,-7.730000,0.360000
1939.105005,5.849571,-1.173281,-7.130000,-0.190000
1939.205008,5.864257,-1.183211,-6.460000,-0.320000
1939.305011,5.825508,-1.171512,-6.140000,0.450000
1939.404975,5.775367,-1.156115,-6.240000,1.090000
1939.505037,5.819552,-1.162967,-6.570000,1.680000
1939.605006,5.827261,-1.153863,-7.100000,2.060000
1939.704989,5.861401,-1.149303,-7.760000,2.080000
1939.804997,5.893107,-1.129902,-8.370000,2.030000
1939.905015,5.877997,-1.088519,-8.450000,1.950000
1940.005019,5.854217,-1.131024,-7.970000,1.870000
1940.104997,5.891386,-1.129283,-7.550000,1.970000
1940.204995,5.938108,-1.118876,-7.050000,1.990000
1940.305007,5.942876,-1.089158,-6.670000,2.070000
1940.404972,5.944826,-1.042246,-6.330000,2.020000
1940.504974,5.843379,-1.050700,-6.680000,2.170000
1940.605037,5.864419,-1.030881,-7.350000,2.000000
1940.704975,5.851069,-1.032126,-7.140000,1.950000
1940.805026,5.849657,-1.034844,-6.420000,1.830000
1940.905017,5.826772,-1.024866,-5.970000,1.760000
1941.004975,5.879642,-0.996684,-6.170000,2.040000
1941.104987,5.897519,-0.941417,-6.500000,2.070000
1941.205014,5.886602,-0.889812,-6.580000,1.590000
1941.305021,5.867833,-0.861323,-6.570000,1.080000
1941.405021,5.842615,-0.871160,-6.480000,0.490000
1941.505014,5.805980,-0.909417,-6.640000,-0.040000
1941.605012,5.818766,-0.916055,-7.060000,-0.230000
1941.705000,5.836026,-0.899558,-7.350000,-0.150000
1941.804975,5.800001,-0.954712,-7.600000,-0.080000
1941.904991,5.792203,-0.997339,-7.620000,-0.350000
1942.004975,5.845351,-1.026473,-7.820000,-0.610000
1942.105012,5.889281,-1.000234,-8.110000,-0.540000
1942.204986,5.885392,-1.033166,-8.110000,-0.720000
1942.305012,5.896220,-1.083073,-8.010000,-0.710000
1942.405003,5.940922,-1.085783,-7.940000,-0.450000
1942.505013,5.950191,-1.073459,-7.720000,-0.240000
1942.605003,5.913922,-1.101441,-7.290000,-0.090000
1942.705009,5.927436,-1.132937,-7.120000,0.050000
1942.804972,5.956074,-1.113522,-6.790000,0.540000
1942.904984,5.967567,-1.064848,-6.560000,0.930000
1943.004983,5.914079,-1.084310,-6.630000,1.220000
1943.105040,5.873379,-1.150153,-6.660000,1.340000
1943.204996,5.924089,-1.142521,-6.850000,1.260000
1943.304999,5.938756,-1.099918,-6.540000,1.220000
1943.404976,5.907713,-1.113375,-6.330000,0.800000
1943.504997,5.916592,-1.136375,-6.630000,0.780000
1943.605009,5.870497,-1.129171,-6.860000,1.160000
1943.705006,5.857239,-1.123260,-6.910000,1.620000
1943.805005,5.868695,-1.031096,-6.670000,1.740000
1943.905005,5.826164,-1.033055,-6.810000,1.640000
1944.005029,5.798724,-1.049499,-6.920000,1.230000
1944.104999,5.804539,-1.051561,-6.790000,0.730000
1944.205007,5.843595,-1.038661,-6.700000,0.320000
1944.304997,5.871603,-1.012499,-6.740000,0.300000
1944.405017,5.831558,-1.030635,-6.860000,0.760000
1944.504974,5.863054,-1.037497,-6.600000,1.110000
1944.604979,5.850986,-1.042663,-6.020000,0.460000
1944.704986,5.840942,-1.028388,-5.340000,-0.230000
1944.805030,5.821181,-0.986668,-4.660000,-0.550000
1944.905000,5.783875,-0.970426,-3.670000,-0.860000
1945.005023,5.718793,-0.998677,-2.800000,-1.070000
1945.104986,5.648176,-0.992871,-2.040000,-1.260000
1945.204984,5.562783,-0.971169,-1.180000,-1.290000
1945.305004,5.464285,-0.957590,-0.440000,-1.140000
1945.404989,5.367295,-0.952456,0.460000,-0.730000
1945.505008,5.251964,-0.962410,1.580000,-0.040000
1945.605027,5.137647,-0.875055,2.770000,0.230000
1945.705004,4.977812,-0.951108,3.650000,-0.120000
1945.804997,4.769089,-0.840462,4.280000,-0.900000
1945.905002,4.642618,-0.772307,5.350000,-1.750000
1946.005005,4.364336,-0.797084,6.310000,-3.010000
1946.105017,4.259176,-0.848726,6.840000,-3.030000
1946.204998,3.975114,-0.756411,7.180000,-2.660000
1946.305012,3.759275,-0.755700,7.040000,-1.300000
1946.404972,3.598495,-0.739765,6.300000,1.400000
1946.505002,3.394973,-0.601943,6.030000,2.740000
1946.604980,3.282711,-0.529695,5.790000,2.580000
1946.705005,3.063777,-0.387003,5.580000,0.200000
1946.804978,2.830487,-0.426680,5.370000,-3.450000
1946.905017,2.718366,-0.450527,5.440000,-6.010000
1947.005004,2.512675,-0.523542,5.530000,-6.700000
1947.104992,2.307381,-0.594048,5.580000,-4.380000
1947.204996,2.131402,-0.650751,6.140000,-1.310000
1947.305001,1.957794,-0.585088,6.650000,0.800000
1947.405007,1.808726,-0.525079,6.800000,0.780000
1947.505002,1.603337,-0.494882,6.840000,-0.510000
1947.605011,1.445959,-0.465696,6.710000,-2.050000
1947.704980,1.319928,-0.472115,6.520000,-3.330000
1947.805004,1.133390,-0.525264,6.090000,-4.380000
1947.905003,0.982549,-0.538649,5.560000,-4.760000
1948.005016,0.791575,-0.615389,5.320000,-4.960000
1948.105005,0.671147,-0.630520,5.020000,-5.120000
1948.204973,0.478109,-0.711333,4.590000,-5.490000
1948.304999,0.388524,-0.770095,3.890000,-5.930000
1948.405015,0.260505,-0.847467,3.240000,-6.700000
1948.505006,0.110806,-0.969871,2.600000,-7.480000
1948.604986,0.038678,-1.048345,1.820000,-8.230000
1948.704978,-0.056293,-1.190525,1.240000,-9.310000
1948.804999,-0.118846,-1.325831,0.670000,-10.070000
1948.905006,-0.248844,-1.483629,0.160000,-10.890000
1949.005018,-0.309526,-1.669143,-0.200000,-11.600000
1949.105002,-0.362343,-1.815338,-0.670000,-12.110000
1949.205005,-0.416198,-2.015067,-1.010000,-12.400000
1949.305001,-0.470338,-2.212516,-1.170000,-12.400000
1949.404992,-0.536501,-2.407728,-1.270000,-12.290000
1949.505015,-0.573120,-2.604435,-1.420000,-11.800000
1949.605026,-0.657610,-2.769585,-1.480000,-11.280000
1949.704975,-0.656051,-2.930808,-1.620000,-10.700000
1949.804989,-0.722472,-3.095236,-1.750000,-10.240000
1949.905004,-0.770602,-3.222247,-1.920000,-9.610000
1950.005007,-0.796091,-3.351673,-1.920000,-9.190000
1950.105015,-0.815154,-3.474891,-1.960000,-9.010000
1950.205003,-0.859052,-3.596876,-1.890000,-8.740000
1950.305000,-0.921985,-3.679670,-2.090000,-8.290000
1950.405000,-0.914069,-3.762774,-2.340000,-7.680000
1950.505017,-0.921034,-3.857457,-2.400000,-7.130000
1950.604982,-0.932294,-3.948229,-2.530000,-6.420000
1950.705029,-0.972163,-4.015977,-2.920000,-5.690000
1950.804999,-0.977379,-4.056453,-3.190000,-5.240000
1950.904998,-0.963463,-4.100492,-3.320000,-4.810000
1951.005007,-0.992073,-4.142432,-3.400000,-4.080000
1951.105000,-0.994590,-4.131846,-3.670000,-3.140000
1951.205001,-0.943503,-4.136743,-3.860000,-2.540000
1951.304975,-0.950961,-4.131536,-3.690000,-2.310000
1951.405005,-0.915589,-4.148565,-3.360000,-2.530000
1951.505004,-0.883858,-4.115313,-3.350000,-2.730000
1951.604980,-0.915045,-4.109485,-3.730000,-2.560000
1951.705003,-0.924566,-4.094379,-4.210000,-2.420000
1951.804996,-0.890758,-4.100092,-4.520000,-2.300000
1951.904978,-0.861953,-4.097016,-4.490000,-2.060000
1952.005006,-0.835630,-4.095091,-4.270000,-1.680000
1952.105057,-0.766743,-4.076249,-3.730000,-1.290000
1952.205004,-0.739034,-4.050791,-3.240000,-0.770000
1952.305050,-0.715315,-4.017754,-2.770000,0.230000
1952.405012,-0.704793,-3.972682,-2.470000,1.570000
1952.505039,-0.702626,-3.893701,-2.200000,2.880000
1952.605019,-0.716330,-3.780169,-2.000000,3.950000
1952.705027,-0.705690,-3.621479,-2.080000,4.750000
1952.804997,-0.687243,-3.538436,-2.190000,5.100000
1952.905002,-0.625822,-3.449178,-2.110000,5.280000
1953.005012,-0.587493,-3.279214,-2.210000,6.110000
1953.104985,-0.580955,-3.101233,-2.460000,7.190000
1953.205005,-0.540870,-2.932203,-2.380000,8.130000
1953.305011,-0.536925,-2.764050,-2.140000,9.440000
1953.404990,-0.479941,-2.533264,-2.130000,11.270000
1953.505004,-0.446711,-2.314683,-1.470000,12.510000
1953.604977,-0.378417,-2.070340,-0.340000,12.350000
1953.704978,-0.404957,-1.834369,0.290000,11.200000
1953.805001,-0.429294,-1.616244,0.420000,9.490000
1953.904995,-0.394426,-1.427264,0.320000,8.330000
1954.005013,-0.401289,-1.228659,0.180000,7.990000
1954.105022,-0.412937,-1.065337,0.610000,8.010000
1954.205001,-0.430956,-0.920250,1.260000,7.810000
1954.304982,-0.494335,-0.751865,1.890000,7.140000
1954.405003,-0.530495,-0.596072,2.490000,6.160000
1954.505023,-0.584520,-0.472946,3.050000,5.150000
1954.604976,-0.648391,-0.336706,3.570000,4.210000
1954.705014,-0.773199,-0.255283,4.090000,3.270000
1954.804975,-0.883538,-0.160476,4.620000,2.480000
1954.905006,-0.967919,-0.076444,4.940000,1.930000
1955.005013,-1.065325,-0.042839,5.330000,1.380000
1955.105004,-1.179790,0.025551,5.820000,1.070000
1955.204981,-1.333577,0.088180,6.200000,0.780000
1955.305005,-1.481958,0.101855,6.610000,0.410000
1955.405002,-1.640115,0.153222,6.900000,0.140000
1955.504974,-1.759259,0.187251,7.110000,0.060000
1955.605010,-1.923801,0.227988,7.360000,0.000000
1955.705035,-2.061987,0.242592,7.670000,-0.030000
1955.804999,-2.230157,0.285217,8.210000,0.020000
1955.905000,-2.402248,0.315357,8.800000,-0.010000
1956.004979,-2.559996,0.332527,9.250000,0.070000
1956.105031,-2.734581,0.382917,9.460000,0.090000
1956.204993,-2.930325,0.394228,9.530000,0.040000
1956.304985,-3.118631,0.440627,9.570000,-0.120000
1956.405001,-3.280021,0.477196,9.530000,-0.040000
1956.505000,-3.457689,0.481851,9.290000,0.310000
1956.604975,-3.620042,0.515961,8.880000,0.690000
1956.704975,-3.767171,0.559530,8.320000,0.990000
1956.805010,-3.927135,0.597751,7.920000,1.080000
1956.904983,-4.042723,0.633075,7.640000,0.990000
1957.005008,-4.163693,0.675356,7.140000,1.120000
1957.105002,-4.279924,0.707735,6.430000,1.500000
1957.204997,-4.393112,0.753709,5.890000,1.990000
1957.304987,-4.507961,0.808343,5.840000,2.300000
1957.405008,-4.594190,0.829890,5.920000,2.580000
1957.504976,-4.619360,0.936543,5.740000,3.070000
1957.605040,-4.701358,0.983248,5.830000,2.580000
1957.704999,-4.793779,1.052465,5.670000,1.260000
1957.804998,-4.863028,1.055681,5.410000,-0.550000
1957.905012,-4.945059,1.045694,5.360000,-1.440000
1958.005015,-5.005105,1.048895,5.360000,-1.730000
1958.105014,-5.083397,1.037439,5.100000,-1.340000
1958.205001,-5.133464,0.978012,4.820000,-0.770000
1958.305006,-5.228899,1.027280,4.770000,-0.580000
1958.404995,-5.292996,0.934970,4.800000,-0.650000
1958.504996,-5.293376,0.973588,4.520000,-0.610000
1958.605013,-5.345974,0.955446,4.120000,-0.560000
1958.704994,-5.363292,0.982668,3.770000,-0.350000
1958.805024,-5.425498,0.952607,3.400000,-0.140000
1958.905005,-5.456875,0.956375,3.120000,0.210000
1959.004982,-5.471706,0.947735,3.130000,0.680000
1959.105016,-5.530350,0.959423,3.460000,0.800000
1959.204975,-5.470772,0.965050,3.460000,1.090000
1959.305009,-5.544008,0.997882,3.680000,1.000000
1959.405020,-5.537404,1.035716,3.760000,1.080000
1959.505008,-5.643523,1.013596,3.890000,1.020000
1959.605003,-5.585430,1.053558,3.550000,1.180000
1959.705012,-5.652753,1.047594,3.130000,1.030000
1959.804981,-5.654589,1.100514,2.940000,0.810000
1959.905029,-5.664184,1.065262,2.950000,0.580000
1960.004982,-5.652790,1.093253,2.930000,0.130000
1960.105014,-5.694144,1.125443,2.960000,0.320000
1960.204980,-5.705542,1.082068,2.810000,0.520000
1960.304991,-5.738689,1.120259,2.830000,0.740000
1960.405011,-5.714750,1.113774,2.430000,0.730000
1960.505005,-5.743525,1.092714,1.990000,0.880000
1960.605004,-5.747639,1.143824,1.710000,0.660000
1960.704993,-5.752974,1.084695,1.440000,0.410000
1960.805008,-5.712745,1.124735,1.120000,0.360000
1960.905004,-5.738879,1.078344,1.050000,0.330000
1961.004978,-5.675933,1.091985,0.950000,0.500000
1961.105018,-5.697727,1.075560,1.250000,0.320000
1961.204977,-5.662836,1.088953,1.220000,0.470000
1961.304990,-5.695201,1.082916,1.450000,0.390000
1961.405027,-5.639425,1.084148,1.220000,0.530000
1961.505005,-5.649558,1.097839,1.260000,0.550000
1961.605008,-5.618147,1.088318,1.250000,0.590000
1961.705022,-5.646564,1.121261,1.660000,0.500000
1961.804972,-5.582959,1.085202,1.600000,0.010000
1961.904987,-5.613033,1.098909,1.630000,-0.130000
1962.005022,-5.598357,1.050838,1.680000,-0.290000
1962.105011,-5.647554,1.105216,2.000000,-0.190000
1962.204974,-5.600147,1.004918,2.050000,-0.290000
1962.305004,-5.574151,1.080502,1.770000,0.170000
1962.405009,-5.597370,0.983079,1.770000,0.460000
1962.505016,-5.584898,1.026011,1.460000,0.720000
1962.605004,-5.643092,1.070364,1.540000,1.030000
1962.705018,-5.568272,1.021878,1.100000,0.870000
1962.804989,-5.554689,1.022915,0.880000,0.680000
1962.905000,-5.541407,1.017869,0.770000,0.920000
1963.005006,-5.536196,0.979991,1.400000,0.980000
1963.105038,-5.448299,1.016422,2.050000,1.430000
1963.205004,-5.485637,1.036917,3.220000,1.420000
1963.304974,-5.566050,1.098128,4.050000,1.350000
1963.405037,-5.564240,1.077898,4.550000,1.020000
1963.504973,-5.656478,1.090129,4.490000,0.480000
1963.605036,-5.656516,1.104737,3.850000,0.400000
1963.705016,-5.678788,1.099409,3.660000,0.500000
1963.804996,-5.759082,1.104229,3.470000,1.030000
1963.904998,-5.804421,1.113772,3.010000,1.100000
1964.005016,-5.789004,1.094074,2.280000,0.770000
1964.105001,-5.746570,1.110111,1.520000,0.310000
1964.204999,-5.798610,1.062364,1.120000,0.020000
1964.305008,-5.772767,1.065061,1.140000,0.410000
1964.404995,-5.731518,1.048530,1.470000,0.840000
1964.504973,-5.711493,0.997197,1.560000,1.370000
1964.604997,-5.735162,1.071571,1.340000,1.980000
1964.704992,-5.698683,1.023424,1.280000,2.410000
1964.805003,-5.720739,1.097973,1.380000,2.280000
1964.905023,-5.677403,1.043928,1.520000,1.870000
1965.004976,-5.710597,1.048236,1.800000,1.420000
1965.104982,-5.656846,1.107974,1.990000,1.560000
1965.205000,-5.633908,1.063438,2.410000,1.800000
1965.304997,-5.627418,1.101453,2.630000,1.920000
1965.404971,-5.615224,1.145413,2.980000,1.990000
1965.505006,-5.624645,1.104657,2.790000,2.340000
1965.605009,-5.685083,1.167821,2.810000,2.760000
1965.705065,-5.642836,1.187620,2.630000,2.550000
1965.804999,-5.606730,1.203227,2.600000,2.090000
1965.904979,-5.651611,1.222476,2.670000,1.500000
1966.004978,-5.679851,1.199713,3.070000,0.990000
1966.104981,-5.709983,1.181456,3.490000,0.770000
1966.204979,-5.727287,1.214395,3.100000,1.200000
1966.305010,-5.721797,1.224531,2.450000,1.450000
1966.405005,-5.712998,1.242525,1.970000,1.340000
1966.504973,-5.737618,1.248497,1.770000,1.000000
1966.604975,-5.792085,1.234639,1.860000,0.250000
1966.704988,-5.740601,1.239879,1.850000,0.100000
1966.805007,-5.709572,1.209558,1.910000,0.430000
1966.904989,-5.745636,1.204132,1.830000,0.640000
1967.005009,-5.740340,1.208554,1.500000,0.520000
1967.105019,-5.751889,1.148654,1.380000,0.330000
1967.205013,-5.736358,1.196679,1.290000,0.230000
1967.305005,-5.744629,1.117536,1.270000,0.390000
1967.404994,-5.710711,1.133685,1.230000,0.280000
1967.505038,-5.716234,1.156729,1.410000,0.370000
1967.604999,-5.715933,1.132452,1.630000,0.670000
1967.705017,-5.727170,1.156204,1.890000,1.170000
1967.805002,-5.725965,1.091838,2.100000,1.350000
1967.905007,-5.745624,1.103849,2.270000,1.250000
1968.005019,-5.746746,1.109993,2.590000,1.050000
1968.105029,-5.732316,1.172172,2.630000,1.280000
1968.205002,-5.718347,1.137807,2.630000,1.210000
1968.304996,-5.771972,1.178702,2.550000,1.230000
1968.404976,-5.768657,1.147979,2.370000,1.150000
1968.504973,-5.778859,1.216675,2.260000,0.810000
1968.604976,-5.779233,1.174252,2.340000,0.760000
1968.705004,-5.790379,1.200267,2.250000,0.710000
1968.804980,-5.829253,1.179611,2.090000,0.890000
1968.904993,-5.805976,1.219103,1.830000,0.730000
1969.005017,-5.791533,1.167176,1.720000,0.260000
1969.104974,-5.858335,1.172680,1.900000,0.070000
1969.204972,-5.801752,1.175132,1.640000,0.250000
1969.305012,-5.807940,1.151214,1.420000,0.290000
1969.405006,-5.846155,1.157471,1.280000,0.660000
1969.505003,-5.808681,1.137244,1.390000,0.860000
1969.605009,-5.828444,1.134140,1.430000,0.770000
1969.705007,-5.749914,1.164928,1.450000,0.550000
1969.804973,-5.779260,1.186774,1.950000,0.410000
1969.904981,-5.763628,1.105787,2.200000,0.030000
1970.005013,-5.813979,1.128312,2.060000,0.070000
1970.105016,-5.799069,1.147483,1.700000,0.350000
1970.204986,-5.839144,1.097244,1.550000,0.640000
1970.305021,-5.775789,1.121361,1.480000,0.440000
1970.405000,-5.817694,1.134966,1.880000,0.530000
1970.504973,-5.786983,1.071772,2.090000,0.570000
1970.604984,-5.840094,1.101653,2.440000,0.410000
1970.705002,-5.805744,1.095954,2.250000,0.560000
1970.805007,-5.790534,1.094144,1.900000,0.370000
1970.905005,-5.836832,1.094397,2.040000,0.650000
1971.005016,-5.858862,1.132327,2.280000,1.100000
1971.105004,-5.798366,1.115420,2.010000,1.570000
1971.205003,-5.830084,1.170433,1.620000,2.070000
1971.305003,-5.791252,1.198736,1.280000,2.260000
1971.405000,-5.808712,1.201021,1.290000,1.580000
1971.505000,-5.798365,1.219070,1.230000,0.340000
1971.605045,-5.815373,1.252365,1.220000,-1.010000
1971.705035,-5.798969,1.164267,1.400000,-1.840000
1971.805001,-5.782037,1.151760,1.690000,-1.820000
1971.904980,-5.779680,1.041891,1.990000,-0.830000
1972.005022,-5.729793,1.013529,1.850000,0.230000
1972.105011,-5.789598,1.052420,1.890000,1.620000
1972.204998,-5.773354,1.026519,2.160000,2.600000
1972.305016,-5.751195,1.054161,2.170000,2.790000
1972.405004,-5.777235,1.137526,2.120000,2.630000
1972.505019,-5.797679,1.157343,2.400000,1.850000
1972.604982,-5.787050,1.152079,2.850000,0.650000
1972.705003,-5.827512,1.131184,3.650000,-0.050000
1972.804997,-5.836757,1.122754,3.950000,0.150000
1972.905015,-5.879383,1.116133,3.950000,0.980000
1973.005011,-5.881770,1.142650,3.520000,1.830000
1973.105017,-5.911081,1.151335,3.600000,2.020000
1973.205003,-5.924251,1.233201,3.510000,1.620000
1973.305015,-5.952652,1.242526,3.550000,1.000000
1973.404975,-5.965994,1.273015,3.490000,0.320000
1973.505025,-5.963185,1.243107,3.020000,0.080000
1973.605012,-6.018417,1.209558,2.730000,0.580000
1973.705007,-6.015044,1.204635,2.400000,0.820000
1973.804973,-6.014598,1.155126,1.880000,1.020000
1973.905010,-5.948548,1.202938,0.790000,1.500000
1974.005003,-5.915947,1.214736,0.070000,1.280000
1974.105013,-5.904337,1.188386,-1.120000,1.000000
1974.204992,-5.844153,1.196608,-2.720000,0.960000
1974.305022,-5.730288,1.149309,-3.770000,0.920000
1974.404975,-5.641058,1.160513,-4.500000,1.150000
1974.505004,-5.495187,1.097787,-5.150000,1.540000
1974.605006,-5.379449,1.118085,-5.620000,1.720000
1974.705050,-5.269900,1.061013,-5.670000,1.770000
1974.805012,-5.096940,1.046183,-6.090000,1.760000
1974.905016,-5.019143,1.025205,-6.260000,1.860000
1975.005013,-4.827977,1.008338,-6.280000,1.830000
1975.104985,-4.727799,1.021312,-6.170000,1.210000
1975.204987,-4.590662,0.987134,-6.600000,0.750000
1975.305001,-4.444201,0.899541,-7.450000,0.370000
1975.405007,-4.251561,0.861300,-8.010000,0.930000
1975.505002,-4.110307,0.838967,-8.120000,1.530000
1975.605010,-3.945793,0.809543,-8.430000,2.040000
1975.704977,-3.763568,0.777839,-9.610000,2.000000
1975.805004,-3.569520,0.707132,-10.660000,1.620000
1975.905003,-3.382495,0.702266,-11.330000,1.590000
1976.005013,-3.145142,0.648739,-11.760000,1.910000
1976.105022,-2.895800,0.614515,-12.050000,2.490000
1976.205013,-2.669893,0.607318,-12.170000,2.850000
1976.304974,-2.444928,0.577446,-12.570000,2.580000
1976.404975,-2.209979,0.545313,-13.120000,1.650000
1976.504998,-1.987137,0.500767,-13.280000,0.190000
1976.605018,-1.784838,0.422961,-12.950000,-1.270000
1976.705011,-1.603877,0.331642,-12.060000,-2.640000
1976.804985,-1.426260,0.193566,-11.070000,-3.570000
1976.905026,-1.241529,0.078851,-10.370000,-4.130000
1977.005020,-1.101860,-0.053353,-9.840000,-4.330000
1977.105032,-0.988864,-0.156163,-9.290000,-4.330000
1977.204990,-0.882124,-0.270034,-8.550000,-4.210000
1977.305023,-0.754384,-0.369336,-7.800000,-4.000000
1977.405001,-0.642157,-0.487126,-7.230000,-3.740000
1977.504974,-0.551251,-0.545992,-6.630000,-3.780000
1977.604977,-0.502617,-0.641458,-5.930000,-4.230000
1977.705029,-0.434911,-0.762780,-5.500000,-5.020000
1977.805001,-0.415784,-0.864863,-5.130000,-5.880000
1977.905017,-0.383041,-1.002196,-4.800000,-6.670000
1978.005051,-0.346534,-1.108168,-4.410000,-7.350000
1978.105004,-0.355918,-1.272043,-4.210000,-7.770000
1978.204995,-0.328934,-1.394230,-4.180000,-8.110000
1978.305022,-0.306380,-1.549894,-4.090000,-8.650000
1978.405006,-0.315113,-1.715050,-4.000000,-9.310000
1978.504982,-0.287762,-1.877992,-3.690000,-9.910000
1978.605000,-0.327715,-2.030626,-3.460000,-10.020000
1978.705011,-0.310148,-2.199733,-3.280000,-9.560000
1978.805027,-0.340434,-2.345944,-3.310000,-8.840000
1978.904983,-0.330240,-2.490023,-3.290000,-8.200000
1979.005011,-0.339040,-2.616607,-3.110000,-7.590000
1979.105006,-0.329517,-2.739969,-2.680000,-6.930000
1979.204991,-0.333057,-2.826535,-2.260000,-6.270000
1979.305012,-0.360115,-2.928463,-2.000000,-5.910000
1979.405001,-0.348630,-2.992097,-1.840000,-5.640000
1979.505005,-0.390081,-3.066119,-1.450000,-5.800000
1979.604984,-0.407791,-3.152196,-1.310000,-6.100000
1979.705013,-0.421590,-3.225474,-1.310000,-6.670000
1979.804976,-0.450993,-3.330672,-1.520000,-7.030000
1979.905028,-0.448390,-3.421401,-1.600000,-7.480000
1980.005045,-0.479437,-3.541418,-1.660000,-7.770000
1980.104974,-0.499685,-3.611908,-1.830000,-7.580000
1980.204994,-0.514550,-3.701518,-1.740000,-7.000000
1980.305021,-0.549545,-3.788286,-1.470000,-6.070000
1980.405004,-0.565071,-3.843622,-1.410000,-4.940000
1980.505006,-0.579701,-3.901242,-1.390000,-3.970000
1980.604974,-0.602986,-3.925988,-1.180000,-3.090000
1980.704982,-0.615329,-3.929750,-0.780000,-2.590000
1980.805012,-0.634456,-3.943689,-0.420000,-2.240000
1980.904998,-0.680268,-3.954682,-0.480000,-2.140000
1981.004987,-0.686040,-3.934088,-0.750000,-2.220000
1981.105001,-0.687912,-3.951691,-1.070000,-2.390000
1981.205004,-0.732954,-3.976822,-1.550000,-2.780000
1981.305022,-0.709677,-3.965825,-2.010000,-3.140000
1981.404991,-0.730426,-4.023176,-2.420000,-2.910000
1981.504977,-0.735517,-3.992869,-2.540000,-1.890000
1981.605022,-0.759471,-3.991752,-2.400000,-0.680000
1981.704974,-0.727146,-3.957557,-2.240000,0.620000
1981.804972,-0.694089,-3.913746,-2.360000,1.830000
1981.905019,-0.739963,-3.879073,-2.120000,2.520000
1982.005011,-0.769176,-3.776791,-1.510000,2.720000
1982.105016,-0.712816,-3.686841,-1.170000,3.080000
1982.204973,-0.699034,-3.584046,-1.390000,4.070000
1982.305000,-0.668414,-3.478838,-1.930000,5.320000
1982.405030,-0.648731,-3.358521,-2.560000,6.060000
1982.505004,-0.623306,-3.219483,-2.700000,6.210000
1982.605020,-0.623429,-3.073691,-2.350000,6.330000
1982.705002,-0.614523,-2.933629,-2.110000,6.500000
1982.805005,-0.534335,-2.762580,-2.280000,8.150000
1982.905011,-0.509375,-2.587659,-2.670000,10.560000
1983.005012,-0.448807,-2.373122,-3.250000,12.580000
1983.105014,-0.388876,-2.143363,-3.780000,13.340000
1983.204998,-0.289156,-1.900502,-4.200000,12.830000
1983.305014,-0.202568,-1.686612,-4.810000,11.840000
1983.404978,-0.109295,-1.489548,-5.600000,10.650000
1983.504996,-0.001050,-1.316004,-6.230000,9.580000
1983.604975,0.118870,-1.164465,-6.550000,8.420000
1983.704979,0.240437,-1.030459,-6.850000,7.410000
1983.804988,0.342658,-0.932175,-7.070000,6.350000
1983.905000,0.467217,-0.832223,-7.540000,5.740000
1984.004979,0.608168,-0.764745,-8.130000,5.170000
1984.105072,0.702163,-0.657289,-8.360000,4.770000
1984.205012,0.777188,-0.632925,-8.540000,4.320000
1984.305011,0.958480,-0.634048,-9.040000,3.640000
1984.405007,1.059835,-0.549713,-9.410000,3.310000
1984.505010,1.226171,-0.554576,-9.650000,3.290000
1984.605036,1.290636,-0.512018,-9.790000,3.150000
1984.705036,1.507511,-0.495878,-10.580000,2.860000
1984.804998,1.635729,-0.501829,-12.020000,2.790000
1984.904999,1.768821,-0.489995,-12.920000,2.480000
1985.004990,1.960949,-0.469450,-13.480000,2.180000
1985.105008,2.164908,-0.497708,-14.020000,2.000000
1985.204976,2.322470,-0.532187,-14.820000,1.900000
1985.305017,2.539096,-0.532984,-15.550000,1.750000
1985.405003,2.763784,-0.540897,-16.060000,2.020000
1985.505017,2.988286,-0.586944,-16.440000,2.050000
1985.605006,3.182249,-0.599621,-16.370000,1.960000
1985.705007,3.345711,-0.624349,-15.800000,1.780000
1985.805001,3.609111,-0.668365,-15.700000,1.500000
1985.904993,3.769773,-0.699800,-15.470000,0.780000
1986.005024,3.917180,-0.677809,-15.060000,0.210000
1986.104973,4.082617,-0.777513,-14.640000,0.050000
1986.205004,4.237360,-0.819523,-14.070000,0.200000
1986.304986,4.352601,-0.859126,-13.340000,0.330000
1986.405012,4.486558,-0.885241,-13.050000,0.700000
1986.505008,4.612441,-0.917816,-12.800000,1.030000
1986.604982,4.737202,-0.930296,-12.680000,1.020000
1986.705007,4.865928,-0.932903,-12.510000,0.930000
1986.805001,4.967950,-0.926690,-12.310000,0.860000
1986.904973,5.047219,-0.962688,-11.970000,0.690000
1987.005022,5.100783,-1.003655,-11.770000,0.390000
1987.104995,5.190457,-1.019944,-11.780000,0.060000
1987.205018,5.306341,-1.025951,-11.420000,-0.120000
1987.305025,5.415699,-1.034644,-10.690000,-0.330000
1987.405003,5.461891,-1.037474,-10.050000,-0.220000
1987.505001,5.460487,-1.072257,-9.490000,-0.240000
1987.605009,5.517684,-1.109728,-9.350000,-0.330000
1987.705004,5.573905,-1.170397,-9.120000,-0.280000
1987.805017,5.647264,-1.133408,-8.770000,0.080000
1987.904995,5.657529,-1.084445,-8.390000,0.200000
1988.005007,5.637896,-1.120151,-8.140000,0.310000
1988.105014,5.675064,-1.127670,-8.000000,0.260000
1988.204996,5.677329,-1.115361,-7.710000,-0.280000
1988.305011,5.642836,-1.194034,-7.540000,-0.570000
1988.405003,5.682983,-1.170714,-7.930000,-0.200000
1988.505003,5.690384,-1.159560,-8.180000,-0.330000
1988.605004,5.699118,-1.214368,-8.100000,-0.720000
1988.704984,5.757171,-1.153390,-8.330000,-0.820000
1988.805007,5.776727,-1.252812,-8.370000,-1.200000
1988.904998,5.823469,-1.274404,-8.680000,-0.850000
1989.004987,5.826725,-1.239758,-8.730000,-0.200000
1989.105004,5.807309,-1.280275,-8.460000,0.190000
1989.204999,5.826456,-1.306046,-8.140000,0.600000
1989.305055,5.839005,-1.349517,-7.670000,0.710000
1989.405001,5.885105,-1.306716,-7.490000,0.800000
1989.505027,5.898367,-1.231899,-6.960000,0.870000
1989.605012,5.897579,-1.203739,-6.730000,1.290000
1989.704978,5.849620,-1.284200,-7.120000,1.770000
1989.805001,5.876623,-1.217277,-7.570000,1.370000
1989.905005,5.873935,-1.235268,-7.920000,0.970000
1990.005009,5.876684,-1.246632,-7.590000,0.750000
1990.105009,5.878572,-1.278188,-7.220000,0.530000
1990.204992,5.903585,-1.247786,-7.240000,0.710000
1990.305017,5.846791,-1.232139,-7.060000,1.180000
1990.405010,5.805504,-1.212444,-7.160000,1.040000
1990.505011,5.807465,-1.253988,-7.410000,0.890000
1990.605020,5.821561,-1.288712,-7.300000,0.720000
1990.704995,5.853169,-1.233621,-7.450000,0.930000
1990.805001,5.800311,-1.222093,-7.500000,0.990000
1990.905006,5.786114,-1.214970,-7.550000,0.750000
1991.005007,5.808693,-1.208734,-7.840000,0.560000
1991.104989,5.822443,-1.204149,-7.550000,0.450000
1991.205052,5.872431,-1.172507,-7.310000,0.780000
1991.305000,5.843401,-1.104851,-7.650000,0.940000
1991.404978,5.766949,-1.210098,-8.130000,1.190000
1991.505014,5.799063,-1.219460,-8.650000,1.680000
1991.604973,5.878582,-1.150347,-8.310000,1.390000
1991.705001,5.850713,-1.220940,-8.270000,1.170000
1991.805004,5.835578,-1.212015,-8.070000,1.230000
1991.905003,5.806291,-1.220449,-7.950000,1.840000
1992.005008,5.856117,-1.198787,-7.680000,1.810000
1992.105087,5.867776,-1.170033,-7.680000,2.100000
1992.204998,5.836773,-1.180411,-7.540000,1.950000
1992.305000,5.835584,-1.172858,-7.390000,1.620000
1992.405002,5.859041,-1.158574,-7.230000,1.400000
1992.505017,5.860610,-1.130805,-7.380000,1.680000
1992.605004,5.829759,-1.158086,-7.520000,1.540000
1992.705026,5.858670,-1.132686,-7.410000,1.300000
1992.805007,5.892049,-1.091826,-7.130000,0.970000
1992.905016,5.840011,-1.106309,-7.070000,0.830000
1993.005027,5.876781,-1.103426,-7.570000,0.820000
1993.104977,5.889349,-1.111102,-7.860000,1.100000
1993.204985,5.845392,-1.144260,-7.420000,1.060000
1993.304989,5.846571,-1.191505,-7.170000,0.860000
1993.405000,5.863019,-1.153674,-7.190000,0.530000
1993.505009,5.787036,-1.176707,-7.460000,0.670000
1993.605006,5.786815,-1.192534,-7.450000,0.740000
1993.705031,5.834846,-1.178670,-7.400000,1.180000
1993.804999,5.820342,-1.153513,-7.290000,1.790000
1993.905003,5.777226,-1.153800,-7.300000,2.420000
1994.004987,5.764500,-1.164985,-7.100000,2.670000
1994.105018,5.744192,-1.161361,-6.500000,2.420000
1994.204994,5.783556,-1.141340,-6.300000,2.110000
1994.304974,5.785316,-1.070102,-6.260000,1.330000
1994.405027,5.820784,-1.041036,-6.620000,1.070000
1994.504998,5.804317,-1.071778,-6.790000,0.720000
1994.604974,5.804032,-1.095280,-7.110000,0.450000
1994.704976,5.750674,-1.110764,-7.460000,0.160000
1994.805007,5.745862,-1.159454,-7.680000,-0.320000
1994.905014,5.811390,-1.191565,-7.460000,-0.230000
1995.005009,5.822608,-1.126699,-6.930000,0.430000
1995.105005,5.809610,-1.072215,-6.580000,0.900000
1995.205007,5.812981,-1.129752,-6.990000,1.800000
1995.304976,5.809592,-1.028793,-7.150000,1.790000
1995.405006,5.834604,-1.060607,-7.240000,1.790000
1995.504976,5.849820,-0.988100,-7.210000,0.790000
1995.605004,5.865633,-1.028417,-7.290000,0.000000
1995.705003,5.891341,-0.969174,-7.440000,-0.230000
1995.805007,5.834971,-0.997787,-7.500000,-0.680000
1995.905000,5.802384,-1.089660,-7.380000,-0.970000
1996.005006,5.853669,-1.108786,-7.540000,-0.960000
1996.105003,5.880089,-1.070394,-7.640000,-1.070000
1996.205006,5.894753,-1.086878,-7.750000,-1.450000
1996.305004,5.872970,-1.125877,-7.930000,-1.520000
1996.405000,5.821295,-1.201696,-7.700000,-1.420000
1996.505000,5.845931,-1.238918,-7.360000,-1.250000
1996.604975,5.902247,-1.218011,-7.000000,-0.660000
1996.705010,5.895672,-1.178126,-6.880000,-0.140000
1996.804987,5.804720,-1.254986,-6.870000,0.190000
1996.905003,5.827821,-1.287003,-6.790000,0.420000
1997.005016,5.859370,-1.264874,-6.730000,0.790000
1997.105005,5.874451,-1.224371,-6.880000,0.970000
1997.205028,5.806946,-1.255875,-6.910000,0.800000
1997.305010,5.819455,-1.288800,-7.140000,0.750000
1997.405034,5.838762,-1.216442,-7.170000,0.630000
1997.505025,5.882143,-1.194103,-7.260000,1.020000
1997.604974,5.859036,-1.236754,-6.970000,1.630000
1997.705003,5.910829,-1.185028,-6.810000,2.120000
1997.804989,5.897090,-1.128880,-6.750000,2.030000
1997.904999,5.856992,-1.151257,-6.700000,1.480000
1998.005008,5.859565,-1.189729,-6.790000,1.090000
1998.105018,5.886913,-1.190771,-6.780000,0.590000
1998.205008,5.873708,-1.150661,-6.950000,0.510000
1998.305026,5.886713,-1.157209,-6.840000,0.510000
1998.405006,5.890302,-1.170595,-6.570000,0.640000
1998.504972,5.876322,-1.161642,-6.790000,0.860000
1998.604975,5.874104,-1.192385,-7.190000,0.830000
1998.705015,5.900970,-1.217644,-7.300000,0.600000
1998.805004,5.960002,-1.217211,-6.530000,0.560000
1998.905002,5.954904,-1.211285,-6.000000,1.420000
1999.005042,5.877822,-1.238472,-5.470000,1.600000
1999.104998,5.875499,-1.218610,-5.130000,1.610000
1999.204998,5.889337,-1.195299,-4.980000,1.530000
1999.304999,5.852876,-1.190628,-5.280000,1.820000
1999.404983,5.746391,-1.212542,-5.910000,2.550000
1999.505018,5.760239,-1.212377,-6.080000,3.130000
1999.604976,5.777963,-1.108649,-5.790000,3.520000
1999.704975,5.770544,-1.086643,-6.140000,3.880000
1999.805035,5.741665,-1.080844,-6.150000,3.560000
1999.905000,5.743635,-0.958948,-6.510000,3.020000
2000.005006,5.726260,-0.959021,-7.910000,2.140000
2000.105017,5.814440,-0.992459,-8.630000,1.630000
2000.205016,5.856842,-0.980556,-8.060000,0.960000
2000.305005,5.814611,-1.011926,-7.110000,0.620000
2000.405003,5.792745,-1.051279,-6.770000,0.320000
2000.505015,5.862337,-1.072421,-7.300000,0.330000
2000.604974,5.875890,-1.045237,-7.860000,0.290000
2000.704987,5.841713,-1.043579,-8.220000,0.460000
2000.805004,5.846903,-1.062490,-7.900000,0.640000
2000.904976,5.846703,-1.102937,-7.350000,0.660000
2001.005008,5.913805,-1.109215,-7.260000,0.330000
2001.105015,5.880506,-1.078942,-7.600000,0.410000
2001.205001,5.857168,-1.096223,-7.380000,0.380000
2001.305013,5.876380,-1.105134,-7.280000,0.240000
2001.404978,5.924422,-1.101390,-7.320000,0.200000
2001.505016,5.884316,-1.106119,-7.300000,0.330000
2001.605011,5.813998,-1.182937,-7.210000,0.460000
2001.704979,5.890483,-1.269685,-7.330000,0.950000
2001.804973,5.945299,-1.145205,-7.080000,1.880000
2001.904973,5.919246,-1.088586,-6.830000,2.250000
2002.005007,5.902586,-1.105268,-6.730000,2.570000
2002.105002,5.910482,-1.016703,-6.980000,2.090000
2002.205001,5.897535,-1.054689,-7.340000,1.450000
2002.304983,5.903522,-1.017614,-7.410000,0.740000
2002.405013,5.889146,-1.037617,-7.360000,-0.430000
2002.505005,5.857923,-1.068735,-7.340000,-0.970000
2002.604983,5.877603,-1.106206,-7.050000,-1.040000
2002.705004,5.914699,-1.100874,-7.070000,-0.690000
2002.805010,5.882411,-1.081401,-7.030000,-0.390000
2002.904997,5.813662,-1.117876,-6.990000,-0.390000
2003.005008,5.812189,-1.139456,-6.330000,-0.370000
2003.104976,5.792243,-1.192567,-5.300000,-0.370000
2003.205003,5.785760,-1.201326,-4.450000,-0.330000
2003.305009,5.772550,-1.148632,-4.110000,-0.410000
2003.404975,5.700887,-1.095908,-3.230000,-0.260000
2003.504980,5.555276,-1.144944,-2.190000,-0.040000
2003.604977,5.483225,-1.179713,-1.220000,0.170000
2003.704990,5.378708,-1.098761,-0.300000,0.250000
2003.804997,5.271772,-1.089035,0.410000,0.560000
2003.904974,5.190737,-1.044177,0.930000,0.770000
2004.005006,5.010969,-1.014721,1.360000,0.540000
2004.104999,4.914967,-1.027207,1.800000,0.900000
2004.205009,4.731602,-0.895818,2.730000,0.650000
2004.305009,4.650615,-0.862969,3.130000,0.350000
2004.405002,4.437930,-0.893328,3.690000,-0.150000
2004.505009,4.299207,-0.854351,4.330000,-0.490000
2004.604985,4.128965,-0.780653,5.030000,-0.960000
2004.705048,3.911093,-0.801054,5.660000,-1.180000
2004.805000,3.692662,-0.788383,6.430000,-0.490000
2004.905005,3.481571,-0.691729,7.530000,-0.350000
2005.005019,3.280822,-0.604269,8.030000,0.350000
2005.105007,2.986322,-0.587774,8.170000,0.490000
2005.205000,2.775377,-0.551616,7.740000,0.050000
2005.304994,2.561746,-0.491803,7.390000,-0.570000
2005.405001,2.414080,-0.437081,6.630000,-1.060000
2005.504994,2.222324,-0.461957,5.740000,-1.220000
2005.604977,2.022087,-0.464164,5.030000,-0.940000
2005.704975,1.872355,-0.414195,4.490000,-0.200000
2005.804972,1.735931,-0.431967,4.110000,0.500000
2005.904992,1.611141,-0.360473,4.100000,0.910000
2006.005006,1.500383,-0.301796,4.300000,1.230000
2006.105005,1.359170,-0.284240,4.590000,1.520000
2006.204998,1.230398,-0.236324,4.860000,1.260000
2006.305005,1.122377,-0.209594,4.900000,0.670000
2006.404980,0.972647,-0.135611,4.750000,0.320000
2006.504977,0.844172,-0.107278,4.830000,0.050000
2006.604978,0.717969,-0.084824,4.970000,-0.370000
2006.704979,0.620602,-0.064943,4.860000,-0.440000
2006.804989,0.469664,-0.046999,4.500000,-0.290000
2006.904993,0.364664,-0.069657,3.960000,0.020000
2007.005008,0.227818,-0.007549,3.470000,0.550000
2007.105009,0.175195,0.015017,2.620000,0.950000
2007.204978,0.059919,0.082710,1.730000,1.060000
2007.304999,0.037570,0.104903,0.850000,0.810000
2007.405040,-0.013699,0.121625,0.320000,0.750000
2007.505003,-0.039563,0.156869,-0.350000,0.590000
2007.605015,-0.046232,0.144488,-0.800000,0.330000
2007.704979,-0.082273,0.178936,-1.440000,0.210000
2007.805002,-0.068237,0.167102,-1.840000,-0.090000
2007.904978,-0.116233,0.193325,-1.990000,-0.500000
2008.004982,-0.090276,0.139423,-1.830000,-0.750000
2008.105013,-0.141605,0.179313,-1.380000,-0.590000
2008.204987,-0.112910,0.144196,-1.240000,-0.260000
2008.305000,-0.154630,0.161498,-1.260000,0.390000
2008.405001,-0.132082,0.171470,-1.450000,1.330000
2008.505009,-0.180420,0.229041,-1.630000,2.190000
2008.605040,-0.135133,0.248194,-1.680000,3.240000
2008.705009,-0.160799,0.315848,-1.840000,4.080000
2008.804972,-0.082997,0.378209,-2.110000,4.980000
2008.904983,-0.037137,0.463697,-2.440000,5.670000
2009.004975,-0.054669,0.549577,-2.730000,6.180000
2009.104982,0.026061,0.658460,-3.040000,6.630000
2009.204994,0.092071,0.752220,-3.240000,7.320000
2009.304982,0.081629,0.893487,-3.390000,8.180000
2009.405003,0.197239,1.001684,-3.360000,9.520000
2009.505008,0.281179,1.165297,-3.090000,10.430000
2009.604975,0.336765,1.309028,-3.150000,11.190000
2009.705009,0.364198,1.465579,-3.360000,11.360000
2009.805033,0.483793,1.650839,-3.420000,11.520000
2009.905003,0.574229,1.797890,-3.240000,11.510000
2010.004982,0.643644,1.981935,-2.870000,11.600000
2010.105017,0.709439,2.119528,-2.670000,11.790000
2010.205005,0.718034,2.318817,-2.400000,11.420000
2010.304973,0.814327,2.476380,-2.550000,11.300000
2010.404978,0.884224,2.596096,-2.520000,10.290000
2010.504977,0.979983,2.776479,-2.390000,9.570000
2010.604974,0.950748,2.898961,-2.120000,9.030000
2010.705009,1.044984,3.009576,-2.290000,9.000000
2010.805006,1.083926,3.069838,-2.110000,8.800000
2010.905002,1.097527,3.179890,-1.890000,8.600000
2011.005003,1.137941,3.281579,-1.630000,8.270000
2011.105003,1.113524,3.361287,-1.500000,7.790000
2011.205005,1.213750,3.475060,-1.710000,7.110000
2011.304989,1.136224,3.533338,-1.980000,6.530000
2011.405001,1.260092,3.590723,-2.160000,6.140000
2011.505001,1.220848,3.679459,-2.030000,5.790000
2011.605001,1.189214,3.684937,-1.540000,5.260000
2011.705014,1.254325,3.746227,-1.600000,4.790000
2011.805004,1.199230,3.781701,-1.970000,4.390000
2011.905003,1.197719,3.766802,-2.240000,3.510000
2012.004975,1.242496,3.752970,-2.720000,3.220000
2012.105000,1.191723,3.748535,-3.050000,2.850000
2012.205002,1.202763,3.805567,-3.470000,3.000000
2012.305007,1.175834,3.759217,-3.960000,3.260000
2012.404978,1.236169,3.777155,-4.370000,3.240000
2012.504999,1.251846,3.817396,-4.750000,3.110000
2012.604999,1.269311,3.763113,-4.850000,2.260000
2012.705018,1.339739,3.708122,-4.840000,1.270000
2012.804972,1.290067,3.697037,-4.670000,0.400000
2012.904975,1.296024,3.647254,-4.370000,-0.470000
2013.005019,1.335140,3.581325,-4.310000,-1.380000
2013.105010,1.299965,3.533906,-4.310000,-2.250000
2013.204977,1.317294,3.424197,-4.140000,-2.840000
2013.305001,1.281697,3.302239,-3.560000,-3.610000
2013.404997,1.242697,3.171122,-3.110000,-4.370000
2013.504984,1.206932,3.063651,-2.800000,-5.180000
2013.604977,1.186423,2.977481,-2.710000,-5.460000
2013.705015,1.149029,2.834437,-2.550000,-5.900000
2013.805028,1.081614,2.721129,-2.420000,-6.480000
2013.905009,0.985189,2.607905,-2.460000,-6.660000
2014.004977,0.930188,2.429188,-2.620000,-7.290000
2014.105009,0.899085,2.278763,-3.180000,-7.970000
2014.205002,0.838188,2.102255,-3.420000,-8.750000
2014.305004,0.818979,1.906005,-3.510000,-9.670000
2014.405034,0.682799,1.684498,-3.070000,-10.080000
2014.505007,0.708702,1.538053,-2.740000,-9.940000
2014.604978,0.596753,1.326513,-2.560000,-9.080000
2014.705006,0.517787,1.203599,-3.050000,-7.740000
2014.805011,0.524742,1.039162,-3.250000,-6.230000
2014.905003,0.451336,0.909878,-3.470000,-4.510000
2015.004986,0.418159,0.840022,-3.380000,-3.300000
2015.105007,0.372944,0.779075,-3.280000,-3.460000
2015.205000,0.382239,0.679142,-3.480000,-4.260000
2015.304999,0.404901,0.573333,-3.280000,-5.240000
2015.404984,0.331049,0.489568,-2.820000,-5.660000
2015.505006,0.310561,0.350672,-2.450000,-5.250000
2015.604974,0.287884,0.272274,-2.050000,-4.420000
2015.705001,0.205666,0.237910,-1.690000,-3.960000
2015.805030,0.174883,0.117135,-1.490000,-3.440000
2015.904998,0.159278,0.049335,-1.360000,-2.830000
2016.005020,0.105214,0.066729,-1.560000,-2.130000
2016.105018,0.062943,-0.008921,-1.930000,-1.410000
2016.205004,0.054744,-0.031913,-2.180000,-0.560000
2016.304993,0.062734,-0.015461,-2.160000,-0.210000
2016.405010,0.027354,-0.056039,-2.290000,0.150000
2016.505001,0.021564,-0.024262,-2.360000,0.280000
2016.604975,-0.031336,-0.024841,-2.550000,0.000000
2016.705007,0.026403,-0.062424,-2.600000,-0.300000
2016.804978,0.008456,-0.034699,-2.490000,-0.660000
2016.905007,0.001535,-0.079001,-2.410000,-0.730000
2017.005017,0.013313,-0.068024,-2.280000,-0.470000
2017.104979,-0.031896,-0.062083,-2.410000,-0.590000
2017.204998,-0.001803,-0.108690,-2.520000,-0.690000
2017.304997,-0.013673,-0.099409,-2.330000,-0.670000
2017.405004,-0.071186,-0.105410,-2.190000,-0.880000
2017.505006,-0.039572,-0.151284,-2.210000,-0.830000
2017.605001,-0.038543,-0.122574,-2.210000,-0.540000
2017.704989,-0.083284,-0.133418,-2.340000,-0.650000
2017.805021,-0.058624,-0.169433,-2.490000,-0.490000
2017.905018,-0.052513,-0.148334,-2.390000,-0.320000
2018.005029,-0.120904,-0.164719,-2.290000,-0.410000
2018.105043,-0.072897,-0.186657,-2.350000,-0.400000
2018.204985,-0.072008,-0.169243,-2.420000,-0.170000
2018.305001,-0.066351,-0.170211,-2.680000,-0.150000
2018.404977,-0.062168,-0.178278,-2.690000,-0.250000
2018.505017,-0.097179,-0.173056,-2.610000,-0.280000
2018.605061,-0.075737,-0.179343,-2.540000,-0.190000
2018.705005,-0.097975,-0.182234,-2.500000,-0.050000
2018.805009,-0.063246,-0.179335,-2.620000,0.120000
2018.905012,-0.048692,-0.180571,-2.600000,0.330000
2019.004977,-0.047754,-0.181410,-2.550000,0.430000
2019.105010,-0.033128,-0.183011,-2.600000,0.450000
2019.205009,-0.042566,-0.171555,-2.740000,0.520000
2019.304999,-0.025646,-0.169657,-2.610000,0.450000
2019.405002,-0.051072,-0.167313,-2.460000,0.560000
2019.505018,-0.025698,-0.165544,-2.390000,0.700000
2019.604995,-0.053103,-0.136949,-2.170000,0.910000
2019.704975,-0.008541,-0.125735,-1.980000,1.150000
2019.805010,-0.035289,-0.111744,-1.880000,1.160000
2019.904975,0.008804,-0.087008,-2.070000,1.190000
2020.004975,0.016295,-0.083408,-2.200000,1.130000
2020.104985,-0.006206,-0.060181,-2.270000,1.010000
2020.205014,0.008912,-0.058319,-2.220000,0.970000
2020.304982,-0.026616,-0.024040,-2.220000,0.940000
2020.405004,0.007051,-0.032052,-2.140000,0.720000
2020.504991,-0.009434,-0.032992,-2.050000,0.600000
2020.604989,0.010095,-0.001832,-2.000000,0.520000
2020.704985,-0.042324,-0.009718,-1.890000,0.750000
2020.805002,0.004853,-0.027050,-1.880000,0.900000
2020.904997,-0.034743,0.011961,-1.870000,0.970000
2021.004995,-0.007928,0.035655,-2.040000,0.610000
2021.104998,-0.034517,0.011148,-2.140000,0.400000
2021.205009,-0.014627,0.016541,-2.240000,0.380000
2021.304997,-0.014338,0.023903,-2.280000,0.510000
2021.404975,-0.021454,0.051489,-2.310000,0.760000
2021.505007,-0.001187,0.042595,-2.240000,0.790000
2021.605009,-0.044868,0.046717,-2.160000,0.790000
2021.705027,-0.011724,0.049456,-2.280000,0.820000
2021.805000,0.006944,0.073048,-2.030000,0.690000
2021.905008,-0.040770,0.088635,-1.870000,0.430000
2022.005018,-0.018343,0.066218,-1.890000,0.190000
2022.105016,-0.017686,0.065028,-1.900000,-0.040000
2022.205007,-0.073300,0.073326,-1.980000,-0.280000
2022.305014,-0.031184,0.054557,-2.120000,-0.540000
2022.404975,-0.038652,0.064284,-2.140000,-0.900000
2022.504993,-0.074667,0.012383,-2.360000,-1.040000
2022.604989,-0.058489,0.024914,-2.650000,-0.860000
2022.704977,-0.053765,-0.034846,-2.840000,-0.770000
2022.804972,-0.052483,-0.017484,-2.930000,-0.590000
2022.904973,-0.021215,-0.070279,-3.030000,-0.470000
2023.005012,-0.060611,-0.042699,-3.120000,-0.320000
2023.105004,-0.032222,-0.069927,-2.970000,0.000000
2023.205002,-0.046265,-0.104670,-2.960000,0.220000
2023.304999,-0.017502,-0.069020,-2.860000,0.450000
2023.405010,-0.032088,-0.080819,-2.720000,0.680000
2023.504976,-0.000060,-0.098994,-2.690000,0.750000
2023.605015,0.006489,-0.068584,-2.510000,0.950000
2023.704989,0.006597,-0.081706,-2.440000,1.020000
2023.805006,0.014206,-0.051270,-2.300000,0.840000
2023.904996,-0.000269,-0.051109,-2.200000,0.640000
2024.005079,0.018859,-0.061466,-2.210000,0.420000
2024.104992,0.031496,-0.045625,-2.090000,0.460000
2024.205000,0.014416,-0.042576,-2.000000,0.460000
2024.305019,0.033286,-0.030732,-1.890000,0.450000
2024.405007,-0.018623,-0.023870,-1.990000,0.660000
2024.504981,-0.002710,-0.035487,-2.000000,0.780000
2024.605000,-0.009181,-0.027123,-2.010000,1.050000
2024.704975,-0.004997,-0.014187,-2.310000,1.230000
2024.804974,0.008723,0.006782,-2.230000,1.240000
2024.905006,-0.010110,0.008896,-2.250000,0.970000
2025.005011,0.003629,0.028820,-2.280000,0.640000
2025.105008,0.018904,0.009684,-2.300000,0.330000
2025.204998,0.006184,0.043369,-2.390000,0.280000
2025.304995,0.012411,0.019681,-2.470000,0.160000
2025.404996,0.004140,0.030683,-2.420000,0.330000
2025.504974,0.020811,0.015695,-2.330000,0.310000
2025.604996,0.021055,0.017999,-2.120000,0.280000
2025.705000,0.025071,0.010176,-2.110000,0.220000
2025.804975,0.039374,0.007434,-2.040000,0.300000
2025.904977,0.001968,0.011010,-1.940000,0.320000
2026.004975,0.012263,0.017645,-1.940000,0.460000
2026.104975,-0.018611,0.037579,-2.150000,0.470000
2026.204979,0.003161,0.012252,-2.300000,0.530000
2026.304999,-0.014469,0.042458,-2.290000,0.650000
2026.405009,0.015695,0.019009,-2.450000,0.740000
2026.505021,0.018088,0.053832,-2.610000,0.620000
2026.604983,-0.002469,0.033267,-2.650000,0.420000
2026.705005,0.007110,0.050227,-2.520000,-0.020000
2026.805002,-0.000370,0.026189,-2.480000,-0.330000
2026.904998,0.019104,0.025853,-2.650000,-0.520000
2027.005031,0.011450,0.004224,-2.660000,-0.520000
2027.105006,0.012703,0.007440,-2.560000,-0.470000
2027.204979,0.004142,-0.015107,-2.430000,-0.170000
2027.304998,0.010920,-0.010651,-2.450000,0.080000
2027.404994,0.005229,-0.021079,-2.480000,0.320000
2027.504998,0.018752,-0.015507,-2.580000,0.460000
2027.605007,-0.001579,-0.015915,-2.490000,0.480000
2027.705007,0.013907,0.002706,-2.580000,0.470000
2027.804975,-0.015956,0.020378,-2.640000,0.300000
2027.904985,0.032264,-0.008138,-2.770000,0.180000
2028.005025,0.005545,0.023826,-2.760000,-0.030000
2028.105010,0.028190,0.004074,-2.780000,-0.170000
2028.205043,0.027571,0.004446,-2.750000,-0.220000
2028.305012,0.010318,-0.012408,-2.580000,-0.280000
2028.405012,0.024455,-0.021209,-2.520000,-0.080000
2028.505028,0.002079,-0.023015,-2.210000,0.060000
2028.605007,0.023358,-0.018208,-2.130000,0.250000
2028.704999,0.000493,0.010974,-2.180000,0.350000
2028.805030,0.010375,0.005983,-2.310000,0.380000
2028.905003,0.024007,0.002085,-2.400000,0.490000
2029.005017,0.028436,0.023795,-2.440000,0.460000
2029.105007,0.027867,0.020127,-2.560000,0.340000
2029.205008,0.025396,0.020090,-2.550000,0.100000
2029.305001,-0.004087,0.018666,-2.500000,-0.130000
2029.405004,0.033720,0.014672,-2.410000,-0.430000
2029.504974,-0.007438,0.005866,-2.480000,-0.560000
2029.605006,0.021323,-0.010948,-2.440000,-0.400000
2029.705017,-0.009171,-0.009198,-2.480000,-0.320000
2029.804977,0.029300,-0.048348,-2.550000,-0.090000
2029.905022,0.025977,-0.024379,-2.540000,0.080000
2030.004976,-0.002631,-0.041634,-2.480000,0.160000
2030.105000,0.019524,-0.032952,-2.500000,0.300000
2030.205000,0.026967,-0.032820,-2.350000,0.050000
2030.304980,0.034711,-0.043998,-2.210000,-0.020000
2030.405010,0.008175,-0.025676,-2.120000,-0.110000
2030.505007,0.023593,-0.050838,-2.060000,-0.250000
2030.604977,0.026640,-0.047190,-2.060000,-0.170000
2030.705003,-0.025999,-0.058078,-2.100000,-0.120000
2030.804980,0.006635,-0.059205,-2.080000,0.150000
2030.904973,0.014991,-0.047461,-1.930000,0.260000
2031.005010,-0.018880,-0.077244,-1.780000,0.400000
2031.104976,-0.011508,-0.039835,-1.830000,0.610000
2031.204972,-0.019620,-0.045294,-1.910000,0.730000
2031.304998,-0.048658,-0.024946,-1.970000,0.890000
2031.405013,-0.029616,-0.007550,-2.020000,0.780000
2031.504973,-0.030066,-0.032163,-2.080000,0.720000
2031.605013,-0.024993,0.014569,-2.060000,0.680000
2031.704980,-0.043057,0.021381,-1.910000,0.480000
2031.804978,-0.037772,0.038005,-2.020000,0.530000
2031.904973,-0.058752,0.035823,-2.240000,0.450000
2032.005016,-0.005561,0.052728,-2.570000,0.580000
2032.104995,-0.013986,0.074542,-2.860000,0.400000
2032.205001,-0.020480,0.066787,-2.860000,0.170000
2032.304982,-0.005841,0.070988,-2.880000,-0.120000
2032.405009,0.006319,0.070744,-2.800000,-0.270000
2032.505014,0.008121,0.077506,-2.810000,-0.130000
2032.604988,0.006207,0.069425,-2.730000,-0.240000
2032.705011,0.039622,0.068516,-2.810000,-0.240000
2032.805008,0.038132,0.074934,-2.860000,-0.360000
2032.904998,0.042870,0.052164,-2.660000,-0.480000
2033.005005,0.068093,0.081026,-2.500000,-0.310000
2033.105024,0.064808,0.070284,-2.260000,-0.350000
2033.205012,0.030900,0.086910,-2.230000,-0.640000
2033.305006,0.055955,0.077763,-2.350000,-1.020000
2033.405025,0.029033,0.055985,-2.410000,-1.350000
2033.505061,0.043984,0.069191,-2.270000,-1.710000
2033.605000,0.041861,0.034161,-2.170000,-2.060000
2033.705000,0.040896,-0.004271,-2.290000,-2.110000
2033.804988,0.018769,-0.007697,-2.430000,-2.160000
2033.904973,0.031533,-0.032643,-2.470000,-1.940000
2034.005019,0.012383,-0.066260,-2.260000,-1.720000
2034.105014,0.006795,-0.086906,-2.070000,-1.480000
2034.204987,-0.044729,-0.090118,-2.010000,-1.500000
2034.305014,-0.018038,-0.105191,-2.280000,-1.410000
2034.405007,-0.002857,-0.125801,-2.360000,-1.510000
2034.505004,-0.054972,-0.145512,-2.530000,-1.680000
2034.605007,-0.029627,-0.159360,-2.570000,-1.430000
2034.704986,-0.003831,-0.171228,-2.360000,-1.050000
2034.805007,-0.037591,-0.205903,-2.030000,-0.730000
2034.905005,-0.042615,-0.179594,-1.840000,-0.300000
2035.005011,-0.022809,-0.167716,-1.780000,0.050000
2035.105004,-0.034116,-0.169423,-1.800000,0.510000
2035.205008,-0.052347,-0.150064,-1.930000,0.710000
2035.304997,-0.036147,-0.132714,-1.910000,0.830000
2035.405007,-0.022839,-0.109183,-1.960000,0.620000
2035.505004,-0.022857,-0.122331,-2.080000,0.460000
2035.605004,-0.052375,-0.072829,-2.110000,0.690000
2035.705013,-0.021318,-0.067095,-2.110000,0.910000
2035.805008,0.007956,-0.053929,-2.000000,1.170000
2035.905018,-0.037532,-0.023271,-1.890000,0.980000
2036.005002,0.004682,-0.009776,-1.960000,0.770000
2036.105012,0.024184,0.011462,-2.160000,0.090000
2036.204972,-0.018489,-0.016908,-2.500000,-0.460000
2036.304976,0.017583,0.000849,-2.560000,-0.550000
2036.404979,0.030777,-0.032639,-2.300000,-0.260000
2036.504976,0.019139,-0.014954,-2.070000,0.040000
2036.604987,0.035187,-0.047298,-1.920000,0.370000
2036.705003,0.004065,-0.018639,-2.000000,0.590000
2036.805008,0.042547,-0.011709,-1.970000,0.970000
2036.905003,0.044808,-0.005103,-2.000000,1.190000
2037.005010,0.042906,0.020102,-2.200000,1.310000
2037.105037,0.068492,0.006281,-2.260000,0.950000
2037.205041,0.098856,0.027018,-2.120000,0.720000
2037.305006,0.070417,0.021368,-1.910000,0.570000
2037.405002,0.100491,0.025784,-1.570000,0.670000
2037.505036,0.101173,0.044429,-1.190000,1.000000
2037.605003,0.071893,0.076686,-1.200000,1.140000
2037.705008,0.072946,0.078805,-1.300000,1.030000
2037.805009,0.079460,0.087136,-1.430000,0.590000
2037.905024,0.040842,0.103891,-1.190000,-0.020000
2038.004975,0.046298,0.073967,-0.960000,-0.320000
2038.105004,0.032041,0.100992,-0.780000,-0.350000
2038.205008,-0.017307,0.078459,-0.820000,-0.200000
2038.304986,-0.015486,0.095629,-1.180000,-0.130000
2038.405003,-0.018946,0.079202,-1.420000,-0.170000
2038.505008,-0.036814,0.056726,-1.670000,-0.300000
2038.605002,-0.046686,0.064599,-1.810000,-0.370000
2038.705001,-0.043270,0.036381,-1.780000,-0.470000
2038.805003,-0.045996,0.014016,-1.820000,-0.460000
2038.904979,-0.053793,0.028668,-2.030000,-0.170000
2039.004976,-0.056409,0.031422,-1.970000,0.020000
2039.104976,-0.060874,-0.005380,-1.920000,0.140000
2039.204998,-0.049723,0.023474,-1.890000,0.440000
2039.305012,-0.042173,0.024245,-1.940000,0.550000
2039.405009,-0.055731,0.017091,-2.010000,0.540000
2039.505004,-0.044845,0.042855,-2.030000,0.560000
2039.605022,-0.034213,0.013614,-1.990000,0.560000
2039.705011,-0.020818,0.044238,-2.000000,0.550000
2039.804990,-0.003390,0.028910,-1.970000,0.450000
2039.904972,-0.026103,0.061066,-1.980000,0.210000
2040.005014,-0.023477,0.043722,-1.980000,-0.080000
2040.105018,-0.029376,0.041037,-2.040000,-0.070000
2040.204997,-0.026736,0.046904,-2.070000,-0.100000
2040.305007,-0.051718,0.040470,-2.120000,-0.020000
2040.404975,-0.028232,0.049099,-2.200000,-0.080000
2040.505008,-0.054201,0.024694,-2.390000,-0.030000
2040.605004,-0.016893,0.027392,-2.700000,-0.020000
2040.704982,-0.029463,0.002387,-2.880000,-0.110000
2040.804975,-0.000223,0.011928,-2.990000,-0.090000
2040.905002,0.017993,0.016706,-2.840000,-0.150000
2041.004988,0.007954,0.011053,-2.650000,-0.250000
2041.105031,0.036225,-0.003472,-2.360000,-0.270000
2041.205007,0.031109,-0.013707,-2.220000,-0.180000
2041.304975,0.015873,-0.024601,-2.250000,-0.040000
2041.404975,0.020098,-0.016765,-2.400000,0.160000
2041.504979,0.028960,-0.010418,-2.360000,0.390000
2041.605022,0.041553,0.007516,-2.130000,0.470000
2041.704999,0.031655,-0.000324,-2.140000,0.610000
2041.805016,-0.006834,0.021912,-2.300000,0.620000
2041.904999,0.037536,0.047203,-2.530000,0.440000
2042.005010,0.036103,0.047699,-2.790000,0.010000
2042.104980,0.052813,0.029869,-2.780000,-0.310000
2042.204998,0.055293,0.025276,-2.780000,-0.430000
2042.305003,0.040164,0.024423,-2.680000,-0.710000
2042.405012,0.058793,-0.000426,-2.650000,-0.980000
2042.505008,0.044158,-0.012485,-2.710000,-1.210000
2042.604991,0.050745,-0.011935,-2.860000,-1.310000
2042.705019,0.051359,-0.059956,-2.960000,-1.160000
2042.805007,0.040533,-0.060055,-2.850000,-1.050000
2042.905019,0.055014,-0.087931,-2.650000,-0.720000
2043.005018,0.062762,-0.115645,-2.510000,-0.490000
2043.105021,0.035692,-0.123267,-2.410000,-0.200000
2043.205003,0.029143,-0.107976,-2.270000,0.130000
2043.304997,0.062055,-0.139791,-2.260000,0.480000
2043.405008,0.021102,-0.117141,-2.260000,0.690000
2043.504999,0.028547,-0.087306,-2.330000,0.750000
2043.604975,0.014690,-0.077953,-2.150000,0.770000
2043.704984,0.065689,-0.066971,-2.170000,0.620000
2043.805002,0.033945,-0.071869,-2.520000,0.410000
2043.904994,0.017075,-0.035746,-2.710000,0.280000
2044.005024,0.030724,-0.043193,-2.840000,0.300000
2044.105032,0.014636,-0.041255,-3.010000,0.470000
2044.204979,0.028093,-0.017256,-2.960000,0.350000
2044.304981,0.045347,-0.043000,-3.090000,0.470000
2044.405014,0.051620,-0.028832,-3.110000,0.660000
2044.505025,0.017275,0.002093,-2.760000,0.420000
2044.604999,0.064685,-0.010123,-2.880000,0.320000
2044.705027,0.063455,-0.018131,-3.040000,0.180000
2044.804979,0.041990,0.004922,-3.220000,0.050000
2044.904972,0.040324,-0.010510,-2.970000,0.110000
2045.004973,0.081882,-0.006508,-2.740000,0.650000
2045.104993,0.090246,0.003667,-2.750000,0.630000
2045.204997,0.042579,0.035309,-2.620000,0.400000
2045.304972,0.082540,0.046370,-2.810000,0.120000
2045.405006,0.079368,0.016342,-3.150000,-0.160000
2045.505005,0.076398,0.021000,-3.170000,-0.440000
2045.604996,0.089806,0.026250,-3.150000,-0.620000
2045.705000,0.067354,0.000782,-2.990000,-0.860000
2045.805003,0.082652,0.008743,-2.930000,-0.780000
2045.905001,0.083453,-0.049459,-2.780000,-0.720000
2046.004987,0.075607,-0.035205,-2.780000,-0.850000
2046.105013,0.076899,-0.043290,-2.810000,-1.000000
2046.204980,0.093327,-0.113320,-2.680000,-1.190000
2046.304972,0.046914,-0.092871,-2.540000,-1.360000
2046.404975,0.068843,-0.142403,-2.590000,-0.990000
2046.504991,0.061659,-0.144763,-2.530000,-0.470000
2046.605005,0.051881,-0.157214,-2.480000,0.250000
2046.704993,0.048413,-0.141617,-2.350000,1.100000
2046.805004,0.052489,-0.115058,-2.260000,1.510000
2046.904986,0.057685,-0.107845,-2.070000,1.540000
2047.005009,0.034733,-0.085393,-1.950000,1.290000
2047.105005,0.038041,-0.054672,-2.020000,0.950000
2047.204999,0.052949,-0.053851,-2.160000,0.700000
2047.304972,0.033618,-0.048282,-2.080000,0.270000
2047.405004,0.041413,-0.052831,-2.160000,0.110000
2047.504977,0.043021,-0.051416,-2.270000,0.270000
2047.604994,0.010611,-0.053585,-2.250000,0.360000
2047.705011,0.031846,-0.050835,-2.380000,0.790000
2047.804976,-0.006556,-0.013598,-2.370000,1.090000
2047.905004,0.033146,-0.029353,-2.190000,1.310000
2048.005013,-0.003914,0.017934,-1.980000,0.960000
2048.105064,0.024795,-0.008009,-1.860000,0.570000
2048.205029,-0.002347,0.029835,-2.070000,0.330000
2048.304991,0.023719,0.007665,-2.180000,0.090000
2048.405007,-0.015941,0.002678,-2.170000,0.210000
2048.505002,-0.012773,0.025801,-1.940000,0.390000
2048.605002,-0.018317,0.019612,-1.950000,0.460000
2048.705036,-0.010792,0.006139,-2.130000,0.480000
2048.805006,-0.025205,0.012705,-2.340000,0.550000
2048.904982,-0.012609,0.035675,-2.490000,0.530000
2049.005009,-0.003505,0.002972,-2.320000,0.600000
2049.105012,0.001957,0.049049,-2.240000,0.600000
2049.205002,0.002559,0.024784,-2.110000,0.640000
2049.304973,0.006743,0.059650,-2.110000,0.350000
2049.405006,-0.002862,0.038844,-2.220000,0.210000
2049.505004,0.009387,0.061142,-2.410000,-0.040000
2049.605015,0.012106,0.042606,-2.360000,-0.090000
2049.705002,0.004005,0.024971,-2.330000,-0.210000
2049.805012,-0.000567,0.038829,-2.340000,-0.020000
2049.905004,0.013937,0.013995,-2.400000,0.110000
2050.005003,-0.011772,0.019219,-2.380000,0.210000
2050.105009,0.014005,0.011200,-2.420000,0.200000
2050.204987,0.025559,0.017881,-2.490000,0.240000
2050.305000,0.003628,0.006165,-2.510000,0.120000
2050.405033,0.021131,0.016096,-2.560000,0.270000
2050.505003,-0.006113,0.020126,-2.730000,0.290000
2050.604973,0.051882,0.007210,-2.750000,0.350000
2050.704976,0.013396,0.020730,-2.860000,0.220000
2050.805011,0.064753,-0.011558,-2.710000,0.310000
2050.905002,0.046251,-0.000893,-2.530000,0.190000
2051.005004,0.057632,-0.028853,-2.230000,0.290000
2051.105001,0.051525,-0.009092,-2.000000,0.460000
2051.205003,0.059502,-0.008824,-1.780000,0.460000
2051.305005,0.022046,0.025818,-1.420000,0.490000
2051.405005,0.011635,0.005336,-0.770000,0.490000
2051.504973,-0.024415,0.015424,-0.010000,0.750000
2051.604999,-0.057108,0.070210,0.790000,0.810000
2051.705004,-0.118442,0.050933,1.430000,0.890000
2051.805030,-0.183128,0.119457,1.920000,1.030000
2051.904972,-0.264671,0.142236,2.330000,1.240000
2052.005014,-0.318926,0.178144,2.690000,1.600000
2052.105010,-0.380039,0.231387,3.010000,1.650000
2052.204996,-0.479433,0.253997,3.340000,1.620000
2052.304990,-0.561964,0.334751,3.800000,1.490000
2052.404989,-0.667914,0.365203,4.280000,1.530000
2052.505005,-0.745465,0.426973,4.580000,1.770000
2052.604981,-0.849592,0.491485,5.130000,2.070000
2052.704978,-0.979866,0.557910,5.610000,2.430000
2052.805002,-1.108600,0.636074,6.230000,2.760000
2052.905006,-1.205081,0.685610,6.800000,3.000000
2053.005008,-1.325613,0.791091,7.380000,3.420000
2053.105001,-1.508443,0.898087,7.990000,3.780000
2053.204992,-1.656609,0.982208,8.170000,4.120000
2053.305005,-1.765426,1.100005,8.270000,4.450000
2053.404974,-1.904577,1.195077,8.260000,4.590000
2053.505006,-2.044009,1.308062,8.040000,4.360000
2053.605036,-2.144041,1.413179,7.660000,3.970000
2053.705061,-2.259702,1.487423,7.170000,3.550000
2053.805018,-2.396050,1.575082,6.540000,3.210000
2053.905002,-2.499790,1.645079,6.140000,2.670000
2054.005006,-2.606076,1.715308,5.810000,2.090000
2054.105013,-2.708635,1.758272,5.390000,1.460000
2054.204979,-2.793577,1.782609,5.170000,0.990000
2054.304972,-2.886256,1.814541,5.060000,0.850000
2054.405027,-2.951444,1.853295,4.720000,1.180000
2054.505001,-3.003194,1.878990,4.340000,1.620000
2054.605018,-3.048818,1.909718,4.030000,1.990000
2054.705027,-3.092697,1.947977,3.780000,2.300000
2054.805042,-3.150287,1.981909,3.460000,2.430000
2054.904972,-3.151618,2.037409,2.880000,2.610000
2055.005012,-3.180412,2.074313,2.040000,2.450000
2055.104999,-3.205664,2.072776,1.510000,2.250000
2055.204997,-3.217150,2.141768,1.000000,1.980000
2055.305006,-3.218672,2.121886,0.720000,1.700000
2055.405008,-3.262730,2.183902,0.760000,1.450000
2055.505003,-3.242678,2.169830,0.640000,0.950000
2055.605030,-3.220743,2.157694,0.580000,0.530000
2055.704976,-3.208209,2.177008,0.610000,-0.050000
2055.804986,-3.242447,2.118674,0.910000,-0.220000
2055.905023,-3.236534,2.155133,1.250000,-0.130000
2056.005023,-3.276098,2.099853,1.500000,-0.240000
2056.105014,-3.280796,2.099768,1.660000,-0.230000
2056.205009,-3.264449,2.074425,1.680000,-0.270000
2056.305032,-3.339214,2.075263,1.520000,0.000000
2056.404976,-3.361851,2.090711,1.190000,0.150000
2056.505025,-3.363570,2.023522,0.910000,0.460000
2056.605002,-3.349473,2.020373,0.600000,1.060000
2056.705019,-3.343159,2.046443,0.770000,1.270000
2056.805003,-3.348037,2.010347,1.110000,1.700000
2056.905012,-3.348230,2.090524,1.640000,1.940000
2057.004971,-3.328952,2.068969,2.140000,1.450000
2057.104976,-3.318011,2.062570,2.370000,1.160000
2057.204972,-3.354013,2.101626,2.400000,0.790000
2057.305011,-3.362376,2.064500,2.150000,0.610000
2057.404977,-3.398325,2.104811,1.730000,0.710000
2057.504980,-3.386663,2.061627,1.730000,0.670000
2057.605006,-3.432624,2.089206,1.760000,0.550000
2057.705015,-3.419739,2.082672,1.390000,0.780000
2057.805005,-3.417669,2.059728,1.080000,0.890000
2057.905001,-3.402873,2.073954,0.700000,1.260000
2058.005003,-3.369017,2.104235,0.540000,1.300000
2058.105021,-3.366542,2.079998,0.610000,1.570000
2058.205002,-3.353178,2.059870,0.930000,1.490000
2058.304994,-3.384486,2.054890,1.320000,1.450000
2058.405009,-3.327065,2.091708,1.800000,1.720000
2058.504994,-3.362923,2.116187,2.440000,2.070000
2058.605006,-3.370808,2.105980,2.840000,1.550000
2058.705005,-3.388332,2.104728,2.550000,0.880000
2058.805000,-3.419773,2.085055,1.910000,0.350000
2058.904972,-3.412952,2.109023,1.110000,0.180000
2059.004996,-3.429904,2.089597,0.580000,0.360000
2059.105014,-3.404244,2.061166,0.380000,0.910000
2059.205001,-3.430668,2.052013,0.300000,1.410000
2059.304981,-3.404314,2.063859,0.090000,1.690000
2059.405007,-3.379114,2.034537,-0.060000,1.840000
2059.504997,-3.333720,2.073632,-0.070000,2.040000
2059.604974,-3.357173,2.068491,0.100000,2.220000
2059.705048,-3.327720,2.082389,0.270000,2.230000
2059.804992,-3.285341,2.090943,0.430000,2.020000
2059.904979,-3.328429,2.118044,0.610000,1.610000
2060.005009,-3.310292,2.131422,0.570000,1.410000
2060.105006,-3.283329,2.099573,0.530000,1.330000
2060.204971,-3.307522,2.126291,0.490000,1.290000
2060.305004,-3.374694,2.101507,0.390000,1.260000
2060.405006,-3.319041,2.100847,-0.010000,1.440000
2060.505008,-3.268025,2.115375,-0.310000,1.390000
2060.605009,-3.251466,2.110337,-1.000000,0.910000
2060.705010,-3.236386,2.085710,-1.860000,0.670000
2060.805007,-3.166534,2.071474,-2.890000,0.440000
2060.904973,-3.098021,2.047864,-3.740000,0.260000
2061.004978,-3.071503,2.036408,-4.380000,0.090000
2061.105008,-3.011070,1.981711,-5.040000,-0.030000
2061.205008,-2.960606,1.908266,-5.610000,-0.030000
2061.305001,-2.868146,1.857006,-6.180000,-0.220000
2061.405007,-2.755176,1.813967,-6.820000,-0.550000
2061.504975,-2.653197,1.756150,-7.320000,-0.950000
2061.605000,-2.535785,1.684796,-7.750000,-1.340000
2061.705010,-2.396511,1.600427,-8.190000,-1.620000
2061.804992,-2.262765,1.515039,-8.590000,-1.860000
2061.904995,-2.112330,1.425622,-8.950000,-1.970000
2062.005009,-1.974405,1.348248,-9.300000,-1.900000
2062.105042,-1.836471,1.276966,-9.740000,-1.690000
2062.205010,-1.691997,1.178627,-10.250000,-1.660000
2062.304998,-1.586679,1.087220,-10.700000,-1.940000
2062.404984,-1.452848,1.000866,-11.030000,-2.210000
2062.505011,-1.303571,0.920607,-11.120000,-2.430000
2062.604977,-1.118379,0.806394,-10.830000,-2.970000
2062.705000,-0.977909,0.721737,-10.130000,-3.420000
2062.805005,-0.864431,0.628453,-9.280000,-3.260000
2062.905021,-0.754719,0.514170,-8.510000,-2.560000
2063.005007,-0.692106,0.474384,-8.020000,-1.820000
2063.104976,-0.579370,0.406868,-7.740000,-1.230000
2063.204987,-0.479444,0.329096,-7.550000,-1.050000
2063.305003,-0.420635,0.303430,-7.170000,-1.100000
2063.405009,-0.356922,0.230187,-6.850000,-1.160000
2063.504990,-0.267849,0.192193,-6.470000,-1.150000
2063.605028,-0.193094,0.138711,-6.150000,-1.040000
2063.705008,-0.166560,0.112827,-5.790000,-1.070000
2063.805000,-0.102092,0.075376,-5.450000,-0.900000
2063.905001,-0.065630,0.055410,-5.160000,-0.630000
2064.005027,-0.025151,0.018058,-4.970000,-0.280000
2064.105014,0.025610,0.013378,-4.840000,0.390000
2064.204972,0.073119,-0.008946,-4.280000,0.630000
2064.304981,0.090269,-0.004744,-3.420000,0.590000
2064.404998,0.102639,0.007729,-2.820000,0.300000
2064.505010,0.104740,0.014634,-2.730000,-0.090000
2064.605009,0.098580,0.006511,-2.890000,-0.320000
2064.704973,0.115343,0.003863,-2.970000,-0.610000
2064.805001,0.114952,-0.026938,-3.040000,-0.640000
2064.905010,0.143132,-0.037497,-3.230000,-0.770000
2065.005005,0.144552,-0.041530,-3.500000,-0.690000
2065.104975,0.171361,-0.065124,-3.520000,-0.580000
2065.205071,0.175265,-0.067342,-3.380000,-0.550000
2065.304998,0.211728,-0.092919,-3.140000,-0.530000
2065.405007,0.191853,-0.098569,-2.900000,-0.520000
2065.505001,0.183689,-0.101556,-2.620000,-0.430000
2065.605004,0.198440,-0.117074,-2.540000,-0.550000
2065.705000,0.168348,-0.114445,-2.330000,-0.480000
2065.805002,0.201404,-0.110974,-2.230000,-0.540000
2065.905017,0.162494,-0.121248,-2.270000,-0.650000
2066.004984,0.177246,-0.141058,-2.060000,-0.770000
2066.104976,0.154684,-0.158418,-1.730000,-0.640000
2066.205004,0.141109,-0.160613,-1.320000,-0.160000
2066.305003,0.131629,-0.153283,-1.260000,0.620000
2066.405033,0.075754,-0.100699,-1.410000,0.950000
2066.505024,0.092030,-0.090923,-1.660000,1.080000
2066.605013,0.053096,-0.068748,-1.850000,0.940000
2066.705002,0.084112,-0.043269,-1.850000,0.450000
2066.805025,0.067538,-0.049025,-2.080000,0.130000
2066.905018,0.038960,-0.036863,-2.120000,0.240000
2067.005003,0.073093,-0.043776,-2.190000,0.360000
2067.105000,0.044456,-0.017117,-2.430000,0.320000
2067.204994,0.076576,-0.033435,-2.650000,-0.010000
2067.305001,0.056768,-0.017112,-2.800000,-0.420000
2067.405012,0.079291,-0.050927,-2.730000,-0.660000
2067.505013,0.085422,-0.040170,-2.290000,-0.520000
2067.605006,0.054673,-0.066655,-1.490000,-0.140000
2067.704998,0.029252,-0.030633,-0.730000,0.400000
2067.805010,-0.015091,-0.026200,-0.630000,0.540000
2067.905001,-0.028339,-0.025623,-1.090000,0.530000
2068.005008,-0.024810,0.023061,-1.830000,0.460000
2068.105005,-0.035520,0.006951,-2.650000,0.840000
2068.205003,-0.027008,0.021617,-2.910000,1.210000
2068.305007,-0.029230,0.040150,-2.870000,1.270000
2068.405000,-0.053297,0.083430,-2.620000,1.010000
2068.505004,-0.011272,0.101890,-2.660000,0.620000
2068.605004,0.000703,0.088225,-2.820000,0.300000
2068.704997,-0.023840,0.086497,-2.750000,-0.200000
2068.805002,-0.008973,0.083271,-2.840000,-0.910000
2068.904973,0.007200,0.076477,-2.730000,-1.670000
2069.005004,-0.018593,0.003352,-2.410000,-2.390000
2069.104990,-0.014218,0.001033,-2.140000,-2.340000
2069.205005,-0.026636,-0.069743,-2.020000,-1.750000
2069.305004,-0.095741,-0.076131,-2.340000,-0.920000
2069.404994,-0.039034,-0.105147,-2.460000,-0.140000
2069.505010,-0.055071,-0.109401,-2.610000,0.370000
2069.604977,-0.069287,-0.115111,-2.580000,0.950000
2069.704989,-0.039510,-0.106080,-2.740000,1.230000
2069.805015,-0.042597,-0.084522,-2.820000,1.460000
2069.904976,-0.029655,-0.069192,-2.610000,1.460000
2070.005018,-0.044830,-0.058026,-2.760000,1.470000
2070.104992,-0.024857,-0.020432,-2.850000,1.550000
2070.205010,-0.046197,-0.051766,-2.860000,1.480000
2070.304997,0.003889,0.012181,-2.690000,1.670000
2070.405003,0.010456,-0.005922,-2.490000,1.620000
2070.505006,-0.034502,0.051140,-2.570000,1.410000
2070.604981,0.011631,0.037304,-2.770000,1.480000
2070.705001,0.002829,0.044495,-2.840000,1.540000
2070.804975,0.025185,0.052277,-2.610000,1.700000
2070.904998,0.009161,0.061439,-2.290000,1.240000
2071.005001,0.038440,0.050849,-2.660000,0.760000
2071.105001,0.013960,0.072208,-3.120000,0.530000
2071.205015,0.012526,0.006886,-2.990000,0.450000
2071.304977,0.028893,0.043669,-2.580000,0.780000
2071.404989,-0.005853,0.049583,-2.430000,1.090000
2071.505019,-0.023800,0.043183,-2.150000,1.160000
2071.605007,-0.023780,0.064247,-1.990000,1.100000
2071.704972,-0.046361,0.026699,-2.020000,1.280000
2071.804992,-0.086110,0.053335,-2.110000,1.590000
2071.905022,-0.058791,0.103879,-2.570000,1.980000
2072.005001,-0.073728,0.077847,-3.030000,2.010000
2072.104990,-0.069411,0.135728,-3.060000,1.610000
2072.204997,-0.062102,0.122554,-2.960000,0.990000
2072.305019,-0.061407,0.098755,-2.990000,0.710000
2072.404977,-0.044750,0.143045,-3.150000,0.380000
2072.505013,-0.067336,0.091257,-3.140000,0.000000
2072.604974,-0.097836,0.073795,-2.990000,-0.030000
2072.704977,-0.060271,0.073562,-3.000000,0.120000
2072.805004,-0.042387,0.026548,-3.160000,0.280000
2072.905001,-0.076182,0.072308,-3.570000,0.470000
2073.004993,-0.032221,0.022181,-3.970000,0.340000
2073.105014,-0.045918,0.043340,-3.830000,0.120000
2073.205000,-0.062619,0.010127,-3.470000,0.300000
2073.305029,-0.058426,-0.023109,-3.340000,0.190000
2073.405012,-0.011679,0.005682,-3.430000,0.380000
2073.504992,0.001585,-0.028388,-3.520000,0.910000
2073.605002,-0.043145,-0.006520,-3.250000,1.160000
2073.704972,-0.001554,0.008983,-3.070000,1.510000
2073.805002,0.010098,-0.023973,-2.930000,1.330000
2073.905002,-0.005644,0.025055,-2.690000,1.220000
2074.005008,0.003147,0.013773,-2.790000,1.150000
2074.105004,-0.016550,0.015790,-2.810000,0.710000
2074.205006,0.009918,-0.008921,-2.740000,0.370000
2074.304997,0.021218,0.003304,-2.700000,0.460000
2074.405004,0.000442,-0.002683,-2.780000,1.200000
2074.504986,0.006459,0.021774,-2.860000,1.900000
2074.605013,-0.017845,-0.009256,-2.660000,2.170000
2074.704972,-0.027865,0.048088,-2.280000,1.900000
2074.805007,0.006037,0.045810,-2.440000,1.400000
2074.905004,-0.020919,0.049031,-2.700000,0.840000
2075.004984,-0.020325,0.032722,-2.840000,0.160000
2075.104976,-0.028072,0.069254,-2.870000,-0.310000
2075.205010,-0.051678,0.011483,-2.990000,-0.030000
2075.305002,-0.053034,0.025784,-2.830000,0.650000
2075.405009,-0.056927,0.010729,-3.010000,0.870000
2075.505015,-0.061348,0.013498,-3.040000,0.940000
2075.605000,-0.052834,-0.023043,-3.060000,0.710000
2075.705023,-0.036227,0.002004,-3.090000,0.940000
2075.805003,-0.059795,0.030429,-3.370000,1.010000
2075.904985,-0.016384,-0.017772,-3.810000,1.590000
2076.004987,-0.024387,0.024015,-4.100000,1.480000
2076.105024,-0.035461,0.015196,-4.220000,0.750000
2076.204972,0.015824,-0.017564,-4.110000,0.280000
2076.305002,-0.010426,0.015005,-3.550000,0.160000
2076.405004,-0.016412,-0.023534,-3.380000,0.310000
2076.505005,0.012263,-0.094078,-3.160000,0.760000
2076.604977,0.012879,-0.018691,-2.900000,1.720000
2076.704975,-0.026981,0.004080,-2.890000,2.170000
2076.804974,0.003329,-0.008876,-2.810000,2.400000
2076.904985,-0.000346,-0.018784,-2.810000,1.640000
2077.005003,-0.038168,0.019838,-2.830000,0.880000
2077.104994,0.013997,0.043470,-3.140000,0.610000
2077.205007,0.002266,0.018825,-3.210000,0.610000
2077.305000,-0.074373,0.015678,-2.880000,0.770000
2077.405007,-0.000071,-0.007753,-3.150000,1.460000
2077.505021,-0.029041,0.035048,-3.420000,1.920000
2077.604976,-0.014552,0.056567,-3.530000,2.230000
2077.704998,0.005759,0.070679,-2.980000,2.170000
2077.805009,0.008929,0.123577,-2.080000,1.980000
2077.905027,0.008255,0.126666,-1.810000,2.140000
2078.005053,-0.008625,0.162285,-1.880000,1.870000
2078.105005,-0.001523,0.211513,-1.870000,1.080000
2078.205007,-0.017089,0.202102,-1.780000,-0.060000
2078.305006,-0.015933,0.187182,-1.810000,-1.210000
2078.405003,-0.061319,0.178054,-1.970000,-2.230000
2078.505046,-0.099648,0.155052,-2.260000,-2.630000
2078.605010,-0.102037,0.100741,-2.780000,-2.270000
2078.704998,-0.127553,0.086647,-3.590000,-1.270000
2078.804982,-0.101673,0.069735,-4.330000,-0.240000
2078.905017,-0.124347,0.039197,-4.570000,0.000000
2079.005024,-0.063283,0.041358,-4.660000,-0.070000
2079.105012,-0.032834,0.005213,-4.340000,-0.970000
2079.205005,-0.047477,-0.038541,-4.090000,-1.520000
2079.304998,-0.063405,-0.030971,-4.060000,-1.580000
2079.405002,-0.070656,-0.046325,-3.990000,-1.530000
2079.505009,-0.045822,-0.128926,-3.780000,-0.690000
2079.604975,-0.048403,-0.193363,-3.730000,0.000000
2079.704981,-0.059270,-0.131161,-3.820000,0.630000
2079.805007,-0.037653,-0.115891,-3.720000,0.890000
2079.904999,-0.002038,-0.153495,-3.570000,0.820000
2080.005019,-0.022501,-0.099434,-3.390000,0.720000
2080.105044,-0.015586,-0.129953,-3.190000,0.320000
2080.204999,-0.040746,-0.167454,-3.350000,0.230000
2080.304983,-0.022207,-0.114951,-3.700000,0.410000
2080.404988,-0.016853,-0.134091,-3.750000,0.800000
2080.505023,0.000175,-0.147581,-3.710000,1.290000
2080.605005,0.019492,-0.094520,-3.720000,1.580000
2080.704999,0.004612,-0.092187,-4.050000,1.820000
2080.805016,0.053533,-0.108926,-3.700000,1.660000
2080.905010,0.078877,-0.092648,-3.400000,1.480000
2081.005000,0.054752,-0.088395,-3.030000,1.350000
2081.105008,0.033213,-0.066517,-2.640000,0.730000
2081.204980,-0.010302,-0.092573,-2.460000,-0.110000
2081.305003,-0.021029,-0.108520,-2.660000,-0.060000
2081.405013,0.017321,-0.139305,-2.870000,1.020000
2081.505003,-0.012634,-0.093816,-2.640000,2.350000
2081.604994,-0.003538,-0.062650,-2.520000,3.240000
2081.704977,-0.039158,-0.077717,-2.520000,3.200000
2081.804975,-0.001961,-0.020198,-3.000000,3.190000
2081.905001,-0.025870,0.018072,-3.270000,2.840000
2082.005009,-0.043767,0.037959,-3.400000,2.750000
2082.105009,0.014239,0.054023,-3.210000,2.270000
2082.205033,-0.018594,0.023973,-2.940000,1.740000
2082.305005,-0.039101,0.052163,-2.910000,1.390000
2082.405015,0.026511,0.034737,-3.280000,1.670000
2082.505004,-0.028877,0.089672,-3.400000,2.000000
2082.605004,0.026161,0.062899,-3.720000,2.020000
2082.705011,0.069634,0.085156,-3.340000,1.890000
2082.805010,0.039486,0.098122,-2.890000,1.810000
2082.904999,0.064359,0.066767,-2.440000,1.850000
2083.005004,0.077872,0.125499,-1.980000,1.820000
2083.105008,0.037523,0.150555,-1.960000,1.400000
2083.205028,0.052121,0.113695,-2.050000,0.950000
2083.305003,0.048520,0.125075,-2.170000,0.700000
2083.405032,0.003788,0.126571,-2.280000,0.310000
2083.505008,0.024530,0.115157,-2.260000,0.190000
2083.604999,-0.029456,0.098977,-2.230000,0.320000
2083.705034,-0.033809,0.050995,-2.410000,0.630000
2083.804977,0.007965,0.076664,-2.420000,1.110000
2083.905035,-0.019822,0.112605,-2.470000,0.960000
2084.004974,-0.030849,0.077297,-2.310000,0.760000
2084.104974,-0.051371,0.076111,-2.260000,0.610000
2084.205010,-0.048415,0.085095,-2.250000,0.290000
2084.305014,-0.063647,0.044407,-2.400000,0.210000
2084.405010,-0.026602,0.058521,-2.760000,0.230000
2084.505010,-0.058417,0.063601,-3.310000,0.030000
2084.605001,-0.040077,0.037227,-3.380000,0.020000
2084.704976,-0.053096,0.011449,-3.270000,-0.020000
2084.805005,-0.005347,-0.020127,-2.990000,0.310000
2084.905000,-0.027481,-0.008494,-2.970000,0.500000
2085.005010,0.013618,-0.055690,-2.790000,0.840000
2085.105005,0.005438,-0.026712,-2.680000,0.900000
2085.204974,0.004389,-0.052407,-2.690000,0.580000
2085.304978,-0.004235,-0.042013,-2.450000,0.020000
2085.405017,-0.004761,-0.068592,-2.270000,-0.010000
2085.505003,-0.023858,-0.061908,-2.420000,0.460000
2085.604976,0.011853,-0.095107,-2.560000,1.070000
2085.705007,-0.024872,-0.047325,-2.690000,1.480000
2085.804998,0.010758,-0.069925,-2.810000,1.880000
2085.905012,0.006137,-0.030866,-2.950000,2.130000
2086.005005,0.033187,-0.031426,-2.730000,1.990000
2086.105006,0.033353,-0.028121,-2.370000,1.610000
2086.205005,0.049465,0.004631,-2.040000,1.340000
2086.305005,0.009335,-0.005330,-2.110000,1.250000
2086.405008,0.045463,0.006717,-2.400000,1.400000
2086.505013,0.059233,0.002028,-2.650000,1.480000
2086.605001,0.045575,0.028217,-2.470000,1.350000
2086.704972,0.081219,0.015944,-2.280000,1.070000
2086.805015,0.080381,0.051596,-2.020000,0.820000
2086.904982,0.047661,0.043327,-1.820000,0.570000
2087.005002,0.073400,0.040077,-1.580000,0.520000
2087.105004,0.042173,0.055493,-1.480000,0.520000
2087.204997,0.031137,0.051034,-1.800000,0.660000
2087.305005,0.051369,0.050170,-2.090000,0.710000
2087.405014,0.040358,0.054161,-2.150000,0.540000
2087.505006,0.022611,0.041415,-2.020000,0.420000
2087.605002,0.033823,0.037770,-1.590000,0.230000
2087.705031,0.008967,0.019549,-1.280000,0.120000
2087.805025,0.028264,0.024643,-1.360000,0.160000
2087.905006,0.032613,0.010616,-1.510000,0.080000
2088.004976,-0.020313,0.019597,-1.670000,-0.070000
2088.104981,-0.010059,0.005228,-1.760000,-0.260000
2088.204975,0.013369,-0.011169,-1.730000,-0.380000
2088.305001,-0.010817,-0.039405,-1.600000,-0.520000
2088.405001,-0.015183,-0.038156,-1.560000,-0.410000
2088.505050,-0.028980,-0.057824,-1.530000,-0.200000
2088.605004,-0.039538,-0.063833,-1.370000,0.060000
2088.705005,-0.070726,-0.096818,-1.160000,0.300000
2088.804986,-0.038962,-0.090697,-1.180000,0.600000
2088.905003,-0.077994,-0.066475,-1.020000,0.870000
2089.005005,-0.075967,-0.057731,-1.130000,1.130000
2089.105044,-0.059459,-0.073525,-1.180000,1.300000
2089.205004,-0.067524,-0.018194,-1.370000,1.750000
2089.304996,-0.064935,-0.000253,-1.400000,2.110000
2089.405008,-0.061560,0.009073,-1.560000,2.120000
2089.505002,-0.054218,0.049159,-1.640000,1.840000
2089.605003,-0.052190,0.053032,-1.770000,1.330000
2089.704997,-0.026534,0.071131,-1.810000,0.740000
2089.805013,-0.041087,0.064491,-1.900000,0.440000
2089.905008,-0.015594,0.049557,-2.120000,0.480000
2090.005005,-0.035575,0.037991,-2.270000,0.670000
2090.105015,-0.013579,0.049207,-2.010000,0.840000
2090.204983,-0.037511,0.059424,-1.650000,1.190000
2090.305001,-0.016498,0.054941,-1.500000,1.210000
2090.405029,-0.042001,0.082400,-1.310000,1.160000
2090.505009,-0.009432,0.087796,-1.250000,1.090000
2090.605006,-0.038922,0.106746,-1.270000,0.970000
2090.704972,-0.029966,0.090001,-1.600000,0.710000
2090.805026,-0.025978,0.117167,-1.630000,0.210000
2090.905004,-0.034648,0.101866,-1.720000,-0.120000
2091.005045,-0.052807,0.097829,-1.770000,-0.290000
2091.105004,-0.039777,0.071145,-1.930000,0.010000
2091.205013,-0.064416,0.092419,-2.010000,0.470000
2091.305036,-0.076160,0.066121,-2.280000,0.880000
2091.405001,-0.040769,0.080850,-2.550000,1.060000
2091.505003,-0.058487,0.109925,-2.780000,0.710000
2091.605009,-0.033992,0.082330,-2.880000,0.360000
2091.704989,-0.019649,0.081873,-3.010000,0.170000
2091.805011,-0.018969,0.095661,-3.010000,-0.220000
2091.904986,0.005975,0.042606,-2.770000,-0.640000
2092.005002,-0.027057,0.040629,-2.520000,-1.000000
2092.104976,-0.007891,0.003544,-2.460000,-1.320000
2092.205006,-0.048601,-0.043953,-2.240000,-1.840000
2092.304988,-0.000067,-0.055103,-2.270000,-2.320000
2092.404975,-0.028764,-0.132659,-2.210000,-2.080000
2092.505006,-0.051448,-0.132986,-2.230000,-1.030000
2092.605009,-0.073366,-0.202303,-1.960000,0.360000
2092.705016,-0.056158,-0.160361,-1.960000,1.910000
2092.805003,-0.063094,-0.087551,-2.120000,2.490000
2092.905004,-0.076138,-0.081195,-2.470000,3.200000
2093.005006,-0.044865,-0.041984,-2.510000,3.390000
2093.105001,-0.050061,-0.002304,-2.840000,3.180000
2093.205045,-0.017167,0.051407,-3.070000,2.940000
2093.305027,0.018370,0.048196,-3.440000,2.520000
2093.404997,-0.003846,0.112420,-3.710000,2.170000
2093.505012,0.036933,0.141313,-3.950000,1.870000
2093.605000,0.048994,0.112901,-3.740000,0.970000
2093.705034,0.073198,0.134369,-3.450000,-0.390000
2093.805014,0.078015,0.079888,-3.340000,-1.490000
2093.904991,0.061257,0.085706,-3.430000,-1.910000
2094.005007,0.075143,-0.007108,-3.760000,-1.520000
2094.105036,0.083140,-0.017292,-3.400000,-0.710000
2094.205009,0.095872,-0.045661,-3.030000,-0.240000
2094.305001,0.117433,-0.056431,-2.700000,0.070000
2094.405000,0.109015,-0.058874,-2.420000,-0.080000
2094.505002,0.127791,-0.100505,-2.390000,0.160000
2094.605015,0.081213,-0.043000,-2.530000,0.410000
2094.704987,0.118637,-0.086128,-2.450000,0.940000
2094.805015,0.093445,-0.054180,-2.200000,1.070000
2094.904972,0.083665,-0.071613,-1.910000,1.180000
2095.004987,0.105103,-0.025080,-2.030000,1.080000
2095.105005,0.095697,-0.033409,-2.160000,1.120000
2095.205003,0.082397,-0.047066,-1.910000,0.900000
2095.305047,0.079871,-0.013907,-1.650000,0.770000
2095.404994,0.036505,-0.018175,-1.460000,0.460000
2095.505000,0.066081,0.007008,-1.560000,0.110000
2095.604997,0.025301,-0.007717,-1.810000,0.050000
2095.704976,-0.007039,-0.018108,-1.850000,0.260000
2095.805004,0.024749,-0.006605,-2.020000,0.600000
2095.904974,-0.033093,-0.009748,-2.100000,0.710000
2096.005006,0.010505,-0.009816,-2.140000,0.710000
2096.105010,-0.010865,-0.034199,-2.080000,0.470000
2096.205012,-0.017219,-0.013118,-1.900000,-0.120000
2096.304998,-0.035782,-0.015058,-1.580000,-0.390000
2096.405004,-0.053749,-0.033230,-1.770000,-0.180000
2096.504981,-0.042835,-0.049328,-1.900000,0.280000
2096.605016,-0.080492,-0.052769,-1.980000,0.920000
2096.705005,-0.032682,-0.045678,-2.020000,1.420000
2096.804995,-0.039573,-0.018123,-2.160000,1.830000
2096.905038,-0.069940,-0.000821,-2.130000,1.910000
2097.005023,-0.032869,0.006318,-2.210000,1.570000
2097.105000,-0.089209,0.050467,-2.480000,1.340000
2097.205007,-0.010521,0.034607,-2.760000,1.180000
2097.305002,-0.024543,0.042074,-3.020000,1.120000
2097.405016,0.011902,0.056343,-2.950000,0.920000
2097.504976,0.008313,0.084794,-2.680000,0.800000
2097.605007,0.004539,0.076335,-2.080000,0.510000
2097.704974,0.056633,0.050528,-1.770000,0.620000
2097.805036,0.026717,0.075357,-1.700000,0.610000
2097.904972,-0.028307,0.042836,-1.550000,0.260000
2098.004979,-0.010475,0.077857,-1.590000,-0.010000
2098.105040,-0.022378,0.058384,-1.710000,-0.270000
2098.205017,-0.038262,0.026917,-1.780000,-0.610000
2098.304974,-0.048474,0.032749,-1.890000,-0.720000
2098.405008,-0.068381,0.018581,-1.900000,-0.510000
2098.505012,-0.047168,-0.014273,-2.060000,-0.450000
2098.604992,-0.057560,-0.018820,-2.260000,-0.150000
2098.705014,-0.045052,-0.035436,-2.530000,-0.030000
2098.805006,-0.069924,-0.032433,-2.840000,0.260000
2098.905004,-0.041035,-0.041669,-2.870000,0.160000
2099.005004,-0.067427,-0.059326,-2.690000,0.130000
2099.104976,-0.032740,-0.073066,-2.490000,0.450000
2099.204976,-0.043617,-0.048914,-2.310000,0.810000
2099.304998,-0.010643,-0.068205,-2.350000,0.760000
2099.404998,0.010233,-0.046195,-2.100000,0.640000
2099.505014,-0.037793,-0.052924,-1.580000,0.110000
2099.605002,-0.033713,-0.046265,-0.580000,-0.650000
2099.704974,-0.094019,-0.088964,0.140000,-1.440000
2099.805001,-0.129826,-0.079713,0.650000,-2.160000
2099.905003,-0.211441,-0.153945,0.850000,-2.580000
2100.005021,-0.259330,-0.139821,0.980000,-2.690000
2100.105005,-0.357417,-0.201349,1.190000,-2.450000
2100.204985,-0.409612,-0.230109,1.580000,-2.440000
2100.305021,-0.466513,-0.258684,2.190000,-2.670000
2100.404973,-0.601443,-0.293423,2.760000,-3.080000
2100.505021,-0.673173,-0.324545,3.020000,-3.290000
2100.605036,-0.772338,-0.366880,3.220000,-3.410000
2100.705015,-0.903971,-0.385316,3.540000,-3.530000
2100.805005,-1.008152,-0.421668,3.730000,-3.700000
2100.904994,-1.113078,-0.455094,4.030000,-4.190000
2101.005008,-1.241555,-0.517729,4.390000,-5.060000
2101.105020,-1.368384,-0.564335,4.920000,-5.920000
2101.205051,-1.511271,-0.643101,5.460000,-6.680000
2101.305006,-1.671257,-0.708692,5.970000,-7.250000
2101.405002,-1.834805,-0.793520,6.440000,-7.810000
2101.505004,-2.003983,-0.871667,6.830000,-8.220000
2101.604999,-2.199344,-0.972585,7.190000,-8.470000
2101.705002,-2.386018,-1.065521,7.480000,-8.540000
2101.805010,-2.593421,-1.153749,7.660000,-8.480000
2101.904975,-2.771264,-1.236427,7.710000,-8.430000
2102.004979,-2.969270,-1.322614,7.800000,-8.350000
2102.105006,-3.164246,-1.402754,7.890000,-8.350000
2102.205031,-3.337888,-1.484000,7.810000,-8.210000
2102.305005,-3.511917,-1.544478,7.200000,-8.160000
2102.404973,-3.673487,-1.655032,6.510000,-7.940000
2102.504988,-3.833936,-1.715054,5.760000,-7.790000
2102.605042,-3.969850,-1.812224,5.260000,-7.620000
2102.705001,-4.064025,-1.863174,4.950000,-7.040000
2102.804985,-4.207622,-1.927167,4.780000,-6.420000
2102.904993,-4.321874,-2.023508,4.420000,-5.910000
2103.005016,-4.388708,-2.051408,4.010000,-5.720000
2103.105006,-4.494354,-2.103906,3.770000,-5.760000
2103.204977,-4.574527,-2.160821,3.680000,-5.460000
2103.304972,-4.645449,-2.187900,3.720000,-5.080000
2103.405003,-4.714565,-2.270634,3.610000,-4.810000
2103.505001,-4.793912,-2.273650,3.540000,-4.510000
2103.605000,-4.855464,-2.322549,3.450000,-4.300000
2103.705027,-4.898486,-2.333893,3.360000,-3.890000
2103.805000,-4.939185,-2.341778,3.480000,-3.570000
2103.905004,-4.987060,-2.342028,3.340000,-3.540000
2104.005004,-5.042597,-2.332940,3.230000,-3.610000
2104.105009,-5.111572,-2.369420,2.800000,-3.730000
2104.205004,-5.132872,-2.340088,2.450000,-3.720000
2104.305003,-5.181907,-2.421994,2.120000,-3.450000
2104.404973,-5.203506,-2.408900,1.790000,-3.120000
2104.505014,-5.228785,-2.429406,1.460000,-2.960000
2104.604976,-5.197923,-2.393133,1.360000,-2.470000
2104.704996,-5.224389,-2.372813,1.450000,-2.150000
2104.804999,-5.247681,-2.396232,1.420000,-2.320000
2104.905004,-5.295482,-2.397428,1.390000,-2.900000
2105.005022,-5.255003,-2.362947,1.680000,-3.270000
2105.105002,-5.291778,-2.445576,1.940000,-3.680000
2105.205007,-5.301824,-2.410050,2.060000,-4.030000
2105.305015,-5.355447,-2.420330,1.980000,-3.660000
2105.405004,-5.364053,-2.439820,1.790000,-3.620000
2105.505006,-5.375913,-2.483186,1.700000,-3.620000
2105.605008,-5.371888,-2.451132,1.780000,-3.590000
2105.704999,-5.455606,-2.492635,1.730000,-3.380000
2105.805010,-5.426565,-2.451423,1.630000,-3.330000
2105.904978,-5.447154,-2.518242,1.390000,-3.030000
2106.005004,-5.460733,-2.468397,1.260000,-2.760000
2106.105006,-5.507776,-2.494548,1.040000,-2.160000
2106.204984,-5.503745,-2.499908,0.740000,-2.100000
2106.305007,-5.459546,-2.459359,0.420000,-2.110000
2106.405003,-5.486468,-2.481430,0.240000,-2.120000
2106.505004,-5.470674,-2.442896,0.330000,-2.380000
2106.604974,-5.438339,-2.474113,0.130000,-2.560000
2106.704973,-5.448875,-2.440646,0.140000,-2.490000
2106.804990,-5.487785,-2.488989,0.240000,-2.420000
2106.904994,-5.420206,-2.463445,0.160000,-2.270000
2107.005000,-5.437935,-2.486787,0.120000,-2.090000
2107.105015,-5.447787,-2.488758,-0.050000,-1.900000
2107.205009,-5.424458,-2.496768,-0.430000,-1.580000
2107.304973,-5.369096,-2.493126,-1.100000,-1.060000
2107.405006,-5.332055,-2.445844,-1.860000,-0.430000
2107.505010,-5.296242,-2.450001,-2.490000,0.750000
2107.604973,-5.248048,-2.413804,-2.610000,1.640000
2107.704998,-5.117056,-2.365272,-3.120000,2.290000
2107.804999,-5.059487,-2.288975,-3.580000,2.270000
2107.905004,-5.004183,-2.246643,-4.140000,2.130000
2108.004998,-4.863454,-2.210224,-4.410000,1.890000
2108.105017,-4.804994,-2.157306,-4.590000,2.220000
2108.205033,-4.657205,-2.131632,-4.810000,2.650000
2108.305006,-4.544091,-2.029520,-5.190000,3.040000
2108.404978,-4.469845,-2.022847,-5.650000,3.220000
2108.505006,-4.330516,-1.962054,-6.050000,3.190000
2108.605009,-4.219679,-1.869590,-6.600000,3.500000
2108.704975,-4.067898,-1.870208,-7.200000,3.970000
2108.805008,-3.931165,-1.783314,-7.780000,4.670000
2108.905005,-3.769066,-1.692060,-8.210000,5.500000
2109.005003,-3.611586,-1.651541,-8.830000,6.350000
2109.105021,-3.410578,-1.543450,-9.380000,7.030000
2109.205056,-3.243736,-1.430021,-9.910000,7.590000
2109.305001,-3.045469,-1.364295,-10.470000,7.890000
2109.405009,-2.814166,-1.244626,-10.670000,8.070000
2109.504989,-2.616002,-1.155839,-10.660000,8.320000
2109.604992,-2.422227,-1.053848,-10.630000,8.380000
2109.704995,-2.202357,-0.932857,-10.290000,7.970000
2109.805012,-1.989955,-0.853758,-9.890000,7.360000
2109.905014,-1.807059,-0.787912,-9.430000,6.610000
2110.005009,-1.654501,-0.709210,-8.990000,6.120000
2110.105008,-1.499960,-0.644769,-8.530000,5.810000
2110.204990,-1.344278,-0.589250,-8.130000,5.720000
2110.305005,-1.208013,-0.522213,-7.850000,5.610000
2110.405005,-1.065251,-0.463662,-7.660000,5.520000
2110.505019,-0.957738,-0.404897,-7.400000,5.380000
2110.605008,-0.860337,-0.332250,-7.260000,5.260000
2110.705005,-0.731834,-0.277796,-7.190000,5.250000
2110.805006,-0.620760,-0.239345,-7.280000,4.750000
2110.905009,-0.502272,-0.182215,-7.280000,4.220000
2111.005011,-0.428114,-0.156341,-6.960000,3.840000
2111.105009,-0.340552,-0.130992,-6.180000,3.380000
2111.204978,-0.289592,-0.097417,-4.510000,2.370000
2111.305013,-0.243607,-0.077742,-3.400000,1.650000
2111.404985,-0.227331,-0.065224,-3.340000,1.430000
2111.505011,-0.205005,-0.059014,-3.950000,1.630000
2111.605013,-0.193164,-0.047895,-4.430000,1.900000
2111.704996,-0.170138,-0.033177,-4.650000,2.140000
2111.804988,-0.136739,-0.042332,-4.610000,2.300000
2111.905009,-0.091206,-0.047307,-4.410000,2.340000
2112.004976,-0.059892,-0.044077,-4.310000,2.370000
2112.104992,-0.033856,-0.018013,-4.240000,2.290000
2112.205005,-0.026432,0.014106,-4.120000,2.120000
2112.305003,0.005318,0.049977,-3.970000,1.880000
2112.405013,0.051539,0.049940,-3.810000,1.710000
2112.505001,0.036207,0.078065,-3.680000,1.430000
2112.605015,0.096088,0.080427,-3.760000,1.450000
2112.705010,0.097005,0.075971,-3.650000,1.140000
2112.805015,0.116544,0.091347,-3.660000,1.140000
2112.904976,0.147345,0.087698,-3.620000,0.830000
2113.004974,0.163737,0.041813,-3.470000,0.480000
2113.105011,0.140906,0.102065,-3.390000,0.510000
2113.204995,0.181997,0.064532,-3.310000,0.720000
2113.305001,0.188404,0.050120,-3.080000,0.740000
2113.405007,0.170614,0.058502,-2.840000,1.010000
2113.505009,0.194252,0.079735,-2.680000,1.040000
2113.604986,0.204047,0.024507,-2.900000,1.020000
2113.705002,0.185707,0.086188,-3.170000,0.990000
2113.805026,0.185646,0.033317,-3.090000,0.670000
2113.905014,0.184073,0.058464,-3.050000,0.410000
2114.005030,0.212263,0.021193,-2.870000,0.310000
2114.105015,0.171023,0.045275,-2.500000,0.640000
2114.205005,0.184863,0.038673,-2.240000,1.400000
2114.304998,0.167081,0.037632,-2.080000,1.820000
2114.405008,0.121521,0.082622,-2.100000,1.650000
2114.505010,0.149405,0.125081,-2.210000,1.610000
2114.604982,0.149543,0.089642,-2.280000,1.170000
2114.704990,0.124234,0.137293,-2.570000,0.780000
2114.805006,0.121438,0.152138,-2.860000,0.180000
2114.904976,0.123690,0.096085,-3.050000,-0.280000
2115.004986,0.076228,0.106814,-2.840000,-0.640000
2115.105034,0.058913,0.085269,-2.800000,-0.890000
2115.205025,0.105529,0.013323,-3.140000,-1.050000
2115.304999,0.058494,0.030701,-3.180000,-1.380000
2115.404974,0.069831,-0.039302,-3.020000,-1.170000
2115.504997,0.048165,-0.028751,-3.030000,-0.630000
2115.604977,0.044022,-0.078352,-3.080000,0.030000
2115.705002,0.059308,-0.073778,-3.430000,0.720000
2115.804996,0.060611,-0.042812,-3.580000,0.960000
2115.905009,0.091427,-0.088109,-3.680000,1.100000
2116.005002,0.080723,-0.033701,-3.470000,1.080000
2116.104989,0.077757,-0.061920,-3.040000,1.170000
2116.205016,0.088820,-0.038526,-2.750000,1.530000
2116.305008,0.117109,-0.001433,-2.540000,1.790000
2116.405005,0.095837,0.024109,-2.490000,1.890000
2116.505023,0.070230,0.055665,-2.360000,1.980000
2116.605008,0.101089,0.067424,-2.190000,1.370000
2116.705010,0.081497,0.108399,-1.890000,0.410000
2116.804996,0.051957,0.122116,-1.720000,-0.420000
2116.905003,0.044642,0.098584,-1.810000,-0.690000
2117.005009,0.006151,0.095036,-2.090000,-0.420000
2117.105017,-0.051413,0.093300,-2.160000,-0.360000
2117.205006,-0.028136,0.087342,-2.410000,-0.480000
2117.305023,-0.008963,0.084969,-2.820000,-0.340000
2117.405027,-0.033386,0.080084,-3.220000,-0.240000
2117.505008,-0.018155,0.104691,-3.460000,-0.330000
2117.605010,-0.046564,0.100204,-3.530000,-0.340000
2117.704978,-0.035776,0.079361,-3.810000,-0.400000
2117.805021,0.002141,0.067937,-4.120000,-0.700000
2117.905010,0.023483,0.043490,-4.430000,-1.080000
2118.005000,0.047345,0.001280,-4.330000,-1.460000
2118.105000,0.027202,-0.011762,-3.730000,-1.730000
2118.204998,0.051251,-0.023492,-3.090000,-1.780000
2118.305008,0.023057,-0.075964,-2.580000,-1.660000
2118.404977,0.003303,-0.087910,-2.210000,-1.520000
2118.505006,0.019105,-0.130903,-2.250000,-1.170000
2118.605015,-0.002987,-0.153112,-2.140000,-0.760000
2118.705005,-0.038081,-0.129778,-2.190000,-0.610000
2118.805027,-0.060507,-0.153179,-2.430000,-0.340000
2118.905041,-0.048194,-0.113146,-2.790000,0.140000
2119.005013,-0.032378,-0.118012,-3.150000,0.650000
2119.105008,-0.038606,-0.126186,-3.120000,0.980000
2119.205007,-0.006125,-0.129006,-3.240000,1.250000
2119.305036,-0.019043,-0.112534,-3.380000,1.440000
2119.405005,0.000251,-0.061876,-3.290000,1.340000
2119.505027,0.038118,-0.037745,-3.120000,1.270000
2119.605004,0.057751,-0.037297,-3.050000,1.340000
2119.705042,0.025852,-0.021619,-2.580000,1.110000
2119.805005,0.033988,0.033896,-2.150000,0.880000
2119.904999,0.064129,0.018978,-1.940000,0.420000
2120.004995,0.044969,0.009720,-2.140000,0.110000
2120.105006,0.022678,0.037805,-2.080000,-0.100000
2120.205011,0.012381,0.068105,-1.800000,-0.100000
2120.305005,0.024583,0.039447,-1.500000,-0.320000
2120.404990,-0.023314,0.053180,-1.630000,-0.510000
2120.505000,-0.044663,0.046868,-2.030000,-0.810000
2120.605010,-0.061095,0.037323,-2.310000,-1.190000
2120.705000,-0.082171,-0.006601,-2.410000,-1.640000
2120.805003,-0.078897,-0.038945,-2.390000,-1.240000
2120.905006,-0.048537,-0.044037,-2.320000,-0.820000
2121.005006,-0.112708,-0.037564,-2.370000,-0.390000
2121.104977,-0.071153,-0.026170,-2.520000,-0.110000
2121.204983,-0.133258,-0.049959,-2.710000,0.000000
2121.305008,-0.053273,-0.038606,-2.980000,0.350000
2121.404975,-0.055583,-0.055648,-3.140000,0.510000
2121.505007,-0.069492,-0.046005,-3.200000,0.820000
2121.604978,0.005726,-0.044997,-3.280000,1.330000
2121.705004,0.009783,-0.030593,-2.850000,1.610000
2121.805014,-0.028652,0.017940,-2.210000,1.770000
2121.904978,-0.001464,0.048610,-1.870000,1.370000
2122.005009,-0.004957,0.055626,-1.970000,0.840000
2122.104985,-0.012639,0.071952,-2.240000,0.150000
2122.205003,-0.005686,0.058597,-2.560000,-0.500000
2122.305026,-0.025545,0.058020,-2.580000,-1.020000
2122.405013,0.007917,0.031740,-2.200000,-1.020000
2122.505006,-0.016114,-0.001986,-1.960000,-0.940000
2122.605004,-0.036749,0.005297,-1.980000,-0.760000
2122.705006,-0.057450,-0.006565,-1.990000,-0.830000
2122.805005,-0.056766,-0.008834,-2.020000,-0.750000
2122.904977,-0.094824,-0.025368,-1.920000,-0.640000
2123.005003,-0.071109,-0.071000,-1.980000,-0.390000
2123.104979,-0.114215,-0.034775,-2.250000,-0.230000
2123.205006,-0.085386,-0.062187,-2.760000,0.170000
2123.305014,-0.088671,-0.042489,-3.040000,0.700000
2123.405004,-0.046895,-0.079478,-3.140000,1.190000
2123.505031,-0.078442,-0.036358,-3.260000,1.520000
2123.605010,-0.053695,-0.040773,-3.320000,1.640000
2123.705000,-0.022811,0.004159,-3.240000,1.600000
2123.805006,-0.009206,0.021294,-3.100000,1.340000
2123.905014,0.002032,0.029327,-2.970000,0.870000
2124.005002,0.006381,0.008378,-3.050000,0.420000
2124.104998,0.037689,0.002892,-3.060000,0.190000
2124.205013,-0.014639,0.015171,-2.800000,0.180000
2124.305032,0.025999,-0.001068,-2.890000,0.370000
2124.405046,0.040067,0.038945,-2.930000,0.720000
2124.505013,0.054138,0.000857,-3.110000,0.780000
2124.605001,0.055286,0.029555,-3.000000,0.570000
2124.704976,0.039595,0.027208,-2.840000,0.290000
2124.805003,0.085472,0.032680,-2.700000,-0.020000
2124.904983,0.053242,0.008635,-2.450000,-0.350000
2125.004980,0.066266,0.032491,-2.340000,-0.470000
2125.105021,0.064470,-0.004638,-2.350000,-0.410000
2125.205002,0.049390,0.020268,-2.310000,-0.280000
2125.304991,0.068558,-0.008313,-2.090000,-0.160000
2125.405011,0.028143,0.030129,-2.120000,-0.070000
2125.505009,0.038620,-0.006020,-2.170000,0.250000
2125.605003,0.001311,0.040923,-2.360000,0.460000
2125.704997,0.050913,0.025695,-2.390000,0.530000
2125.805009,0.020998,0.050634,-2.360000,0.470000
2125.904991,0.054186,0.064108,-2.320000,0.520000
2126.005015,0.049663,0.069139,-2.320000,0.600000
2126.105016,0.017571,0.088854,-2.130000,0.460000
2126.204982,0.053319,0.103619,-2.310000,0.200000
2126.304980,0.051133,0.096618,-2.540000,-0.210000
2126.404998,0.035031,0.089428,-2.550000,-0.910000
2126.505007,0.076045,0.069875,-2.590000,-1.540000
2126.605009,0.056852,0.059251,-2.320000,-1.980000
2126.704975,0.024077,0.015029,-1.920000,-2.100000
2126.804993,0.052831,-0.019401,-1.580000,-1.720000
2126.905022,0.012223,-0.021673,-1.220000,-1.650000
2127.005006,-0.024351,-0.043927,-1.120000,-1.190000
2127.105012,-0.013544,-0.074036,-1.100000,-0.820000
2127.204989,-0.033983,-0.062490,-1.330000,-0.500000
2127.304977,-0.065826,-0.059768,-1.670000,-0.230000
2127.405071,-0.029481,-0.059100,-2.040000,-0.120000
2127.505014,-0.041653,-0.045259,-2.450000,-0.150000
2127.605008,-0.051638,-0.084518,-2.660000,-0.300000
2127.705018,-0.036596,-0.070655,-2.860000,-0.170000
2127.805022,-0.035708,-0.060039,-2.760000,0.030000
2127.905017,-0.008356,-0.072302,-2.690000,0.290000
2128.005009,-0.013862,-0.056980,-2.400000,0.520000
2128.105031,0.005076,-0.047705,-2.060000,0.580000
2128.205035,0.002296,-0.020890,-1.850000,0.450000
2128.305027,0.021668,-0.020380,-1.620000,0.060000
2128.404976,-0.005317,-0.022067,-1.500000,-0.260000
2128.505007,-0.025749,-0.014869,-1.320000,-0.460000
2128.604995,-0.024412,-0.023279,-1.430000,-0.440000
2128.705006,-0.059717,-0.002857,-1.520000,-0.410000
2128.805021,-0.045648,-0.011889,-1.590000,-0.260000
2128.905003,-0.048935,-0.023307,-1.710000,-0.180000
2129.005027,-0.054111,-0.006430,-1.670000,-0.140000
2129.105032,-0.072762,-0.017862,-1.880000,-0.170000
2129.205011,-0.051107,-0.025886,-2.060000,-0.220000
2129.304999,-0.095023,-0.017315,-1.990000,-0.170000
2129.405024,-0.055966,-0.004017,-2.030000,0.020000
2129.504981,-0.037522,-0.025472,-2.220000,0.290000
2129.604981,-0.087240,0.010588,-2.240000,0.350000
2129.704979,-0.043746,-0.004452,-2.330000,0.390000
2129.805002,-0.021655,0.012479,-2.250000,0.000000
2129.904981,-0.031259,-0.020595,-2.160000,-0.390000
2130.004994,-0.041625,-0.016972,-2.250000,-0.540000
2130.105000,-0.017780,-0.006058,-2.050000,-0.360000
2130.205009,-0.051440,-0.003127,-2.060000,0.080000
2130.305009,-0.023129,-0.007731,-2.290000,0.220000
2130.405010,-0.041808,0.000508,-2.330000,0.100000
2130.505004,0.004063,-0.011036,-2.250000,0.110000
2130.605009,0.020319,-0.034044,-2.000000,0.110000
2130.705005,0.020291,-0.004455,-1.970000,0.250000
2130.804980,0.033040,-0.021845,-2.240000,0.430000
2130.904982,0.037554,0.001240,-2.480000,0.480000
2131.005002,0.054629,-0.014972,-2.620000,0.480000
2131.104979,0.026812,0.014544,-2.810000,0.460000
2131.205003,0.071456,0.021630,-2.760000,0.640000
2131.304999,0.066992,0.012258,-2.740000,0.670000
2131.405017,0.114561,0.021686,-2.530000,0.370000
2131.505014,0.089354,0.021765,-2.450000,0.080000
2131.605016,0.104506,0.031385,-2.210000,-0.180000
2131.705006,0.100465,0.042674,-2.000000,-0.140000
2131.804977,0.080781,0.019723,-1.660000,-0.090000
2131.905008,0.097554,0.033179,-1.640000,0.070000
2132.004988,0.078202,0.061111,-1.560000,-0.050000
2132.104977,0.044819,0.063999,-1.620000,-0.050000
2132.204995,0.083445,0.072168,-1.910000,-0.070000
2132.305010,0.064834,0.063087,-2.120000,-0.340000
2132.405006,0.022452,0.096741,-1.940000,-0.510000
2132.505006,0.049633,0.080326,-1.750000,-0.590000
2132.605013,0.032722,0.076783,-1.710000,-0.650000
2132.704975,0.012319,0.062230,-1.810000,-0.750000
2132.805019,-0.001755,0.076683,-1.930000,-0.920000
2132.905007,0.014972,0.091971,-2.110000,-1.350000
2133.005006,-0.024172,0.052211,-2.250000,-1.620000
2133.105006,-0.003460,0.028602,-2.360000,-1.760000
2133.205036,-0.014888,0.020832,-2.440000,-1.980000
2133.305000,-0.061851,0.005902,-2.480000,-1.880000
2133.404991,-0.015856,-0.023745,-2.640000,-1.660000
2133.504979,-0.050250,-0.044344,-2.610000,-1.210000
2133.604977,-0.008694,-0.045018,-2.430000,-0.930000
2133.704975,-0.038730,-0.046902,-2.280000,-0.800000
2133.805008,-0.028000,-0.074500,-2.230000,-0.620000
2133.904977,-0.066506,-0.043219,-2.410000,-0.520000
2134.005002,-0.039610,-0.034459,-2.530000,-0.540000
2134.105061,-0.054633,-0.024169,-2.330000,-0.720000
2134.205010,-0.007748,-0.030772,-2.100000,-1.010000
2134.305032,-0.069778,-0.045225,-1.970000,-1.220000
2134.404978,-0.027375,-0.049934,-2.210000,-1.160000
2134.505010,-0.070974,-0.065627,-2.400000,-0.920000
2134.604977,-0.030856,-0.073241,-2.490000,-0.770000
2134.705000,-0.070911,-0.067239,-2.420000,-0.770000
2134.805005,-0.037634,-0.084032,-2.670000,-0.880000
2134.904978,-0.066489,-0.073391,-2.810000,-0.890000
2135.005006,-0.016400,-0.095436,-2.890000,-0.710000
2135.105035,-0.052267,-0.081833,-2.710000,-0.340000
2135.205006,-0.003687,-0.100051,-2.570000,0.000000
2135.305028,-0.036843,-0.077918,-2.320000,0.200000
2135.404974,0.003690,-0.078638,-2.150000,0.210000
2135.504981,-0.035875,-0.047610,-1.980000,0.250000
2135.604994,-0.014288,-0.041023,-2.120000,0.290000
2135.705007,-0.038926,-0.024939,-2.440000,0.200000
2135.804977,-0.002432,-0.029495,-2.610000,-0.050000
2135.905003,-0.012339,-0.014310,-2.740000,-0.280000
2136.005002,0.001726,-0.028742,-2.640000,-0.490000
2136.105020,-0.020161,-0.033102,-2.770000,-0.520000
2136.204992,-0.047728,-0.021702,-2.850000,-0.330000
2136.305002,-0.014471,-0.020767,-2.940000,-0.030000
2136.405007,-0.035912,0.006264,-2.840000,0.120000
2136.505014,-0.001182,0.017913,-2.700000,0.120000
2136.605004,-0.020381,0.041027,-2.630000,-0.100000
2136.705015,0.016405,0.017113,-2.510000,-0.390000
2136.805035,-0.005188,0.033372,-2.430000,-0.480000
2136.904983,0.017878,-0.001521,-2.480000,-0.460000
2137.005002,0.011942,0.011217,-2.680000,-0.240000
2137.104983,0.017081,0.027999,-2.720000,-0.010000
2137.205009,0.013234,0.037943,-2.760000,0.150000
2137.304973,0.033021,0.053680,-2.780000,0.000000
2137.405008,0.040423,0.051260,-2.770000,-0.380000
2137.504977,0.043555,0.050030,-2.540000,-0.800000
2137.605020,0.032687,0.029366,-2.240000,-1.210000
2137.704974,-0.000781,0.022734,-1.780000,-1.160000
2137.804986,0.019742,0.006299,-1.570000,-0.880000
2137.905003,-0.006146,-0.004141,-1.580000,-0.580000
2138.004991,0.001447,-0.004549,-1.730000,-0.450000
2138.105027,-0.032164,0.008768,-2.190000,-0.440000
2138.205009,-0.032347,0.009520,-2.450000,-0.500000
2138.304999,-0.033220,0.011918,-2.570000,-0.540000
2138.404986,-0.034981,0.012254,-2.540000,-0.380000
2138.505007,-0.036550,0.016648,-2.540000,-0.320000
2138.605014,-0.055906,0.009726,-2.480000,-0.210000
2138.704975,-0.002028,0.012414,-2.540000,-0.200000
2138.805005,-0.028436,0.009605,-2.530000,-0.180000
2138.905011,-0.008128,0.001946,-2.370000,-0.150000
2139.005008,-0.021721,0.023868,-2.350000,-0.090000
2139.104980,-0.011578,0.014466,-2.310000,-0.180000
2139.205054,-0.035610,0.028676,-2.440000,-0.450000
2139.304999,-0.028334,0.022504,-2.590000,-0.610000
2139.404989,-0.020272,0.039659,-2.620000,-0.810000
2139.505093,-0.039366,0.022853,-2.340000,-0.990000
2139.605030,-0.013757,0.021071,-2.210000,-1.150000
2139.705024,-0.045404,-0.002278,-2.250000,-1.210000
2139.805008,-0.034552,-0.010070,-2.490000,-1.190000
2139.904980,-0.067408,-0.022320,-2.540000,-1.040000
2140.004978,-0.034199,-0.055566,-2.660000,-0.810000
2140.104997,-0.056387,-0.052787,-2.680000,-0.390000
2140.205009,-0.018284,-0.080460,-2.860000,-0.020000
2140.304979,-0.055169,-0.049673,-2.690000,0.120000
2140.405003,-0.032011,-0.057320,-2.500000,0.140000
2140.504990,-0.049405,-0.011317,-2.590000,0.290000
2140.605004,-0.015947,-0.027189,-2.760000,0.410000
2140.705000,-0.002198,0.007473,-2.980000,0.490000
2140.805006,0.015996,0.000380,-2.890000,0.300000
2140.905032,0.013632,-0.000021,-2.740000,-0.050000
2141.005015,-0.012669,0.027419,-2.560000,-0.420000
2141.104976,0.018228,0.021303,-2.650000,-0.500000
2141.204984,0.015976,0.006301,-2.570000,-0.290000
2141.305014,0.044079,0.002802,-2.360000,-0.270000
2141.405011,0.016765,0.007733,-2.210000,-0.210000
2141.505005,-0.002550,0.020018,-2.100000,-0.330000
2141.605008,0.037832,0.014271,-2.330000,-0.580000
2141.704979,0.003516,0.032738,-2.490000,-0.750000
2141.805011,0.035376,0.006313,-2.390000,-0.820000
2141.905035,0.029624,-0.008415,-2.610000,-0.950000
2142.005014,-0.009863,-0.030938,-2.870000,-1.020000
2142.104984,0.030333,-0.027448,-2.990000,-0.850000
2142.205017,0.011745,-0.040065,-2.780000,-0.670000
2142.304987,0.059773,-0.031090,-2.510000,-0.390000
2142.405021,0.024154,-0.024874,-2.370000,0.000000
2142.505008,0.060851,-0.033515,-2.280000,0.210000
2142.605008,0.079601,-0.018815,-2.110000,0.220000
2142.705000,0.061731,0.004862,-2.140000,-0.180000
2142.805004,0.083331,-0.018388,-2.130000,-0.560000
2142.905016,0.049701,0.008609,-1.830000,-0.540000
2143.005004,0.070669,-0.006590,-1.420000,-0.260000
2143.104978,0.068267,-0.007586,-1.480000,-0.580000
2143.205032,0.048287,-0.015624,-1.600000,-1.310000
2143.305009,0.031344,-0.022017,-1.540000,-1.720000
2143.404993,0.036621,-0.022915,-1.670000,-1.220000
2143.505027,0.026277,-0.045122,-1.870000,-0.240000
2143.604979,0.038103,-0.038194,-2.140000,0.510000
2143.705005,0.052900,-0.013351,-1.890000,0.630000
2143.805006,0.067255,-0.010604,-0.900000,-0.490000
2143.904999,0.061588,0.070747,-0.390000,-0.840000
2144.005004,0.075295,0.096689,-1.980000,1.040000
2144.105026,0.093907,0.088349,-2.960000,1.520000
2144.205010,0.043506,0.012370,-2.100000,-0.240000
2144.305031,-0.062611,-0.007674,-0.990000,-0.410000
2144.405003,-0.000784,0.002162,-0.600000,-0.500000
2144.505015,0.040591,0.002545,-0.920000,-0.460000
2144.604982,0.006718,0.011512,-1.210000,-0.420000
2144.705002,-0.010921,0.011602,-1.060000,-0.430000
2144.805011,0.015852,0.013169,-1.040000,-0.400000
2144.904978,0.004800,0.024244,-1.110000,-0.380000
2145.005006,0.004580,0.028150,-1.090000,-0.380000
2145.104980,0.005148,0.029341,-1.100000,-0.370000
2145.204995,0.004110,0.035293,-1.090000,-0.360000
2145.304975,0.005648,0.035244,-1.100000,-0.360000
2145.405003,0.003331,0.040976,-1.110000,-0.350000
2145.505007,0.008356,0.044354,-1.130000,-0.330000
2145.605009,0.010491,0.044099,-1.110000,-0.340000
2145.704978,0.008465,0.047491,-1.130000,-0.340000
2145.805005,0.006085,0.049413,-1.120000,-0.330000
2145.905002,0.012903,0.052277,-1.120000,-0.330000
2146.004979,0.013362,0.051400,-1.120000,-0.320000
2146.104981,0.013184,0.051204,-1.120000,-0.320000
2146.205017,0.012609,0.059132,-1.130000,-0.330000
3814.805001,0.012679,-0.008704,-0.850000,0.340000
3814.904981,0.012464,-0.007970,-0.860000,0.340000
3815.004990,0.011841,-0.007102,-0.860000,0.340000
3815.104992,0.010803,-0.005813,-0.860000,0.340000
3815.204963,0.009636,-0.004406,-0.860000,0.340000
3815.304993,0.009641,-0.002438,-0.860000,0.350000
3815.404968,0.009863,-0.001394,-0.860000,0.350000
3815.504964,0.009998,0.000739,-0.860000,0.350000
3815.604989,0.009913,0.002669,-0.860000,0.350000
3815.705015,0.009310,0.003437,-0.870000,0.350000
3815.804994,0.008828,0.004085,-0.870000,0.350000
3815.904974,0.009050,0.004471,-0.870000,0.350000
3816.004998,0.008773,0.004402,-0.870000,0.350000
3816.104998,0.008705,0.006163,-0.870000,0.350000
3816.204963,0.008539,0.007153,-0.870000,0.350000
3816.304965,0.008016,0.008215,-0.870000,0.350000
3816.404984,0.007049,0.008558,-0.870000,0.350000
3816.504990,0.007243,0.007514,-0.870000,0.350000
3816.604993,0.007140,0.007472,-0.870000,0.350000
3816.704971,0.008169,0.006249,-0.870000,0.350000
3816.804974,0.009299,0.005007,-0.870000,0.350000
3816.904967,0.010534,0.004393,-0.870000,0.340000
3817.004994,0.011573,0.004348,-0.870000,0.340000
3817.104968,0.012018,0.004501,-0.870000,0.340000
3817.204999,0.011445,0.003985,-0.870000,0.340000
3817.304981,0.009870,0.004830,-0.870000,0.340000
3817.405026,0.008364,0.005821,-0.870000,0.350000
3817.504980,0.007308,0.006128,-0.870000,0.350000
3817.604966,0.005942,0.006679,-0.870000,0.350000
3817.705003,0.006556,0.006557,-0.880000,0.350000
3817.804971,0.007047,0.007210,-0.880000,0.350000
3817.905003,0.007517,0.005539,-0.880000,0.350000
3818.004972,0.010041,0.009462,-0.890000,0.350000
3818.104995,0.010988,0.010112,-0.870000,0.350000
3818.204992,0.012502,0.008899,-0.890000,0.350000
3818.305004,0.012974,0.011546,-0.880000,0.350000
3818.405007,0.012588,0.010365,-0.880000,0.340000
3818.505000,0.010811,0.016701,-0.870000,0.340000
3818.604996,0.010489,0.008063,-0.880000,0.350000
3818.704997,0.011074,0.011002,-0.870000,0.340000
3818.804977,0.009285,0.011386,-0.870000,0.340000
3818.904998,0.006563,0.005222,-0.880000,0.350000
3819.004971,0.012275,0.001091,-0.880000,0.350000
3819.104972,0.011903,-0.001049,-0.880000,0.340000
3819.204980,0.012907,-0.001683,-0.880000,0.340000
3819.304995,0.011161,-0.001950,-0.890000,0.340000
3819.404985,0.009960,-0.004656,-0.890000,0.340000
3819.504970,0.007201,-0.001795,-0.900000,0.340000
3819.604995,0.002149,-0.002040,-0.890000,0.350000
3819.704994,0.000665,0.000781,-0.890000,0.350000
3819.804993,-0.000484,0.001448,-0.900000,0.350000
3819.904995,-0.000285,-0.000363,-0.900000,0.350000
3820.004970,0.001100,0.002329,-0.900000,0.360000
3820.104994,0.001024,0.006974,-0.900000,0.340000
3820.204996,0.001662,0.009067,-0.900000,0.350000
3820.304968,0.004642,0.009580,-0.900000,0.340000
3820.404994,-0.000015,0.012408,-0.900000,0.340000
3820.504995,0.001098,0.013885,-0.900000,0.340000
3820.604990,0.000087,0.013940,-0.900000,0.340000
3820.705011,0.002404,0.019849,-0.880000,0.350000
3820.805004,0.011256,0.021316,-0.890000,0.360000
3820.905002,0.011473,0.018043,-0.900000,0.340000
3821.004979,0.018170,0.010184,-0.900000,0.340000
3821.105016,0.018237,0.018641,-0.890000,0.330000
3821.205001,0.023721,0.019477,-0.890000,0.340000
3821.305019,0.025414,0.016397,-0.900000,0.340000
3821.404978,0.006842,0.019588,-0.920000,0.340000
3821.504974,0.007060,0.021946,-0.900000,0.350000
3821.604998,0.013193,0.022479,-0.900000,0.350000
3821.704999,0.023776,0.013085,-0.910000,0.340000
3821.805002,0.017461,0.008932,-0.910000,0.330000
3821.905007,0.017360,0.012633,-0.890000,0.340000
3822.005021,0.015786,0.016557,-0.890000,0.350000
3822.105011,0.002453,0.014102,-0.900000,0.350000
3822.205008,0.024620,0.019018,-0.870000,0.350000
3822.304974,0.034924,0.013360,-0.870000,0.350000
3822.405003,0.016874,0.000986,-0.900000,0.380000
3822.505009,-0.005817,0.014763,-0.890000,0.370000
3822.605005,0.018765,-0.001553,-0.800000,0.390000
3822.705023,-0.000547,0.007906,-0.740000,0.380000
3822.804981,-0.009248,-0.000129,-0.700000,0.370000
3822.905015,0.003089,-0.023349,-0.490000,0.230000
3823.005000,-0.016474,-0.042765,-0.060000,0.270000
3823.105018,-0.033449,-0.050282,0.230000,0.120000
3823.205009,-0.052210,-0.087648,-0.170000,0.180000
3823.305004,-0.070059,-0.094100,-0.330000,-0.110000
3823.405017,-0.077869,-0.113789,-0.550000,-0.670000
3823.505008,-0.077529,-0.116806,-1.240000,-1.460000
3823.604974,-0.081807,-0.109162,-2.140000,-1.790000
3823.705000,-0.061620,-0.110509,-2.530000,-1.640000
3823.804995,-0.048396,-0.103462,-2.430000,-1.130000
3823.905008,-0.054439,-0.085152,-2.290000,-0.480000
3824.005006,-0.042319,-0.074666,-2.170000,0.070000
3824.104975,-0.072682,-0.067580,-2.030000,0.300000
3824.205005,-0.080524,-0.050808,-1.950000,0.240000
3824.305000,-0.077547,-0.044924,-1.890000,0.030000
3824.405008,-0.106212,-0.042922,-1.930000,-0.330000
3824.505008,-0.096401,-0.009016,-2.090000,-0.830000
3824.605005,-0.090608,-0.006330,-2.390000,-1.140000
3824.705001,-0.068450,-0.009980,-2.540000,-1.260000
3824.805008,-0.050022,0.008499,-2.580000,-1.260000
3824.905000,-0.033389,0.035315,-2.520000,-1.330000
3825.005004,-0.027264,0.042239,-2.400000,-1.450000
3825.105005,0.004578,0.063132,-2.280000,-1.510000
3825.205016,0.019060,0.070696,-2.140000,-1.600000
3825.305002,0.031499,0.062106,-2.050000,-1.650000
3825.405027,0.064714,0.084143,-1.950000,-1.540000
3825.505002,0.069520,0.090767,-1.820000,-1.320000
3825.605007,0.086736,0.068731,-1.570000,-1.090000
3825.705004,0.096620,0.083059,-1.290000,-0.810000
3825.805005,0.084238,0.081995,-1.010000,-0.650000
3825.904974,0.087773,0.062430,-0.800000,-0.620000
3826.004977,0.080689,0.057443,-0.730000,-0.540000
3826.104975,0.070125,0.045626,-0.710000,-0.510000
3826.204990,0.067259,0.015880,-0.650000,-0.480000
3826.304983,0.049458,0.002881,-0.670000,-0.460000
3826.404982,0.036793,-0.005306,-0.830000,-0.410000
3826.505012,0.039372,0.003245,-1.060000,-0.340000
3826.604976,0.030716,-0.002344,-1.240000,-0.350000
3826.704979,0.026076,-0.011246,-1.370000,-0.490000
3826.805074,0.021640,-0.002429,-1.400000,-0.590000
3826.905028,0.009338,-0.018150,-1.420000,-0.660000
3827.004973,0.033412,-0.013200,-1.430000,-0.700000
3827.105004,0.013342,-0.013247,-1.420000,-0.680000
3827.205029,0.019958,-0.011653,-1.490000,-0.690000
3827.305006,0.013085,-0.012331,-1.540000,-0.580000
3827.404984,0.005243,-0.017740,-1.560000,-0.540000
3827.504972,0.024157,-0.014640,-1.570000,-0.410000
3827.604999,0.014308,-0.012076,-1.560000,-0.410000
3827.705008,0.000076,-0.021168,-1.500000,-0.490000
3827.805018,0.013638,-0.006144,-1.440000,-0.580000
3827.905014,-0.005174,-0.008369,-1.430000,-0.630000
3828.005001,0.009987,-0.017270,-1.500000,-0.720000
3828.105039,-0.003668,-0.016797,-1.460000,-0.710000
3828.205003,0.004018,-0.021013,-1.470000,-0.730000
3828.305008,0.000966,-0.004270,-1.430000,-0.670000
3828.405017,-0.009937,-0.010164,-1.470000,-0.640000
3828.505022,0.009887,0.002822,-1.530000,-0.590000
3828.605007,0.000443,-0.003604,-1.530000,-0.580000
3828.705008,0.029090,-0.011487,-1.510000,-0.610000
3828.804975,0.004797,-0.015984,-1.420000,-0.520000
3828.905003,0.011924,-0.019151,-1.400000,-0.480000
3829.005008,0.000236,-0.026127,-1.390000,-0.460000
3829.104980,-0.001010,-0.034096,-1.400000,-0.490000
3829.205011,0.006905,-0.028474,-1.420000,-0.500000
3829.304979,-0.005391,-0.032223,-1.400000,-0.510000
3829.405002,0.004701,-0.018153,-1.440000,-0.430000
3829.505036,-0.012040,-0.032414,-1.500000,-0.380000
3829.604981,-0.005823,-0.014193,-1.600000,-0.300000
3829.705034,-0.007142,-0.011888,-1.640000,-0.310000
3829.805005,-0.007524,-0.012782,-1.670000,-0.430000
3829.905003,-0.018083,-0.014693,-1.620000,-0.510000
3830.005034,-0.020882,-0.026130,-1.600000,-0.630000
3830.105007,-0.012803,-0.025240,-1.650000,-0.680000
3830.205004,-0.029401,-0.031128,-1.780000,-0.790000
3830.304999,-0.000737,-0.019458,-1.850000,-0.840000
3830.404979,-0.004095,-0.024581,-1.840000,-0.940000
3830.505005,0.007537,-0.026540,-1.810000,-0.950000
3830.605005,0.028502,-0.012693,-1.810000,-0.890000
3830.705009,0.023563,-0.013119,-1.740000,-0.690000
3830.804998,0.017949,-0.011890,-1.670000,-0.470000
3830.905003,0.033632,-0.004615,-1.630000,-0.090000
3831.005035,0.014929,-0.008487,-1.690000,0.110000
3831.105001,0.016583,-0.017324,-1.850000,0.240000
3831.205000,-0.004991,-0.017449,-2.020000,0.180000
3831.305013,-0.017285,-0.010665,-2.090000,0.020000
3831.405000,-0.018934,0.019806,-2.040000,-0.130000
3831.505003,-0.040825,0.028645,-1.900000,-0.360000
3831.604996,-0.019289,0.045390,-1.870000,-0.530000
3831.705020,-0.036254,0.046469,-1.880000,-0.650000
3831.805004,-0.008327,0.055437,-1.850000,-0.770000
3831.904979,-0.021318,0.059943,-1.650000,-0.820000
3832.005001,-0.014984,0.054756,-1.420000,-0.820000
3832.105003,-0.012240,0.047910,-1.170000,-0.810000
3832.205046,-0.011630,0.031838,-1.000000,-0.730000
3832.305005,0.001832,0.024948,-1.060000,-0.660000
3832.405006,-0.003422,0.014754,-1.160000,-0.590000
3832.505006,0.000537,-0.009850,-1.280000,-0.580000
3832.605021,-0.002139,-0.019246,-1.300000,-0.440000
3832.705004,-0.005035,-0.031156,-1.320000,-0.420000
3832.805011,0.009210,-0.010294,-1.400000,-0.350000
3832.904976,-0.008890,-0.013029,-1.510000,-0.350000
3833.004994,-0.000196,-0.011357,-1.650000,-0.420000
3833.104984,-0.009488,0.000364,-1.760000,-0.400000
3833.205003,-0.005854,0.013146,-1.840000,-0.410000
3833.305012,-0.015867,0.005066,-1.830000,-0.450000
3833.405008,-0.004661,0.005635,-1.790000,-0.400000
3833.504985,-0.016258,0.007187,-1.800000,-0.470000
3833.605025,-0.001899,0.005072,-1.800000,-0.690000
3833.704978,-0.005420,0.016150,-1.700000,-0.770000
3833.804980,-0.000481,0.017797,-1.590000,-0.790000
3833.905001,-0.009465,0.016143,-1.460000,-0.640000
3834.005029,0.006024,0.019352,-1.350000,-0.510000
3834.105008,-0.005607,0.016835,-1.200000,-0.470000
3834.205001,-0.007572,-0.011795,-1.160000,-0.560000
3834.305003,-0.020650,-0.028147,-1.210000,-0.630000
3834.404984,-0.013711,-0.033135,-1.390000,-0.770000
3834.505005,-0.021329,-0.013842,-1.500000,-0.800000
3834.605020,-0.016999,-0.005777,-1.540000,-0.820000
3834.705010,-0.016854,-0.010381,-1.530000,-0.830000
3834.804989,-0.005337,-0.003669,-1.500000,-0.740000
3834.905000,0.001580,-0.037887,-1.520000,-0.750000
3835.005009,0.011815,-0.013683,-1.560000,-0.800000
3835.105016,0.008781,-0.015722,-1.670000,-0.820000
3835.205001,0.017823,-0.014616,-1.640000,-0.800000
3835.305022,0.006256,-0.007962,-1.740000,-0.740000
3835.405008,0.011719,-0.017161,-1.810000,-0.660000
3835.505003,0.022524,-0.009464,-1.790000,-0.710000
3835.604972,0.012599,-0.008082,-1.660000,-0.740000
3835.705007,0.017247,-0.001857,-1.600000,-0.690000
3835.804978,0.029469,0.009702,-1.410000,-0.720000
3835.904975,0.030776,0.005241,-1.300000,-0.760000
3836.004973,0.017817,0.001640,-1.220000,-0.830000
3836.105004,0.027468,-0.004690,-1.170000,-0.910000
3836.205005,0.023728,-0.014995,-1.110000,-0.860000
3836.305020,0.021630,-0.019660,-1.110000,-0.730000
3836.405019,0.035166,-0.025029,-1.180000,-0.520000
3836.505012,0.027541,-0.034986,-1.330000,-0.400000
3836.604988,0.017857,-0.039188,-1.470000,-0.410000
3836.704983,0.017577,-0.028436,-1.560000,-0.490000
3836.805003,0.013776,-0.020385,-1.610000,-0.660000
3836.904990,0.005562,-0.027255,-1.620000,-0.870000
3837.005007,0.019086,-0.016377,-1.650000,-0.990000
3837.105024,0.028149,-0.013812,-1.670000,-0.980000
3837.205007,0.029451,-0.014324,-1.660000,-0.860000
3837.304974,0.036670,-0.016418,-1.620000,-0.670000
3837.405002,0.048854,-0.015509,-1.610000,-0.370000
3837.505011,0.031123,-0.011543,-1.580000,-0.130000
3837.605003,0.018642,0.001031,-1.580000,-0.010000
3837.704985,0.009610,-0.011797,-1.520000,-0.270000
3837.804996,-0.002791,-0.020934,-1.530000,-0.680000
3837.905006,0.007307,0.000670,-1.570000,-0.990000
3838.004999,0.000931,-0.000358,-1.660000,-1.160000
3838.105002,0.005308,0.010580,-1.660000,-1.140000
3838.204985,0.012437,-0.007049,-1.620000,-1.110000
3838.304974,0.019153,-0.000394,-1.660000,-1.030000
3838.404982,0.022187,-0.000399,-1.660000,-1.010000
3838.505009,0.022993,-0.008515,-1.640000,-1.030000
3838.605009,0.040324,0.005016,-1.840000,-1.230000
3838.704995,0.051415,0.023137,-2.450000,-1.590000
3838.805019,0.090793,0.031624,-3.580000,-2.160000
3838.904996,0.119614,0.091317,-5.260000,-2.900000
3839.004998,0.187985,0.138913,-7.040000,-3.940000
3839.105055,0.270663,0.234182,-7.980000,-4.670000
3839.204973,0.347560,0.316870,-7.730000,-4.780000
3839.304979,0.427634,0.385412,-6.410000,-4.260000
3839.405026,0.498641,0.441576,-5.060000,-3.550000
3839.504976,0.537793,0.508134,-4.380000,-2.830000
3839.605001,0.590864,0.520865,-4.210000,-2.270000
3839.704976,0.618252,0.555874,-4.130000,-1.810000
3839.805000,0.636785,0.581997,-4.010000,-1.580000
3839.904974,0.646851,0.627654,-3.940000,-1.250000
3840.005034,0.658555,0.658474,-3.930000,-1.070000
3840.105016,0.688825,0.695597,-3.930000,-0.830000
3840.205004,0.674285,0.736400,-3.950000,-0.710000
3840.305031,0.682778,0.766394,-4.040000,-0.730000
3840.405006,0.679115,0.818818,-4.360000,-1.070000
3840.504996,0.669897,0.880898,-4.920000,-1.440000
3840.605023,0.722093,0.904548,-5.350000,-1.900000
3840.705005,0.739897,0.965085,-5.500000,-2.290000
3840.804980,0.782382,1.005986,-5.640000,-2.710000
3840.905012,0.818924,1.071702,-6.000000,-3.110000
3841.004976,0.860340,1.129623,-6.410000,-3.330000
3841.105006,0.912005,1.225072,-6.600000,-3.470000
3841.205011,0.963236,1.284614,-6.640000,-3.800000
3841.305000,1.040692,1.370578,-6.670000,-3.900000
3841.405001,1.075112,1.427562,-6.520000,-3.780000
3841.504980,1.137537,1.480178,-6.300000,-3.650000
3841.605002,1.171504,1.520633,-6.100000,-3.490000
3841.705004,1.216511,1.579145,-6.100000,-3.360000
3841.805010,1.292355,1.636043,-6.150000,-3.500000
3841.905020,1.330157,1.675975,-6.020000,-3.580000
3842.005001,1.359608,1.737621,-5.980000,-3.550000
3842.105007,1.396914,1.787580,-6.050000,-3.600000
3842.204973,1.459903,1.817273,-6.160000,-3.690000
3842.304990,1.477189,1.853874,-6.100000,-3.680000
3842.404979,1.525420,1.909417,-6.060000,-3.670000
3842.505004,1.591274,1.961930,-6.100000,-3.730000
3842.604972,1.640917,1.997526,-6.130000,-3.780000
3842.705011,1.669711,2.026642,-5.890000,-3.800000
3842.805010,1.698686,2.090230,-5.650000,-3.700000
3842.905020,1.736197,2.143653,-5.560000,-3.460000
3843.005004,1.785294,2.189738,-5.760000,-3.240000
3843.105014,1.804756,2.207199,-5.890000,-3.100000
3843.205003,1.808874,2.225881,-5.690000,-3.060000
3843.305005,1.835008,2.277767,-5.600000,-2.910000
3843.404981,1.864657,2.314149,-5.710000,-2.760000
3843.504977,1.893823,2.348364,-5.660000,-2.690000
3843.604998,1.917246,2.394689,-5.380000,-2.830000
3843.705005,1.938888,2.437789,-5.330000,-2.890000
3843.804986,1.968685,2.473112,-5.450000,-2.880000
3843.905005,1.998921,2.490788,-5.450000,-2.830000
3844.005003,2.011744,2.512217,-5.000000,-2.730000
3844.105001,2.009474,2.530588,-4.140000,-2.380000
3844.204979,2.000546,2.528036,-3.390000,-1.730000
3844.305001,1.989687,2.535039,-3.030000,-1.060000
3844.405039,1.978407,2.522320,-2.620000,-0.620000
3844.505019,1.958217,2.490722,-2.120000,-0.340000
3844.604979,1.926006,2.456339,-1.600000,-0.190000
3844.705005,1.870946,2.438766,-1.200000,0.000000
3844.805010,1.819748,2.406341,-0.570000,0.270000
3844.905014,1.756436,2.357410,0.280000,0.810000
3845.005009,1.694329,2.276127,1.220000,1.490000
3845.105005,1.602292,2.193815,2.100000,2.360000
3845.204976,1.502444,2.101583,2.830000,3.300000
3845.304979,1.371551,2.001908,3.480000,3.920000
3845.405033,1.228727,1.890133,4.260000,4.200000
3845.505008,1.073815,1.763833,5.140000,4.640000
3845.605000,0.935895,1.636068,5.960000,5.410000
3845.704976,0.782007,1.498500,6.770000,5.830000
3845.804985,0.619197,1.347204,7.530000,5.330000
3845.905038,0.475781,1.177054,8.100000,4.090000
3846.005006,0.361188,1.008723,8.420000,2.630000
3846.105013,0.275582,0.845342,8.210000,1.170000
3846.205020,0.180614,0.672524,7.210000,0.080000
3846.304977,0.137374,0.499569,6.030000,-0.830000
3846.404996,0.120004,0.341392,5.030000,-1.720000
3846.505009,0.086408,0.249349,3.990000,-2.340000
3846.605008,0.097111,0.177869,3.150000,-2.780000
3846.704975,0.100846,0.093974,2.220000,-2.440000
3846.804994,0.111740,-0.023753,1.360000,-1.800000
3846.905008,0.111448,-0.042809,0.440000,-0.950000
3847.004976,0.104747,-0.073528,-0.360000,-0.240000
3847.104976,0.074390,-0.067885,-1.160000,0.270000
3847.205028,0.065530,-0.059575,-1.960000,0.550000
3847.305000,0.025428,-0.075724,-2.660000,0.650000
3847.404976,0.019429,-0.031640,-3.340000,0.510000
3847.504978,0.019665,-0.000334,-3.750000,0.210000
3847.604973,-0.032313,0.037247,-3.540000,-0.220000
3847.705002,-0.019270,0.058788,-2.890000,-0.480000
3847.805009,-0.036393,0.051491,-2.010000,-0.670000
3847.904999,-0.038752,0.082450,-1.280000,-0.560000
3848.004976,-0.050792,0.066258,-0.760000,-0.420000
3848.105010,-0.072390,0.045778,-0.380000,-0.480000
3848.205009,-0.086085,0.037894,-0.400000,-0.510000
3848.304989,-0.091882,-0.004454,-0.470000,-0.760000
3848.405007,-0.102068,-0.036978,-0.500000,-1.150000
3848.505018,-0.115491,-0.025044,-0.610000,-1.190000
3848.605013,-0.115225,-0.033518,-0.670000,-1.250000
3848.705010,-0.092916,-0.047968,-1.450000,-1.460000
3848.805007,-0.041427,-0.066009,-2.690000,-3.300000
3848.904977,-0.016439,-0.087500,-3.270000,-6.420000
3849.005003,0.124844,-0.064961,-2.970000,-10.400000
3849.104981,0.321245,-0.078004,-2.610000,-13.640000
3849.205013,0.545075,-0.127699,-2.440000,-15.440000
3849.304998,0.782788,-0.128945,-2.330000,-15.620000
3849.404994,1.022421,-0.181347,-2.230000,-15.150000
3849.504975,1.280019,-0.204547,-2.030000,-14.530000
3849.605005,1.494984,-0.257585,-1.980000,-13.950000
3849.704999,1.707438,-0.283070,-1.970000,-13.500000
3849.804994,1.913088,-0.339925,-2.010000,-13.310000
3849.905007,2.082278,-0.315577,-2.250000,-13.200000
3850.004979,2.311092,-0.357168,-2.200000,-13.260000
3850.105003,2.453637,-0.370848,-2.080000,-12.760000
3850.205003,2.650655,-0.449729,-1.840000,-12.530000
3850.305007,2.804717,-0.449922,-2.210000,-12.530000
3850.405004,2.980924,-0.466868,-2.580000,-12.700000
3850.505041,3.172963,-0.510490,-2.680000,-12.870000
3850.605004,3.346818,-0.543622,-2.880000,-12.720000
3850.705003,3.510228,-0.512981,-3.310000,-12.480000
3850.805008,3.670666,-0.503690,-3.690000,-11.710000
3850.905022,3.830572,-0.511107,-3.880000,-10.560000
3851.005008,3.953683,-0.511665,-3.900000,-10.080000
3851.105006,4.109118,-0.500531,-3.620000,-10.120000
3851.205006,4.197702,-0.557022,-3.100000,-9.940000
3851.305000,4.269803,-0.512815,-2.490000,-9.560000
3851.405027,4.378555,-0.545226,-1.890000,-8.810000
3851.505062,4.418616,-0.582707,-1.520000,-7.850000
3851.604999,4.480849,-0.596925,-1.130000,-6.770000
3851.704985,4.489322,-0.672463,-0.910000,-4.730000
3851.804983,4.472888,-0.677543,-0.810000,-2.550000
3851.904976,4.360500,-0.748414,-0.890000,-1.080000
3852.004976,4.331953,-0.772713,-0.860000,-0.130000
3852.104993,4.192808,-0.791162,-1.370000,0.760000
3852.205000,4.193563,-0.729521,-2.650000,1.590000
3852.304999,3.993359,-0.687470,-3.610000,2.670000
3852.405011,3.835779,-0.701472,-4.430000,3.170000
3852.505017,3.752949,-0.619643,-4.870000,4.080000
3852.605022,3.570084,-0.568343,-4.430000,4.630000
3852.705020,3.429061,-0.584892,-3.880000,4.830000
3852.805008,3.303504,-0.550354,-3.480000,5.300000
3852.904974,3.172975,-0.474245,-3.310000,6.170000
3853.004976,2.976372,-0.406303,-3.280000,6.940000
3853.105000,2.801116,-0.456071,-3.060000,7.600000
3853.205005,2.624005,-0.396177,-2.680000,7.830000
3853.304998,2.388879,-0.408688,-2.880000,8.380000
3853.404978,2.182256,-0.297990,-3.580000,8.920000
3853.505001,1.987840,-0.253922,-4.030000,9.270000
3853.605008,1.817759,-0.217481,-3.790000,9.310000
3853.705002,1.575700,-0.133108,-2.890000,9.270000
3853.804991,1.375821,-0.076634,-1.520000,8.670000
3853.905003,1.179762,-0.113411,-0.310000,7.530000
3854.005005,1.039447,-0.154689,0.540000,6.160000
3854.105016,0.889637,-0.125637,0.060000,5.570000
3854.205001,0.736165,-0.149954,-1.270000,4.840000
3854.305004,0.609476,-0.114699,-2.720000,4.180000
3854.405013,0.515175,-0.104342,-3.350000,3.330000
3854.505035,0.453252,-0.074503,-3.370000,2.510000
3854.605002,0.408544,-0.001591,-2.920000,1.610000
3854.705001,0.352853,-0.000168,-2.290000,0.820000
3854.805002,0.317692,0.019467,-2.030000,0.450000
3854.905006,0.312563,0.019911,-2.040000,0.850000
3855.004981,0.252065,0.061208,-2.040000,1.770000
3855.105002,0.185890,0.053539,-2.080000,3.060000
3855.204977,0.118681,0.096481,-2.130000,4.650000
3855.304974,-0.010520,0.120690,-2.150000,6.080000
3855.404976,-0.099533,0.162900,-2.140000,7.400000
3855.504983,-0.263988,0.182341,-2.140000,8.240000
3855.604975,-0.407506,0.217607,-2.160000,8.900000
3855.704974,-0.584976,0.253947,-2.020000,9.210000
3855.805003,-0.740926,0.300073,-1.980000,9.410000
3855.905023,-0.932020,0.330383,-1.920000,9.610000
3856.005007,-1.118272,0.355814,-1.870000,9.730000
3856.105023,-1.282359,0.391682,-1.900000,9.780000
3856.205006,-1.455702,0.427250,-1.890000,9.730000
3856.304975,-1.629484,0.466807,-1.930000,9.480000
3856.405020,-1.810893,0.490556,-1.990000,9.150000
3856.504976,-1.979992,0.511944,-2.090000,8.780000
3856.604973,-2.113825,0.549112,-2.180000,8.540000
3856.704998,-2.253663,0.596559,-2.250000,8.300000
3856.805008,-2.407492,0.621922,-2.320000,8.020000
3856.905005,-2.534041,0.657705,-2.420000,7.510000
3857.005001,-2.638589,0.684535,-2.460000,6.860000
3857.105027,-2.762877,0.701658,-2.400000,6.040000
3857.205002,-2.848896,0.735204,-2.210000,5.220000
3857.304999,-2.916289,0.764590,-2.010000,4.760000
3857.405006,-2.996135,0.736261,-1.500000,4.070000
3857.505005,-3.050430,0.744422,-1.040000,3.460000
3857.605000,-3.104067,0.756204,-0.660000,3.050000
3857.704978,-3.144770,0.722629,-0.560000,2.720000
3857.805003,-3.160836,0.725538,-0.700000,2.120000
3857.904978,-3.187074,0.683883,-1.070000,1.130000
3858.005005,-3.190929,0.697014,-1.300000,0.460000
3858.105004,-3.188426,0.693871,-1.280000,0.360000
3858.204973,-3.197337,0.652182,-1.160000,0.710000
3858.305006,-3.171507,0.681383,-1.330000,1.150000
3858.405002,-3.208699,0.691036,-1.430000,1.590000
3858.505011,-3.213065,0.656358,-1.510000,1.590000
3858.605005,-3.259595,0.668586,-1.620000,1.790000
3858.705002,-3.258419,0.692451,-1.690000,1.930000
3858.804996,-3.309858,0.713299,-1.790000,2.090000
3858.905002,-3.326513,0.699196,-1.800000,2.100000
3859.004999,-3.347594,0.695511,-1.960000,2.030000
3859.104981,-3.373518,0.719568,-2.010000,1.960000
3859.205035,-3.370652,0.755141,-1.950000,1.710000
3859.305007,-3.403108,0.760927,-1.830000,1.520000
3859.405006,-3.406333,0.788261,-1.780000,1.240000
3859.505002,-3.424994,0.780923,-1.640000,0.770000
3859.605008,-3.402092,0.767219,-1.460000,0.060000
3859.704999,-3.396399,0.757808,-0.930000,-0.790000
3859.804981,-3.350636,0.732174,-0.110000,-2.000000
3859.904979,-3.322630,0.702270,0.810000,-3.160000
3860.004972,-3.243147,0.645860,1.740000,-4.080000
3860.105006,-3.187503,0.564067,2.130000,-4.650000
3860.205008,-3.101288,0.521026,1.650000,-5.070000
3860.305047,-2.997467,0.401807,1.020000,-5.670000
3860.404979,-2.910439,0.342186,0.200000,-6.410000
3860.505004,-2.770595,0.317358,-0.680000,-7.250000
3860.605006,-2.649686,0.281375,-1.530000,-8.260000
3860.705019,-2.506904,0.269919,-2.510000,-9.100000
3860.805008,-2.328600,0.271053,-3.260000,-9.740000
3860.904973,-2.137399,0.273761,-3.520000,-10.440000
3861.005003,-1.933597,0.267609,-3.310000,-11.000000
3861.105007,-1.748994,0.250712,-3.050000,-11.510000
3861.204997,-1.544659,0.230191,-2.850000,-11.720000
3861.304973,-1.336075,0.228656,-2.530000,-11.340000
3861.404978,-1.153016,0.204464,-2.010000,-10.630000
3861.505004,-0.988127,0.175535,-1.460000,-9.670000
3861.604976,-0.826026,0.137887,-1.130000,-8.790000
3861.705001,-0.699207,0.121975,-1.050000,-7.750000
3861.805005,-0.598554,0.104745,-1.200000,-6.770000
3861.905030,-0.502562,0.069264,-1.450000,-6.070000
3862.004991,-0.412545,0.059807,-1.510000,-5.400000
3862.105005,-0.343229,0.057486,-1.540000,-4.710000
3862.205007,-0.279520,0.015083,-1.740000,-3.880000
3862.305012,-0.239025,0.035174,-2.050000,-2.360000
3862.405013,-0.248867,0.044021,-2.190000,-0.390000
3862.504996,-0.294754,0.048881,-2.120000,1.420000
3862.605013,-0.328831,0.072725,-2.190000,2.620000
3862.705009,-0.410825,0.101277,-2.310000,3.120000
3862.805004,-0.492109,0.138721,-2.370000,3.990000
3862.904977,-0.583406,0.151639,-2.280000,5.290000
3863.005005,-0.715432,0.169131,-2.120000,6.080000
3863.105002,-0.842847,0.234742,-1.980000,6.180000
3863.205044,-0.957230,0.226531,-1.850000,5.900000
3863.305043,-1.062111,0.260491,-1.640000,5.450000
3863.405017,-1.168138,0.283795,-1.130000,4.730000
3863.504980,-1.289706,0.249867,-0.420000,3.840000
3863.605000,-1.357382,0.245442,0.290000,2.650000
3863.705025,-1.410231,0.230557,0.750000,1.750000
3863.805006,-1.458727,0.187679,1.070000,0.930000
3863.905003,-1.496572,0.172611,1.250000,0.420000
3864.004984,-1.516770,0.101910,1.560000,0.000000
3864.105006,-1.533763,0.037086,1.900000,-0.580000
3864.205009,-1.537865,-0.005754,2.030000,-1.180000
3864.304974,-1.527920,-0.060423,1.770000,-1.520000
3864.404985,-1.530994,-0.105286,1.180000,-1.800000
3864.505004,-1.520487,-0.174448,0.530000,-1.950000
3864.605010,-1.481701,-0.187550,-0.310000,-2.380000
3864.704988,-1.455845,-0.205412,-1.390000,-3.050000
3864.804985,-1.420181,-0.176264,-2.470000,-3.820000
3864.905007,-1.348971,-0.187062,-3.420000,-4.620000
3865.004978,-1.279036,-0.136637,-4.350000,-5.260000
3865.105025,-1.189169,-0.086270,-5.080000,-5.730000
3865.205005,-1.101132,-0.036166,-5.570000,-6.370000
3865.305000,-1.013287,0.044758,-5.420000,-7.000000
3865.405007,-0.884352,0.072345,-4.570000,-7.610000
3865.505011,-0.737849,0.069200,-3.400000,-8.390000
3865.605011,-0.595633,0.079006,-2.390000,-8.630000
3865.705003,-0.479067,0.079723,-1.570000,-8.210000
3865.805007,-0.367315,0.076139,-1.000000,-7.400000
3865.905004,-0.261175,0.040971,-0.790000,-6.320000
3866.004977,-0.193189,0.025878,-0.900000,-5.200000
3866.105004,-0.149122,0.026680,-1.180000,-4.140000
3866.205018,-0.089660,0.004361,-1.470000,-3.130000
3866.305019,-0.077103,0.013663,-1.860000,-2.270000
3866.404995,-0.066064,0.035226,-1.990000,-1.490000
3866.505018,-0.052257,0.024003,-1.810000,-1.160000
3866.604999,-0.084747,0.012287,-1.420000,-1.060000
3866.705010,-0.079554,0.035799,-1.180000,-1.230000
3866.805002,-0.056794,0.013247,-0.960000,-1.460000
3866.905006,-0.074734,-0.023626,-1.000000,-1.500000
3867.005014,-0.099990,-0.008611,-1.200000,-1.540000
3867.105022,-0.077136,-0.006811,-1.440000,-1.670000
3867.204981,-0.079828,-0.013728,-1.660000,-1.760000
3867.305029,-0.054835,-0.016906,-1.820000,-2.060000
3867.404978,-0.063698,-0.042616,-1.900000,-2.240000
3867.504977,-0.040145,0.000441,-1.960000,-2.430000
3867.604983,-0.015991,-0.023749,-1.960000,-2.580000
3867.704975,-0.002239,-0.008045,-1.960000,-2.630000
3867.805006,0.018075,0.012292,-1.910000,-2.740000
3867.904974,0.039216,0.000123,-1.710000,-2.900000
3868.004973,0.073499,-0.019854,-1.550000,-2.920000
3868.104975,0.084629,0.025591,-1.500000,-2.920000
3868.205010,0.143672,-0.005397,-1.400000,-2.750000
3868.305001,0.134646,-0.019969,-1.430000,-2.530000
3868.405021,0.148969,-0.023318,-1.540000,-2.210000
3868.505001,0.191430,-0.021157,-1.560000,-1.880000
3868.605053,0.186528,-0.031876,-1.520000,-1.660000
3868.705004,0.181361,-0.004324,-1.330000,-1.410000
3868.804981,0.183718,-0.030159,-1.230000,-1.300000
3868.904980,0.185666,-0.011179,-1.190000,-0.990000
3869.005018,0.183363,-0.006277,-1.100000,-0.940000
3869.104980,0.172973,-0.026695,-1.140000,-0.860000
3869.205002,0.145513,0.021804,-0.950000,-0.730000
3869.305048,0.140769,-0.023804,-0.740000,-0.460000
3869.405016,0.104075,-0.009196,-0.680000,-0.270000
3869.505002,0.110427,-0.030830,-0.670000,-0.250000
3869.604974,0.100122,-0.026947,-0.870000,-0.310000
3869.705000,0.088550,-0.022881,-0.960000,-0.200000
3869.804977,0.042489,-0.025721,-1.090000,-0.140000
3869.904978,0.045234,-0.038248,-1.110000,-0.260000
3870.005016,0.020771,-0.035439,-1.140000,-0.410000
3870.105013,0.013201,-0.018680,-1.190000,-0.670000
3870.204977,-0.027929,-0.031609,-1.280000,-0.920000
3870.304980,-0.057558,-0.008868,-1.500000,-1.160000
3870.405005,-0.026829,-0.023692,-1.460000,-1.160000
3870.505012,-0.010133,-0.003739,-1.490000,-1.020000
3870.605009,0.000317,0.011587,-1.440000,-0.780000
3870.705007,-0.050283,0.020941,-1.350000,-0.730000
3870.805009,-0.028563,0.015837,-1.160000,-0.940000
3870.905022,-0.051124,-0.014519,-1.040000,-1.270000
3871.004976,-0.029396,0.032674,-0.980000,-1.450000
3871.105005,-0.049553,0.002613,-0.900000,-1.400000
3871.205012,-0.042051,0.001397,-0.940000,-1.370000
3871.305000,-0.012216,0.003348,-1.210000,-1.210000
3871.404977,-0.044684,-0.011100,-1.330000,-1.180000
3871.505030,-0.014794,0.007225,-1.520000,-1.270000
3871.605001,-0.031623,0.016854,-1.460000,-1.180000
3871.705005,-0.059999,0.020524,-1.490000,-1.190000
3871.805017,-0.014371,0.031716,-1.510000,-1.010000
3871.905006,-0.029101,0.060557,-1.490000,-0.650000
3872.004977,-0.068282,0.041496,-1.240000,-0.490000
3872.104976,-0.069605,0.078642,-1.010000,-0.880000
3872.205001,-0.052149,0.034872,-0.570000,-1.300000
3872.304987,-0.064463,0.063901,-0.280000,-1.550000
3872.405027,-0.087356,0.030914,-0.040000,-1.590000
3872.505004,-0.102850,0.019037,-0.130000,-1.620000
3872.604995,-0.051932,-0.015964,-0.310000,-1.500000
3872.704991,-0.060857,-0.013988,-0.640000,-1.410000
3872.805009,-0.114825,-0.022721,-0.730000,-1.570000
3872.904998,-0.044088,-0.081912,-0.930000,-1.840000
3873.005003,-0.042964,-0.058782,-1.190000,-1.810000
3873.105004,-0.070740,-0.047581,-1.110000,-2.170000
3873.205012,-0.046659,-0.062010,-1.200000,-2.280000
3873.305011,-0.022399,-0.054928,-1.260000,-1.990000
3873.404978,-0.045815,-0.054308,-1.480000,-1.660000
3873.504998,-0.006783,-0.059938,-1.710000,-1.290000
3873.605007,0.018152,-0.023443,-1.910000,-0.920000
3873.705009,-0.027298,-0.028799,-2.220000,-1.050000
3873.804983,-0.010827,-0.006065,-2.280000,-1.510000
3873.905008,-0.002767,0.018652,-2.230000,-1.770000
3874.005013,-0.003224,0.070205,-1.940000,-2.010000
3874.104976,0.000808,0.049711,-1.570000,-1.880000
3874.204979,-0.001521,0.079180,-1.280000,-1.590000
3874.304978,0.022329,0.040053,-0.750000,-1.470000
3874.404976,0.010324,0.047808,-0.460000,-1.450000
3874.505016,0.017940,0.013512,-0.080000,-1.570000
3874.604976,0.024160,-0.010237,0.070000,-1.610000
3874.705040,0.042313,0.011377,-0.060000,-1.420000
3874.805005,0.014464,-0.024813,-0.470000,-1.560000
3874.905006,0.048788,-0.043123,-0.780000,-1.850000
3875.004997,0.037982,-0.037206,-1.170000,-1.660000
3875.104976,0.036620,-0.012047,-1.270000,-1.850000
3875.204976,0.038515,-0.026697,-1.370000,-1.910000
3875.305012,0.052887,-0.003391,-1.420000,-2.040000
3875.405007,0.070280,-0.021071,-1.230000,-1.920000
3875.505007,0.047365,-0.018594,-1.050000,-1.840000
3875.605004,0.106509,-0.034486,-0.920000,-1.470000
3875.704986,0.070045,-0.018874,-0.890000,-0.980000
3875.804979,0.037370,-0.005770,-0.790000,-1.020000
3875.904976,0.094507,-0.043113,-0.650000,-1.000000
3876.005001,0.050365,-0.052844,-0.680000,-0.950000
3876.104999,0.044221,-0.078546,-0.940000,-0.870000
3876.205009,0.049415,-0.040951,-1.490000,-0.690000
3876.305000,0.056007,-0.035522,-1.840000,-0.330000
3876.404977,-0.000630,-0.036501,-1.930000,-0.150000
3876.505009,0.003703,-0.036539,-1.890000,-0.200000
3876.605008,0.006059,0.028267,-1.720000,-0.340000
3876.705003,-0.003255,-0.006255,-1.430000,-0.350000
3876.805005,-0.023667,-0.004356,-1.200000,-0.330000
3876.905003,-0.038300,-0.013659,-1.030000,-0.200000
3877.004973,-0.068542,-0.005337,-1.020000,0.050000
3877.105007,-0.066907,-0.069755,-1.000000,0.280000
3877.205007,-0.114440,-0.009876,-1.150000,0.520000
3877.305006,-0.114609,-0.044385,-1.030000,0.050000
3877.404980,-0.158897,-0.023180,-1.020000,-0.270000
3877.504975,-0.136814,-0.072327,-1.500000,-0.920000
3877.605002,-0.145664,-0.043278,-2.360000,-1.120000
3877.704990,-0.152822,-0.028166,-2.700000,-1.810000
3877.805003,-0.138608,-0.010055,-2.640000,-2.220000
3877.905006,-0.080550,-0.026032,-2.340000,-2.190000
3878.005003,-0.100239,0.043936,-2.200000,-2.000000
3878.105006,-0.081523,0.019255,-1.960000,-1.890000
3878.205001,-0.048500,0.010919,-1.840000,-1.930000
3878.305002,-0.021587,-0.004908,-1.560000,-2.000000
3878.404990,-0.029793,0.007050,-1.490000,-2.070000
3878.505037,0.002657,0.012162,-1.590000,-2.140000
3878.604975,0.011481,-0.038237,-1.980000,-2.150000
3878.704999,0.030571,-0.031414,-2.430000,-2.050000
3878.804979,0.048578,0.026110,-2.600000,-1.930000
3878.905032,0.061323,0.011452,-2.360000,-1.500000
3879.005001,0.045355,0.024342,-2.330000,-1.150000
3879.105004,0.070634,0.027337,-2.490000,-0.800000
3879.205004,0.069722,0.048955,-2.580000,-0.590000
3879.304994,0.043213,0.042605,-2.580000,-0.520000
3879.405008,0.064796,0.045837,-2.350000,-0.490000
3879.505008,0.054303,0.052786,-2.100000,-0.240000
3879.604998,0.001477,0.049712,-1.990000,-0.270000
3879.704998,0.016982,0.095387,-1.720000,-0.620000
3879.805032,0.027286,0.096623,-1.330000,-1.070000
3879.905010,-0.001700,0.100717,-1.040000,-1.310000
3880.005021,0.001152,0.058715,-0.930000,-1.130000
3880.105005,-0.011741,0.088468,-0.810000,-0.870000
3880.205030,-0.013851,0.040217,-0.620000,-0.340000
3880.305006,-0.003702,0.048630,-0.550000,-0.080000
3880.405022,-0.041767,0.048648,-0.490000,-0.140000
3880.505005,-0.031003,0.023940,-0.640000,-0.450000
3880.604975,-0.064646,0.023283,-0.860000,-0.730000
3880.704999,-0.061433,0.016231,-0.850000,-0.920000
3880.805013,-0.074010,0.032898,-0.900000,-0.980000
3880.905009,-0.085995,-0.001749,-0.990000,-1.050000
3881.004988,-0.055381,0.004538,-1.270000,-1.120000
3881.105011,-0.077955,0.031669,-1.550000,-1.520000
3881.205007,-0.050278,0.013548,-1.650000,-1.790000
3881.304983,0.000550,0.010437,-1.420000,-2.290000
3881.405002,-0.007624,0.043626,-1.340000,-2.550000
3881.505021,0.009231,0.031983,-1.180000,-2.650000
3881.605004,0.035000,0.015771,-0.990000,-2.320000
3881.705003,0.046050,0.004549,-0.860000,-1.470000
3881.805020,0.057510,0.012520,-0.760000,-0.670000
3881.905012,0.062326,-0.006651,-0.500000,-0.240000
3882.005009,0.061398,0.008163,-0.450000,-0.180000
3882.105021,0.039587,-0.010781,-0.660000,-0.120000
3882.204975,0.033160,-0.018895,-0.810000,-0.220000
3882.305010,-0.006413,-0.006667,-1.060000,-0.260000
3882.404979,-0.018265,-0.026823,-1.020000,-0.530000
3882.505003,-0.017935,-0.033319,-0.800000,-0.930000
3882.605004,-0.050510,-0.041001,-0.620000,-0.950000
3882.705008,-0.017426,-0.025901,-0.330000,-1.150000
3882.804978,-0.045444,-0.073699,-0.020000,-1.130000
3882.905005,-0.039958,-0.054030,0.000000,-1.240000
3883.005004,-0.043467,-0.079556,-0.300000,-1.220000
3883.105024,-0.037533,-0.092558,-0.900000,-1.220000
3883.205025,-0.015850,-0.100652,-1.340000,-1.370000
3883.304988,-0.021745,-0.096948,-1.460000,-1.250000
3883.405018,-0.047988,-0.076823,-1.460000,-1.010000
3883.504982,-0.055302,-0.097772,-1.390000,-0.470000
3883.605001,-0.054946,-0.087568,-1.390000,-0.260000
3883.705009,-0.040013,-0.110744,-1.560000,-0.570000
3883.805024,-0.061504,-0.090965,-1.860000,-1.340000
3883.905002,-0.061045,-0.071614,-1.980000,-2.070000
3884.005004,-0.056616,-0.039026,-2.000000,-2.460000
3884.105001,-0.008397,-0.040580,-2.110000,-1.910000
3884.204984,-0.007080,-0.044287,-2.390000,-1.190000
3884.305012,0.024742,-0.040946,-2.540000,-0.600000
3884.404981,0.018025,-0.000647,-2.350000,-0.420000
3884.505001,-0.049759,-0.004447,-1.950000,-0.440000
3884.605003,-0.016917,-0.001708,-1.680000,-0.660000
3884.705000,-0.026158,0.021410,-1.620000,-0.770000
3884.804999,-0.033236,0.011440,-1.670000,-1.050000
3884.905008,0.000656,0.008305,-1.890000,-1.320000
3885.005024,0.004518,-0.013726,-1.850000,-1.290000
3885.105009,-0.001814,0.032067,-1.610000,-1.370000
3885.205000,-0.004992,-0.005153,-1.370000,-1.500000
3885.305015,0.041833,0.009818,-1.380000,-1.580000
3885.405000,0.018189,-0.010238,-1.320000,-1.480000
3885.504977,0.016067,-0.001718,-1.370000,-1.350000
3885.605005,0.045761,-0.019551,-1.560000,-1.100000
3885.705006,0.043846,-0.021474,-1.700000,-1.030000
3885.804976,0.011172,0.012695,-1.870000,-0.970000
3885.905010,0.004356,0.010977,-1.820000,-0.870000
3886.005005,0.017788,0.022670,-1.880000,-0.760000
3886.104980,0.002806,0.016034,-1.750000,-0.620000
3886.205011,0.045313,0.008772,-1.520000,-0.590000
3886.305001,-0.010182,0.015976,-1.420000,-0.260000
3886.405008,-0.025051,0.052227,-1.620000,-0.430000
3886.504980,0.015419,0.021616,-1.780000,-0.780000
3886.605006,-0.010305,0.047344,-1.980000,-0.770000
3886.704999,-0.042595,0.074578,-2.150000,-0.910000
3886.804985,-0.001375,0.040048,-1.940000,-1.020000
3886.904988,-0.029409,0.058705,-1.680000,-1.020000
3887.004991,-0.033490,0.061794,-1.510000,-1.140000
3887.105010,-0.016506,0.080377,-1.380000,-1.170000
3887.205034,-0.051557,0.093650,-1.380000,-1.260000
3887.305066,0.010345,0.055019,-1.380000,-1.170000
3887.404976,-0.008312,0.062037,-1.270000,-1.150000
3887.505000,-0.013905,0.041993,-1.240000,-1.290000
3887.604977,0.018661,0.036075,-1.220000,-1.420000
3887.704979,-0.016265,0.015926,-1.540000,-1.650000
3887.804977,0.007532,0.047442,-1.830000,-1.740000
3887.904992,0.044018,0.042270,-1.650000,-1.680000
3888.005005,0.047194,0.034025,-1.370000,-1.400000
3888.104976,0.047324,0.044331,-1.180000,-1.080000
3888.205001,0.066222,0.029787,-1.200000,-0.930000
3888.304972,0.049041,0.012095,-1.450000,-0.950000
3888.405007,0.081165,-0.008207,-1.620000,-1.040000
3888.505008,0.042733,-0.016189,-1.550000,-1.130000
3888.605001,0.089124,-0.008498,-1.540000,-0.990000
3888.705003,0.046132,-0.026391,-1.540000,-0.720000
3888.805048,0.087241,-0.026500,-1.630000,-0.190000
3888.905006,0.037376,-0.053703,-1.620000,0.000000
3889.005003,0.058016,-0.042441,-1.590000,0.000000
3889.105002,0.033227,-0.043988,-1.540000,-0.090000
3889.205021,0.023974,-0.021916,-1.490000,-0.140000
3889.304978,-0.000604,-0.016560,-1.460000,-0.180000
3889.405007,-0.030368,-0.023961,-1.390000,-0.120000
3889.505009,-0.012813,-0.036534,-1.440000,0.100000
3889.605012,-0.058762,-0.050581,-1.620000,0.300000
3889.705004,-0.060470,-0.027149,-1.840000,0.310000
3889.805010,-0.072853,-0.018238,-2.090000,0.000000
3889.905015,-0.083649,-0.021389,-2.290000,-0.430000
3890.005003,-0.081994,-0.008718,-2.470000,-0.710000
3890.104990,-0.085982,-0.013150,-2.660000,-0.930000
3890.205014,-0.076704,0.022980,-2.830000,-1.030000
3890.305003,-0.057337,0.044424,-2.790000,-1.220000
3890.405006,-0.065589,0.033707,-2.550000,-1.400000
3890.505008,-0.037408,0.025602,-2.130000,-1.540000
3890.605003,-0.025429,0.038582,-1.840000,-1.440000
3890.704972,-0.011715,0.050513,-1.570000,-1.130000
3890.805023,-0.001078,0.041589,-1.500000,-0.820000
3890.905001,-0.040347,0.028533,-1.440000,-0.580000
3891.005013,-0.030853,0.022115,-1.500000,-0.550000
3891.105020,-0.020303,-0.014911,-1.620000,-0.740000
3891.204976,-0.032865,-0.001648,-1.770000,-0.700000
3891.304974,-0.029593,0.008591,-1.820000,-0.670000
3891.404977,-0.023825,0.015060,-1.700000,-0.560000
3891.505006,-0.032012,-0.009348,-1.720000,-0.490000
3891.605009,-0.041990,0.010389,-1.750000,-0.430000
3891.705005,-0.032823,-0.032999,-1.820000,-0.640000
3891.805006,-0.047553,-0.021780,-2.010000,-0.570000
3891.905054,-0.056379,-0.006263,-2.040000,-0.630000
3892.004979,-0.029685,0.007520,-2.040000,-0.690000
3892.105004,-0.048552,-0.002828,-2.090000,-0.690000
3892.204988,-0.032247,-0.021439,-2.100000,-0.880000
3892.305000,-0.042550,-0.020795,-2.060000,-1.020000
3892.404999,-0.040764,0.007346,-2.070000,-1.280000
3892.505004,-0.013825,0.029683,-2.100000,-1.360000
3892.605015,-0.017080,0.010982,-2.110000,-1.300000
3892.705001,-0.015216,-0.021155,-2.080000,-1.340000
3892.804977,-0.004846,0.026471,-2.120000,-1.200000
3892.904973,-0.011634,0.040267,-1.870000,-1.250000
3893.005004,-0.001276,0.016287,-1.680000,-1.050000
3893.105004,0.022525,0.024864,-1.800000,-0.660000
3893.204992,0.001829,0.004856,-1.750000,-0.380000
3893.305018,-0.016620,-0.020288,-1.770000,-0.220000
3893.405004,-0.010720,0.009459,-1.960000,-0.050000
3893.504976,-0.046362,0.047921,-1.940000,-0.050000
3893.604980,-0.039421,0.041991,-1.950000,-0.230000
3893.705002,-0.036047,0.057836,-2.040000,-0.360000
3893.804998,-0.057015,0.019730,-2.130000,-0.790000
3893.904988,-0.030490,0.033974,-2.010000,-1.360000
3894.004990,-0.037996,0.069511,-1.740000,-1.920000
3894.104993,0.021249,0.044616,-1.460000,-2.440000
3894.204993,0.005832,0.060677,-1.450000,-2.230000
3894.305000,0.024746,0.000058,-1.560000,-1.850000
3894.404993,0.043321,0.036115,-1.750000,-1.200000
3894.505032,0.050245,0.027693,-1.730000,-0.640000
3894.605011,0.068681,0.039171,-1.630000,-0.370000
3894.705004,0.026348,0.033981,-1.490000,-0.320000
3894.804981,0.048734,0.034786,-1.450000,-0.410000
3894.905006,0.026289,-0.018004,-1.280000,-0.650000
3895.005003,0.036453,0.001372,-1.300000,-0.620000
3895.105005,0.017197,0.013128,-1.170000,-0.800000
3895.205018,0.035141,0.018195,-1.190000,-0.680000
3895.305003,0.008561,-0.035301,-1.340000,-0.620000
3895.405015,0.027439,-0.043578,-1.380000,-0.560000
3895.504977,0.010540,-0.045463,-1.500000,-0.500000
3895.604997,0.021972,-0.006997,-1.660000,-0.280000
3895.704998,-0.000721,-0.027522,-1.650000,-0.140000
3895.805014,0.004314,-0.020560,-1.670000,-0.140000
3895.905003,-0.031274,-0.038493,-1.790000,-0.140000
3896.005010,-0.029081,0.001694,-1.910000,-0.240000
3896.105002,-0.050011,-0.001443,-1.900000,-0.440000
3896.205005,-0.022679,-0.011641,-1.830000,-0.610000
3896.305017,-0.047843,-0.020317,-1.690000,-0.700000
3896.405028,-0.025522,-0.011441,-1.540000,-0.800000
3896.504986,-0.069021,-0.004972,-1.490000,-0.860000
3896.605031,-0.030741,-0.010599,-1.570000,-0.900000
3896.705043,-0.055412,-0.011175,-1.670000,-0.910000
3896.804998,-0.031567,-0.011999,-1.820000,-0.910000
3896.905002,-0.054096,0.007612,-1.830000,-0.960000
3897.004994,-0.038906,0.020093,-1.930000,-1.080000
3897.105004,-0.029424,-0.004106,-1.970000,-1.120000
3897.205001,-0.032635,-0.005525,-2.090000,-1.180000
3897.305001,-0.012190,0.011452,-1.950000,-1.220000
3897.404998,-0.014776,-0.002583,-1.820000,-1.310000
3897.504994,-0.004715,0.026916,-1.820000,-1.050000
3897.605006,0.009456,0.042719,-1.870000,-0.880000
3897.704977,0.003831,0.034160,-1.780000,-0.520000
3897.804992,0.018271,0.019756,-1.720000,-0.600000
3897.905006,-0.001041,0.023683,-1.650000,-0.930000
3898.004983,0.015236,0.041863,-1.530000,-1.240000
3898.105025,-0.012535,0.037071,-1.410000,-1.460000
3898.205035,0.048292,0.027908,-1.220000,-1.370000
3898.305007,0.009928,0.023560,-1.150000,-1.080000
3898.405002,0.026860,0.017332,-1.070000,-1.040000
3898.504976,0.001909,0.039585,-1.110000,-0.950000
3898.605005,0.049701,-0.015619,-1.250000,-0.810000
3898.704997,0.013483,-0.013776,-1.400000,-0.680000
3898.805010,0.000214,-0.018508,-1.550000,-0.750000
3898.904995,-0.004413,0.012813,-1.680000,-0.870000
3899.005001,0.008829,0.006221,-1.900000,-0.860000
3899.105001,0.037260,0.004201,-2.030000,-0.600000
3899.205009,0.000461,0.017703,-1.890000,-0.340000
3899.305000,-0.002325,0.001101,-1.860000,-0.230000
3899.405036,-0.029011,0.028610,-1.830000,-0.230000
3899.504983,-0.040416,0.037229,-1.800000,-0.380000
3899.604986,-0.066152,0.052014,-1.790000,-0.570000
3899.705004,-0.045965,0.028485,-1.820000,-0.960000
3899.805011,-0.031317,0.022503,-1.880000,-1.380000
3899.905009,-0.008345,0.024771,-1.920000,-1.770000
3900.005030,-0.011537,0.035127,-1.850000,-1.960000
3900.105006,-0.010896,0.034775,-1.770000,-1.900000
3900.205015,0.016561,0.061854,-1.630000,-1.790000
3900.304983,0.035322,0.037126,-1.540000,-1.620000
3900.405025,0.025458,0.068484,-1.410000,-1.470000
3900.505004,0.058207,0.065048,-1.480000,-1.510000
3900.605023,0.053788,0.072652,-1.480000,-1.350000
3900.705014,0.098163,0.044111,-1.550000,-1.210000
3900.805003,0.062496,0.043919,-1.450000,-0.900000
3900.904981,0.082350,0.025500,-1.380000,-0.770000
3901.005003,0.064274,0.026558,-1.260000,-0.650000
3901.105003,0.060406,0.027946,-1.240000,-0.550000
3901.205017,0.052794,0.040124,-1.200000,-0.360000
3901.305006,0.073353,0.030372,-1.280000,-0.180000
3901.405000,0.010429,0.029057,-1.190000,-0.100000
3901.505005,0.015927,0.037587,-1.150000,-0.420000
3901.605002,0.004241,0.032209,-1.200000,-0.850000
3901.705000,0.042032,0.019626,-1.410000,-1.260000
3901.805003,0.000347,-0.006064,-1.360000,-1.420000
3901.905006,0.028028,0.005494,-1.180000,-1.440000
3902.005019,0.049895,-0.001958,-0.980000,-1.070000
3902.105005,0.033383,-0.016344,-1.090000,-0.700000
3902.204990,0.044221,-0.003832,-1.320000,-0.670000
3902.305009,0.035974,-0.013183,-1.360000,-0.610000
3902.404988,0.033629,-0.019748,-1.370000,-0.670000
3902.505005,0.041452,-0.013291,-1.290000,-0.600000
3902.605008,0.016255,-0.026081,-1.290000,-0.550000
3902.705024,0.055783,-0.011004,-1.350000,-0.530000
3902.805008,0.023632,-0.038096,-1.390000,-0.390000
3902.905021,0.016209,-0.038169,-1.410000,-0.460000
3903.004976,0.022583,-0.036866,-1.380000,-0.340000
3903.104978,-0.012928,-0.018401,-1.390000,-0.510000
3903.205009,0.026823,-0.030383,-1.390000,-0.550000
3903.305003,-0.009794,-0.008667,-1.430000,-0.440000
3903.405001,-0.006910,-0.009648,-1.480000,-0.480000
3903.505025,-0.005939,-0.008364,-1.510000,-0.430000
3903.605022,-0.030939,-0.002078,-1.400000,-0.590000
3903.705020,-0.009012,-0.012034,-1.260000,-0.770000
3903.805013,0.000075,-0.043373,-1.330000,-0.800000
3903.904977,0.006738,-0.020100,-1.310000,-0.690000
3904.005003,0.001775,-0.022403,-1.300000,-0.710000
3904.105043,-0.003860,0.002081,-1.410000,-0.560000
3904.204995,-0.000435,-0.016175,-1.510000,-0.560000
3904.305015,-0.003022,-0.020129,-1.650000,-0.440000
3904.404983,-0.006614,-0.001990,-1.700000,-0.290000
3904.505005,-0.014041,0.001130,-1.640000,-0.350000
3904.605002,-0.022521,0.001736,-1.470000,-0.500000
3904.705032,-0.035318,0.002093,-1.300000,-0.510000
3904.804976,-0.029390,-0.011228,-0.930000,-0.680000
3904.905011,-0.023055,0.003665,-0.910000,-0.590000
3905.005003,-0.047315,-0.005518,-0.950000,-0.760000
3905.105004,-0.026584,-0.022315,-1.120000,-0.960000
3905.205020,-0.007727,-0.042193,-1.210000,-1.000000
3905.305024,-0.012861,-0.058123,-1.330000,-1.150000
3905.405005,-0.012725,-0.047866,-1.540000,-1.050000
3905.505008,-0.017039,-0.037128,-1.700000,-1.030000
3905.605009,0.012235,-0.021202,-1.760000,-0.800000
3905.704974,-0.005638,-0.034870,-1.890000,-0.600000
3905.805031,0.009370,0.002400,-1.960000,-0.480000
3905.905010,0.000388,-0.018380,-1.950000,-0.460000
3906.005001,0.014146,0.012820,-1.980000,-0.420000
3906.105009,-0.012858,0.007107,-1.910000,-0.440000
3906.204976,0.007087,0.029660,-1.860000,-0.400000
3906.305047,-0.017662,0.020724,-1.660000,-0.300000
3906.405022,-0.012502,0.020212,-1.590000,-0.270000
3906.504977,-0.049862,0.032576,-1.510000,-0.350000
3906.604974,-0.018749,0.040988,-1.470000,-0.470000
3906.705009,-0.061508,0.017777,-1.400000,-0.540000
3906.805008,-0.036043,0.013265,-1.460000,-0.750000
3906.904999,-0.064693,0.029258,-1.480000,-0.950000
3907.004974,-0.042055,0.035270,-1.530000,-1.140000
3907.105019,-0.039803,0.011946,-1.550000,-1.170000
3907.204986,-0.028673,0.004321,-1.610000,-1.130000
3907.304976,-0.039713,0.006926,-1.560000,-1.090000
3907.405043,-0.016196,-0.007123,-1.600000,-1.200000
3907.505016,0.004071,-0.010774,-1.600000,-1.140000
3907.605004,-0.020658,-0.024194,-1.630000,-1.010000
3907.704998,0.007594,-0.003492,-1.710000,-0.770000
3907.805016,-0.012780,0.016788,-1.740000,-0.490000
3907.905010,0.002251,0.001830,-1.750000,-0.440000
3908.005003,-0.012232,0.006022,-1.720000,-0.550000
3908.105020,-0.013540,-0.003465,-1.750000,-0.600000
3908.205008,-0.008915,0.013140,-1.840000,-0.490000
3908.304982,-0.039360,0.019370,-2.000000,-0.540000
3908.404986,-0.002216,0.038044,-2.100000,-0.460000
3908.505012,-0.033086,0.027150,-2.100000,-0.430000
3908.604988,-0.025376,0.040982,-2.050000,-0.290000
3908.705002,-0.059315,0.054066,-1.930000,-0.260000
3908.805024,-0.026777,0.065765,-1.740000,-0.330000
3908.905007,-0.061973,0.050735,-1.590000,-0.670000
3909.005014,-0.050219,0.059578,-1.460000,-0.980000
3909.105031,-0.048059,0.073479,-1.440000,-1.290000
3909.204989,-0.030002,0.060288,-1.310000,-1.420000
3909.304979,0.001497,0.062429,-1.310000,-1.420000
3909.405001,-0.014798,0.041547,-1.270000,-1.190000
3909.504977,-0.011433,0.048945,-1.330000,-0.920000
3909.605003,0.000399,0.013978,-1.320000,-0.630000
3909.704996,0.003366,0.011505,-1.450000,-0.520000
3909.805004,-0.010255,-0.010043,-1.580000,-0.600000
3909.904978,-0.006540,0.021681,-1.630000,-0.700000
3910.004984,-0.007833,-0.014292,-1.620000,-0.760000
3910.105002,-0.006941,0.001846,-1.650000,-0.620000
3910.205019,-0.030448,0.016025,-1.620000,-0.670000
3910.305008,-0.009393,0.007988,-1.470000,-0.790000
3910.405017,-0.011993,0.003926,-1.460000,-1.000000
3910.504989,-0.024111,0.035002,-1.330000,-1.170000
3910.605013,0.007780,0.021982,-1.330000,-1.330000
3910.705010,0.005259,0.013980,-1.290000,-1.330000
3910.805010,0.026586,0.004481,-1.330000,-1.240000
3910.905024,0.000111,0.011430,-1.290000,-1.030000
3911.005019,0.043593,0.013351,-1.380000,-0.810000
3911.105000,0.024291,-0.013565,-1.380000,-0.660000
3911.204993,0.028541,-0.009447,-1.500000,-0.660000
3911.305044,0.013249,-0.007446,-1.580000,-0.880000
3911.404993,0.048252,0.026944,-1.610000,-0.910000
3911.505001,0.034835,-0.005310,-1.590000,-0.730000
3911.605063,0.046993,0.009689,-1.600000,-0.470000
3911.705002,0.035761,0.010220,-1.600000,-0.270000
3911.805007,0.017622,0.027534,-1.640000,-0.370000
3911.904983,0.018089,0.032309,-1.440000,-0.500000
3912.005005,0.033683,0.008473,-1.310000,-0.690000
3912.104997,0.008359,0.012227,-1.250000,-0.670000
3912.205040,0.009341,-0.017170,-1.230000,-0.740000
3912.304981,0.023011,0.009051,-1.270000,-0.700000
3912.405031,0.013443,-0.011134,-1.280000,-0.610000
3912.504989,0.044758,-0.025602,-1.380000,-0.510000
3912.604973,0.015180,-0.015948,-1.400000,-0.360000
3912.704974,-0.003699,-0.021423,-1.420000,-0.410000
3912.805004,0.002978,0.012024,-1.370000,-0.480000
3912.905005,0.009714,-0.012814,-1.300000,-0.440000
3913.004995,0.005791,-0.012065,-1.370000,-0.430000
3913.104980,-0.007196,-0.022100,-1.400000,-0.380000
3913.204977,-0.024559,-0.022584,-1.440000,-0.490000
3913.304975,-0.006485,-0.029188,-1.470000,-0.510000
3913.404996,-0.028292,-0.030594,-1.570000,-0.520000
3913.504982,-0.008283,-0.013552,-1.590000,-0.380000
3913.605022,-0.047049,0.005132,-1.530000,-0.390000
3913.705002,-0.006525,-0.002993,-1.530000,-0.330000
3913.805002,-0.045195,0.013370,-1.490000,-0.290000
3913.905010,-0.040189,-0.004726,-1.440000,-0.690000
3914.005010,-0.022726,-0.004906,-1.400000,-0.930000
3914.104974,-0.043826,-0.015814,-1.520000,-1.000000
3914.205030,-0.042327,0.005136,-1.550000,-1.010000
3914.305018,-0.028366,-0.000107,-1.510000,-1.120000
3914.404975,-0.005887,0.018799,-1.570000,-1.030000
3914.504999,-0.025530,0.012913,-1.500000,-0.830000
3914.604977,-0.011159,-0.003787,-1.370000,-0.660000
3914.704987,-0.011907,0.005909,-1.220000,-0.400000
3914.805000,-0.039387,0.002741,-1.240000,-0.350000
3914.905029,-0.016946,0.025206,-1.280000,-0.450000
3915.005002,-0.030122,0.023787,-1.230000,-0.550000
3915.104999,-0.053838,0.016093,-1.250000,-0.660000
3915.205016,-0.034183,0.009091,-1.110000,-0.860000
3915.304980,-0.043703,0.005039,-1.010000,-1.290000
3915.405011,-0.042033,0.014744,-1.030000,-1.620000
3915.505013,-0.015418,-0.004513,-0.930000,-1.520000
3915.604979,-0.026358,-0.024138,-0.960000,-1.390000
3915.704999,0.006316,-0.024426,-1.210000,-1.290000
3915.805066,-0.002526,-0.024166,-1.410000,-1.150000
3915.905000,0.015859,-0.032319,-1.480000,-0.940000
3916.005001,0.008726,-0.027646,-1.390000,-0.910000
3916.104979,0.010428,-0.038316,-1.410000,-1.290000
3916.205004,0.025558,-0.031352,-1.400000,-1.770000
3916.305023,0.038491,-0.038057,-1.430000,-2.080000
3916.405015,0.066037,-0.034567,-1.420000,-2.180000
3916.505004,0.086507,-0.050287,-1.260000,-2.040000
3916.605008,0.095408,-0.029147,-1.400000,-1.520000
3916.704994,0.116054,-0.038930,-1.680000,-0.760000
3916.805003,0.135431,-0.034393,-1.850000,-0.200000
3916.905075,0.100793,-0.034353,-2.050000,-0.100000
3917.005010,0.113897,-0.014974,-2.120000,-0.310000
3917.104972,0.110945,-0.023541,-2.030000,-0.540000
3917.205020,0.106536,-0.025482,-1.830000,-0.300000
3917.305007,0.110639,-0.008353,-1.710000,0.110000
3917.405000,0.080475,0.012059,-1.920000,0.270000
3917.505002,0.066423,0.020507,-2.080000,0.500000
3917.605006,0.086610,0.031120,-1.980000,0.350000
3917.705011,0.059156,0.061871,-1.720000,0.060000
3917.805029,0.031769,0.033317,-1.150000,-0.110000
3917.905006,-0.019514,0.016197,-1.310000,-0.070000
3918.004979,-0.043356,0.012778,-2.000000,-0.180000
3918.105011,-0.065065,-0.002369,-1.750000,0.240000
3918.205007,-0.039207,-0.015028,-1.110000,-0.040000
3918.304989,-0.025726,0.012458,-1.030000,0.130000
3918.405007,0.005017,0.010804,-0.960000,0.000000
3918.505029,-0.016834,0.006131,-1.050000,0.030000
3918.605013,-0.011305,0.005958,-1.040000,0.000000
3918.704974,-0.019302,0.021782,-1.100000,-0.010000
3918.804984,-0.011276,0.001320,-1.110000,-0.010000
3918.905009,-0.008597,-0.000625,-1.010000,-0.030000
3919.004982,-0.021375,0.009797,-0.930000,-0.040000
3919.105008,-0.016088,0.006911,-0.960000,-0.040000
3919.205007,-0.015850,0.002522,-0.970000,-0.030000
3919.305018,-0.021016,0.004636,-0.950000,-0.040000
3919.404977,-0.020861,0.004688,-0.940000,-0.040000
3919.504981,-0.029225,0.002296,-0.940000,-0.030000
3919.605012,-0.028920,-0.001542,-0.920000,-0.020000
3919.705000,-0.033151,-0.000846,-0.920000,-0.020000
3919.804990,-0.034105,-0.001553,-0.910000,-0.010000
3919.904978,-0.039468,-0.003543,-0.910000,-0.020000
3920.004980,-0.041724,-0.003046,-0.920000,-0.020000
3920.105048,-0.044112,-0.006160,-0.920000,-0.010000
3920.205023,-0.046759,-0.007766,-0.910000,0.000000
3920.305019,-0.049713,-0.005588,-0.910000,0.000000
3920.404979,-0.051442,-0.009227,-0.910000,0.000000
3920.504970,-0.052304,-0.009539,-0.910000,0.000000
3920.604996,-0.056337,-0.008457,-0.900000,0.000000
3920.704990,-0.059598,-0.011841,-0.890000,0.000000
3920.804996,-0.064965,-0.010075,-0.890000,0.010000
3920.905011,-0.069455,-0.011143,-0.880000,0.020000
3921.004993,-0.068630,-0.012559,-0.880000,0.020000
3921.104996,-0.072030,-0.011062,-0.870000,0.030000
3921.204997,-0.073073,-0.013102,-0.870000,0.030000
3921.304968,-0.073276,-0.013830,-0.870000,0.030000
3921.404993,-0.075919,-0.013545,-0.860000,0.030000
3921.505004,-0.076063,-0.013420,-0.850000,0.030000
3921.604991,-0.076897,-0.013191,-0.850000,0.020000
3921.704997,-0.074827,-0.014006,-0.850000,0.020000
3921.804996,-0.073447,-0.016106,-0.840000,0.020000
3921.905003,-0.073749,-0.016770,-0.840000,0.010000
3922.005004,-0.076067,-0.017855,-0.840000,0.020000
3922.104976,-0.079228,-0.017163,-0.830000,0.030000
3922.205007,-0.079644,-0.018330,-0.820000,0.020000
3922.304992,-0.081154,-0.019284,-0.820000,0.030000
3922.405000,-0.079363,-0.019282,-0.780000,0.030000
3922.505004,-0.077062,-0.021839,-0.810000,0.020000
3922.604999,-0.077889,-0.017010,-0.850000,0.070000
3922.705004,-0.077544,-0.021669,-0.850000,0.040000
3922.805003,-0.082202,-0.021835,-0.810000,0.040000
3922.905006,-0.080642,-0.028830,-0.810000,0.030000
3923.004972,-0.064496,-0.014591,-0.870000,0.000000
3923.104973,-0.061097,-0.009569,-1.000000,0.090000
3923.205011,-0.078455,-0.013879,-1.240000,-0.140000
3923.304980,-0.071129,-0.009172,-1.320000,-0.640000
3923.405007,-0.046729,-0.029401,-1.470000,-1.120000
3923.505017,-0.043256,-0.032768,-1.710000,-0.970000
3923.604995,-0.019975,-0.036218,-1.490000,-0.570000
3923.704985,-0.014935,-0.038742,-1.240000,0.350000
3923.804980,-0.057819,-0.032165,-1.220000,1.010000
3923.904980,-0.072010,-0.030116,-1.150000,1.340000
3924.005027,-0.102798,-0.017417,-0.990000,1.330000
3924.105002,-0.135377,-0.021716,-0.850000,0.920000
3924.205021,-0.158858,-0.022097,-0.940000,0.460000
3924.304974,-0.175221,-0.006082,-1.040000,0.020000
3924.405042,-0.181715,-0.022330,-1.190000,-0.550000
3924.505007,-0.171040,-0.013312,-1.300000,-1.110000
3924.605001,-0.162707,-0.023629,-1.280000,-1.460000
3924.705005,-0.147785,-0.030045,-1.230000,-1.340000
3924.805021,-0.128742,-0.031878,-1.200000,-1.000000
3924.904977,-0.136108,-0.014539,-0.960000,-0.750000
3925.005005,-0.139813,-0.028162,-0.720000,-0.710000
3925.105000,-0.127916,-0.055604,-0.710000,-0.710000
3925.204992,-0.135815,-0.037860,-0.970000,-0.840000
3925.305016,-0.128690,-0.046462,-1.290000,-1.330000
3925.405060,-0.102519,-0.050818,-1.410000,-1.790000
3925.505004,-0.088409,-0.063095,-1.530000,-2.120000
3925.605002,-0.051879,-0.047359,-1.770000,-2.160000
3925.705006,-0.031370,-0.059675,-1.920000,-2.070000
3925.804977,-0.012696,-0.024047,-1.820000,-1.960000
3925.904977,0.012035,-0.038642,-1.580000,-1.710000
3926.005008,0.031966,-0.021530,-1.590000,-1.320000
3926.105004,0.041389,-0.013101,-1.590000,-0.760000
3926.205053,0.025354,-0.003194,-1.520000,-0.590000
3926.305036,0.041441,0.015783,-1.300000,-0.840000
3926.405014,0.033677,0.015668,-1.160000,-1.280000
3926.504976,0.045074,0.009639,-1.020000,-1.620000
3926.605003,0.066760,0.008718,-0.850000,-1.620000
3926.704999,0.073796,-0.006820,-0.730000,-1.330000
3926.805007,0.084257,-0.016568,-0.690000,-0.870000
3926.905003,0.084465,-0.017444,-0.700000,-0.280000
3927.004998,0.061317,-0.030532,-0.660000,0.220000
3927.104998,0.037482,-0.042743,-0.650000,0.430000
3927.204979,0.019458,-0.048842,-0.680000,0.390000
3927.305013,-0.001968,-0.046242,-0.760000,0.200000
3927.404974,-0.009542,-0.025197,-0.780000,0.050000
3927.505004,-0.048161,-0.026506,-0.850000,-0.190000
3927.605008,-0.051315,-0.017031,-0.910000,-0.510000
3927.705001,-0.042596,-0.049370,-0.880000,-0.790000
3927.804980,-0.042741,-0.028881,-0.960000,-0.920000
3927.905011,-0.038392,-0.041339,-1.060000,-0.970000
3928.005018,-0.036260,-0.044629,-1.090000,-0.940000
3928.105002,-0.039943,-0.034649,-1.070000,-0.740000
3928.204996,-0.041862,-0.042221,-1.010000,-0.700000
3928.305004,-0.059874,-0.043056,-0.970000,-0.750000
3928.405003,-0.056102,-0.023296,-0.990000,-0.860000
3928.505004,-0.043306,-0.014382,-0.970000,-0.940000
3928.605000,-0.036051,-0.050180,-0.950000,-1.170000
3928.705010,-0.034888,-0.055779,-0.900000,-1.200000
3928.804995,-0.051737,-0.045526,-0.960000,-1.240000
3928.905011,-0.019701,-0.050471,-1.100000,-1.300000
3929.005000,-0.024944,-0.056379,-1.200000,-1.280000
3929.105055,-0.034952,-0.056790,-1.230000,-1.240000
3929.204979,-0.023274,-0.046490,-1.270000,-1.260000
3929.304976,-0.026478,-0.035350,-1.260000,-1.310000
3929.405022,-0.011859,-0.053308,-1.330000,-1.410000
3929.505007,0.015839,-0.042477,-1.480000,-1.300000
3929.605002,-0.003533,-0.040507,-1.510000,-1.170000
3929.705003,-0.005324,-0.052493,-1.440000,-1.100000
3929.804978,0.012743,-0.032817,-1.420000,-1.080000
3929.905013,0.007970,-0.029171,-1.400000,-1.160000
3930.004985,-0.001918,-0.040364,-1.460000,-1.220000
3930.104976,0.002435,-0.009404,-1.560000,-1.190000
3930.205006,0.004677,0.006729,-1.700000,-1.170000
3930.304979,0.018622,-0.018364,-1.740000,-1.130000
3930.405011,0.014081,0.002108,-1.740000,-1.080000
3930.505006,0.006664,0.017884,-1.720000,-1.140000
3930.605017,0.008401,0.004656,-1.620000,-1.430000
3930.704972,0.004507,0.040867,-1.600000,-1.680000
3930.804996,0.030717,0.039384,-1.570000,-1.790000
3930.905048,0.036937,0.030663,-1.570000,-2.050000
3931.004984,0.046983,0.019018,-1.300000,-2.060000
3931.105007,0.043365,0.021983,-0.940000,-2.040000
3931.204999,0.070879,0.033686,-0.720000,-1.940000
3931.305005,0.083703,0.013644,-0.660000,-1.620000
3931.404978,0.075724,0.000039,-0.790000,-1.310000
3931.504982,0.088103,-0.005481,-0.910000,-1.080000
3931.605012,0.075585,-0.005666,-1.040000,-1.170000
3931.704986,0.068319,-0.006106,-1.200000,-1.410000
3931.805008,0.090336,-0.015642,-1.220000,-1.710000
3931.905013,0.101102,-0.032177,-1.260000,-1.940000
3932.005008,0.115672,-0.015368,-1.390000,-1.870000
3932.104988,0.115814,-0.027056,-1.520000,-1.550000
3932.205011,0.138218,-0.017676,-1.530000,-1.120000
3932.305011,0.145298,-0.023934,-1.490000,-0.750000
3932.405049,0.143030,-0.030282,-1.500000,-0.450000
3932.505010,0.122998,-0.016642,-1.590000,-0.100000
3932.605019,0.101148,-0.029152,-1.730000,0.190000
3932.705028,0.091858,-0.022843,-1.830000,0.400000
3932.805003,0.073173,-0.023491,-1.830000,0.420000
3932.904980,0.063036,-0.018247,-1.890000,0.240000
3933.005007,0.028700,-0.015357,-1.980000,0.050000
3933.105000,0.030070,0.001675,-2.060000,-0.030000
3933.205006,0.003890,-0.000964,-2.120000,-0.070000
3933.305009,-0.012497,0.007220,-2.200000,-0.080000
3933.405003,-0.023471,0.033251,-2.340000,-0.200000
3933.504990,-0.050774,0.052741,-2.320000,-0.420000
3933.605026,-0.039916,0.060825,-2.150000,-0.630000
3933.704983,-0.037651,0.087752,-2.030000,-0.860000
3933.805001,-0.057025,0.103675,-1.890000,-1.020000
3933.904983,-0.055184,0.074723,-1.800000,-1.340000
3934.005002,-0.052072,0.090806,-1.710000,-1.600000
3934.105023,-0.047335,0.105758,-1.520000,-1.930000
3934.205001,-0.015081,0.085695,-1.410000,-2.120000
3934.304981,0.001982,0.080325,-1.310000,-2.120000
3934.405016,0.029166,0.059150,-1.250000,-1.990000
3934.505010,0.041939,0.041279,-1.200000,-1.730000
3934.605010,0.047218,0.027921,-1.220000,-1.460000
3934.705010,0.064544,0.036197,-1.420000,-1.070000
3934.805009,0.047792,0.040714,-1.600000,-0.830000
3934.905009,0.070043,0.038252,-1.750000,-0.750000
3935.004979,0.054766,0.045757,-1.780000,-0.800000
3935.105003,0.053517,0.046382,-1.800000,-0.810000
3935.204985,0.055450,0.041937,-1.650000,-0.890000
3935.305004,0.060139,0.023215,-1.510000,-0.970000
3935.405010,0.042185,0.025072,-1.460000,-0.850000
3935.504978,0.034238,0.014156,-1.420000,-0.720000
3935.605004,0.042216,0.020640,-1.480000,-0.500000
3935.704973,0.033861,0.024968,-1.520000,-0.300000
3935.805003,0.031888,0.023659,-1.640000,-0.300000
3935.905006,0.009195,0.047611,-1.740000,-0.220000
3936.005011,0.007231,0.030605,-1.730000,-0.340000
3936.105001,-0.029177,0.051332,-1.690000,-0.500000
3936.205004,-0.019076,0.039410,-1.470000,-0.690000
3936.305006,-0.030429,0.044120,-1.230000,-0.750000
3936.405005,-0.033279,0.028327,-1.070000,-0.920000
3936.505011,-0.019854,0.006941,-1.050000,-1.090000
3936.604992,-0.037730,-0.002102,-1.130000,-1.170000
3936.705008,-0.035059,0.023248,-1.180000,-1.290000
3936.804999,-0.013451,0.020368,-1.200000,-1.300000
3936.904993,-0.020681,-0.002563,-1.170000,-1.360000
3937.005004,0.008037,0.005699,-1.140000,-1.310000
3937.104980,-0.017412,-0.016227,-1.160000,-1.350000
3937.204978,-0.005614,-0.019347,-1.180000,-1.430000
3937.305014,0.006189,-0.037351,-1.440000,-1.570000
3937.405010,0.019585,-0.031750,-1.640000,-1.820000
3937.505004,0.046771,-0.016824,-1.760000,-1.850000
3937.604976,0.028195,-0.037368,-1.820000,-1.900000
3937.705001,0.053354,-0.021267,-1.860000,-1.520000
3937.805003,0.050967,0.001346,-1.890000,-1.390000
3937.905019,0.080841,-0.020379,-1.770000,-1.250000
3938.004990,0.057381,-0.024422,-1.740000,-1.170000
3938.105058,0.083391,-0.012199,-1.610000,-1.160000
3938.205012,0.080988,-0.032704,-1.510000,-1.100000
3938.305050,0.118552,-0.026668,-1.560000,-0.900000
3938.405006,0.070530,-0.038588,-1.700000,-0.490000
3938.505006,0.059410,-0.009507,-1.900000,0.150000
3938.605002,0.077840,-0.009324,-2.130000,0.830000
3938.705008,0.011370,0.011131,-2.370000,1.370000
3938.805001,0.006431,0.021598,-2.690000,1.410000
3938.905018,-0.067007,0.046722,-3.120000,1.550000
3939.005043,-0.075606,0.082306,-3.500000,1.700000
3939.104994,-0.126262,0.120497,-3.770000,1.970000
3939.205016,-0.178947,0.145639,-4.200000,2.310000
3939.305002,-0.205833,0.230958,-4.600000,2.760000
3939.405010,-0.278500,0.259367,-4.890000,3.040000
3939.505003,-0.323936,0.320632,-5.120000,3.180000
3939.605010,-0.398233,0.383596,-5.330000,3.250000
3939.704975,-0.457110,0.470464,-5.740000,3.300000
3939.805032,-0.533246,0.571791,-6.090000,3.400000
3939.904977,-0.590009,0.645785,-6.480000,3.520000
3940.004981,-0.652146,0.751729,-6.820000,4.050000
3940.104982,-0.722297,0.816075,-7.080000,4.300000
3940.204981,-0.799529,0.933798,-7.400000,4.750000
3940.305011,-0.843464,1.056518,-7.610000,5.070000
3940.405006,-0.969101,1.118661,-7.820000,5.270000
3940.505002,-1.020909,1.283217,-8.160000,5.640000
3940.605022,-1.145068,1.377851,-8.360000,6.100000
3940.704998,-1.234061,1.477872,-8.780000,6.700000
3940.804989,-1.312553,1.632536,-9.310000,7.150000
3940.905011,-1.462969,1.724166,-9.850000,7.800000
3941.004997,-1.559042,1.916076,-10.390000,8.390000
3941.104999,-1.685868,2.038207,-10.730000,8.800000
3941.205009,-1.830819,2.242114,-10.950000,8.830000
3941.305009,-1.956770,2.351330,-10.840000,8.270000
3941.405013,-2.074431,2.511742,-10.650000,7.810000
3941.505009,-2.131484,2.665934,-10.630000,7.170000
3941.605008,-2.303637,2.827607,-10.540000,7.020000
3941.705006,-2.346545,2.909330,-10.580000,7.210000
3941.805004,-2.438892,3.099861,-10.270000,7.260000
3941.904999,-2.541117,3.218585,-9.970000,7.510000
3942.005011,-2.688423,3.311001,-9.450000,7.190000
3942.105004,-2.721276,3.417944,-9.220000,7.090000
3942.205001,-2.792408,3.554521,-9.040000,6.430000
3942.305013,-2.900446,3.652863,-9.050000,6.270000
3942.405010,-3.028421,3.733774,-9.010000,6.170000
3942.505017,-3.013951,3.825125,-8.850000,6.160000
3942.605010,-3.144698,3.909866,-8.600000,6.330000
3942.705006,-3.195716,3.989209,-8.640000,6.300000
3942.804998,-3.261125,4.099710,-8.430000,6.210000
3942.905008,-3.333084,4.178388,-8.220000,5.980000
3943.005020,-3.437303,4.202100,-7.910000,4.900000
3943.105000,-3.415236,4.293313,-7.440000,4.230000
3943.205007,-3.498473,4.333324,-6.930000,3.940000
3943.305018,-3.502112,4.398544,-6.710000,4.060000
3943.405014,-3.515136,4.448389,-6.220000,4.470000
3943.505022,-3.607635,4.448774,-5.670000,4.870000
3943.604979,-3.626370,4.405849,-5.260000,4.400000
3943.705004,-3.633563,4.429143,-5.270000,3.600000
3943.805027,-3.619427,4.462435,-5.220000,2.260000
3943.904978,-3.689632,4.477112,-4.910000,1.960000
3944.004984,-3.686317,4.499236,-4.930000,1.950000
3944.105005,-3.612815,4.438569,-4.960000,2.200000
3944.205007,-3.634473,4.479708,-5.260000,2.370000
3944.305007,-3.673567,4.494739,-5.150000,2.240000
3944.405003,-3.698066,4.498670,-5.370000,2.270000
3944.504978,-3.689017,4.558759,-5.500000,2.480000
3944.604976,-3.670596,4.527113,-5.360000,2.350000
3944.705001,-3.711484,4.570520,-5.120000,2.130000
3944.804974,-3.648965,4.560034,-5.100000,2.400000
3944.904999,-3.622380,4.554574,-5.350000,2.350000
3945.005048,-3.687103,4.607717,-5.680000,2.740000
3945.104990,-3.698450,4.578146,-5.780000,2.820000
3945.205025,-3.654558,4.601489,-5.480000,2.580000
3945.304972,-3.676465,4.569515,-5.150000,1.990000
3945.405000,-3.698464,4.580708,-4.680000,2.150000
3945.505017,-3.653362,4.575453,-4.020000,2.680000
3945.605014,-3.728079,4.543701,-4.040000,3.180000
3945.704998,-3.736450,4.552402,-5.150000,3.450000
3945.805024,-3.738013,4.593283,-5.620000,3.100000
3945.905014,-3.764839,4.523367,-5.520000,2.600000
3946.005000,-3.723182,4.526126,-5.470000,1.760000
3946.105017,-3.744532,4.568342,-5.800000,1.120000
3946.205010,-3.701896,4.585584,-6.000000,1.290000
3946.304979,-3.747537,4.569759,-5.640000,1.520000
3946.405023,-3.714178,4.637670,-5.640000,1.620000
3946.505004,-3.682453,4.622199,-5.270000,1.440000
3946.605021,-3.649037,4.557996,-4.890000,1.440000
3946.704994,-3.647154,4.632434,-4.680000,1.550000
3946.804974,-3.657663,4.628118,-4.440000,1.940000
3946.905011,-3.664075,4.587184,-4.920000,2.420000
3947.004991,-3.638407,4.613568,-5.320000,2.950000
3947.105004,-3.616030,4.518379,-5.340000,3.100000
3947.204976,-3.615261,4.494848,-5.220000,2.880000
3947.305010,-3.679618,4.522612,-5.170000,2.680000
3947.405011,-3.667312,4.520679,-4.620000,1.550000
3947.504994,-3.631927,4.509982,-4.050000,0.660000
3947.604976,-3.669707,4.446997,-3.020000,-0.600000
3947.705004,-3.581067,4.416948,-2.120000,-1.580000
3947.805037,-3.538203,4.349367,-1.230000,-2.080000
3947.905006,-3.478001,4.254855,-0.410000,-2.040000
3948.004999,-3.401775,4.191922,0.590000,-1.840000
3948.105041,-3.409982,4.043925,1.720000,-1.670000
3948.205001,-3.309331,3.870184,2.460000,-2.350000
3948.305017,-3.200122,3.685482,2.930000,-2.530000
3948.404999,-3.193827,3.557949,3.360000,-3.440000
3948.505005,-3.155343,3.416601,3.720000,-4.810000
3948.604979,-2.975966,3.224925,4.700000,-5.620000
3948.705005,-2.899972,3.038876,6.230000,-6.270000
3948.805005,-2.774839,2.802738,8.110000,-6.010000
3948.904984,-2.667061,2.565507,9.580000,-5.800000
3949.004977,-2.501970,2.268774,10.660000,-6.030000
3949.105004,-2.437588,2.001037,11.510000,-5.610000
3949.205061,-2.307334,1.685835,12.300000,-5.480000
3949.304985,-2.184333,1.372338,13.100000,-5.160000
3949.405006,-2.123453,1.084405,13.360000,-4.810000
3949.505004,-2.034466,0.753152,13.490000,-4.450000
3949.604998,-1.980006,0.473689,13.700000,-4.300000
3949.705004,-1.894464,0.109672,14.030000,-4.700000
3949.805013,-1.854108,-0.189797,14.370000,-5.110000
3949.904979,-1.788507,-0.516159,14.740000,-5.500000
3950.004992,-1.729744,-0.836629,14.950000,-5.680000
3950.105004,-1.673639,-1.143522,15.230000,-5.780000
3950.205037,-1.626860,-1.449955,15.750000,-5.950000
3950.304995,-1.576649,-1.774042,16.260000,-6.160000
3950.405001,-1.513373,-2.107290,16.610000,-6.290000
3950.505015,-1.449883,-2.453752,16.660000,-6.400000
3950.604980,-1.386091,-2.787408,16.370000,-6.580000
3950.704997,-1.323881,-3.100167,15.750000,-6.740000
3950.805062,-1.245871,-3.398077,15.150000,-6.680000
3950.905018,-1.172186,-3.670155,14.600000,-6.520000
3951.005009,-1.109406,-3.941198,13.950000,-6.490000
3951.105002,-1.042664,-4.202838,13.030000,-6.490000
3951.205006,-0.933294,-4.446568,12.300000,-6.730000
3951.304998,-0.869947,-4.664514,11.850000,-7.140000
3951.404994,-0.768349,-4.846777,11.390000,-6.690000
3951.505011,-0.662777,-5.023909,10.890000,-5.160000
3951.605028,-0.648418,-5.191381,10.230000,-2.750000
3951.705002,-0.596912,-5.335287,9.630000,-0.550000
3951.804974,-0.655015,-5.473294,8.790000,0.930000
3951.904988,-0.698421,-5.610346,7.920000,1.720000
3952.004982,-0.741411,-5.692867,6.970000,2.170000
3952.104993,-0.786860,-5.751181,6.280000,2.080000
3952.205003,-0.849933,-5.800291,5.800000,1.680000
3952.305002,-0.914878,-5.838173,5.370000,1.100000
3952.405016,-0.913035,-5.878535,5.000000,0.650000
3952.505010,-0.947187,-5.918679,4.610000,0.440000
3952.605005,-0.997348,-5.963180,4.380000,0.740000
3952.705006,-0.981996,-5.955515,3.590000,0.810000
3952.805031,-1.046765,-5.995183,2.610000,0.610000
3952.905002,-1.036202,-5.991463,2.120000,0.490000
3953.004995,-1.026450,-5.953971,1.540000,0.130000
3953.105004,-1.100703,-5.963636,1.580000,0.220000
3953.205001,-1.091264,-5.886923,1.950000,0.650000
3953.305013,-1.074967,-5.936478,2.420000,0.370000
3953.404985,-1.106921,-5.926760,2.920000,-0.210000
3953.504979,-1.112381,-5.978567,3.710000,-1.460000
3953.604989,-1.031071,-6.017317,4.840000,-2.770000
3953.705007,-1.006041,-6.057207,5.700000,-3.520000
3953.805006,-0.954949,-6.063512,5.760000,-3.110000
3953.905019,-0.918449,-6.131375,5.580000,-1.590000
3954.005009,-0.914788,-6.178054,4.670000,-0.500000
3954.105005,-0.965607,-6.247228,3.640000,0.450000
3954.205006,-0.957745,-6.237757,2.920000,0.790000
3954.304977,-0.925551,-6.240423,2.580000,0.920000
3954.404986,-1.004941,-6.233884,1.880000,0.520000
3954.505002,-0.995132,-6.190228,1.200000,0.440000
3954.605009,-0.986810,-6.142016,0.860000,0.080000
3954.704985,-1.000738,-6.131106,0.370000,-0.190000
3954.804992,-0.998739,-6.102177,-0.030000,-0.320000
3954.905009,-0.985636,-6.056179,-0.390000,0.000000
3955.004997,-0.952479,-6.017103,-0.720000,0.850000
3955.104978,-0.933056,-5.907550,-0.490000,1.660000
3955.205014,-1.007185,-5.867133,-0.040000,1.450000
3955.305002,-0.995465,-5.842220,0.670000,0.600000
3955.405008,-0.991749,-5.835335,1.900000,-0.290000
3955.505039,-1.001492,-5.806067,3.160000,-0.460000
3955.605007,-0.963955,-5.768386,4.270000,-0.530000
3955.705005,-1.044460,-5.835455,4.940000,-0.530000
3955.805004,-0.989517,-5.892736,4.770000,0.380000
3955.905017,-1.047268,-5.895219,3.760000,0.980000
3956.005006,-1.111742,-5.957847,2.780000,1.110000
3956.104998,-1.040721,-5.921837,2.120000,0.370000
3956.205030,-1.145459,-5.921285,1.890000,0.310000
3956.304994,-1.099710,-5.939928,1.460000,0.410000
3956.404972,-1.102450,-5.889756,1.370000,-0.220000
3956.505036,-1.110803,-5.882485,1.540000,-0.810000
3956.605005,-1.079764,-5.886518,1.690000,-1.170000
3956.705005,-1.042590,-5.850723,1.850000,-1.440000
3956.804999,-0.977321,-5.850501,2.330000,-1.080000
3956.905010,-0.995651,-5.855688,3.100000,-0.510000
3957.004999,-1.081707,-5.859207,3.270000,0.110000
3957.105033,-1.043592,-5.833119,2.930000,0.210000
3957.205005,-1.066907,-5.803537,2.500000,0.000000
3957.304983,-1.079669,-5.815586,2.380000,-0.450000
3957.405008,-0.997441,-5.802438,2.130000,-0.430000
3957.505019,-1.036540,-5.786563,1.450000,-0.480000
3957.605007,-1.012952,-5.776165,0.490000,-0.460000
3957.705036,-0.994882,-5.747100,-0.730000,-0.510000
3957.805016,-1.025913,-5.639866,-1.990000,-0.900000
3957.904976,-0.945930,-5.583244,-2.650000,-1.890000
3958.004996,-0.890430,-5.522363,-2.870000,-3.150000
3958.104977,-0.793010,-5.425928,-3.450000,-4.960000
3958.204975,-0.763784,-5.361035,-3.600000,-6.770000
3958.304983,-0.628210,-5.250595,-3.760000,-7.870000
3958.404989,-0.456003,-5.157111,-3.820000,-7.720000
3958.505004,-0.294261,-5.087919,-4.030000,-6.700000
3958.605009,-0.274665,-5.012991,-4.510000,-5.240000
3958.704973,-0.135188,-4.945099,-5.420000,-3.990000
3958.805002,-0.050613,-4.791242,-5.880000,-3.730000
3958.904977,0.016458,-4.682269,-6.010000,-5.000000
3959.005010,0.119068,-4.563447,-6.030000,-7.190000
3959.104999,0.241116,-4.475107,-6.640000,-9.460000
3959.205005,0.418192,-4.354894,-7.310000,-11.420000
3959.305009,0.689291,-4.175354,-8.110000,-12.800000
3959.405008,0.884433,-4.019858,-9.160000,-13.840000
3959.504984,1.064736,-3.870409,-9.840000,-14.330000
3959.604983,1.379487,-3.709142,-10.210000,-15.270000
3959.704973,1.635247,-3.480514,-10.770000,-16.030000
3959.804974,1.886448,-3.356744,-11.170000,-16.780000
3959.905005,2.194741,-3.178067,-11.430000,-17.360000
3960.005018,2.458399,-2.958705,-11.300000,-18.320000
3960.104972,2.722413,-2.794002,-11.190000,-18.170000
3960.205000,3.031756,-2.638387,-10.840000,-17.310000
3960.305001,3.317316,-2.453327,-10.530000,-16.830000
3960.405004,3.531783,-2.282145,-9.940000,-16.740000
3960.505012,3.845655,-2.194125,-9.200000,-16.690000
3960.604999,4.012605,-2.001932,-9.080000,-15.210000
3960.705006,4.293472,-1.947374,-8.980000,-13.900000
3960.804980,4.484498,-1.832301,-8.560000,-13.130000
3960.905043,4.627594,-1.755541,-7.890000,-12.850000
3961.005003,4.830545,-1.592877,-7.580000,-12.350000
3961.104978,4.911556,-1.511510,-7.460000,-12.380000
3961.205007,5.017816,-1.497169,-7.320000,-12.560000
3961.304976,5.175755,-1.363979,-7.050000,-12.280000
3961.405004,5.277091,-1.275871,-6.520000,-11.780000
3961.505027,5.352286,-1.300930,-6.410000,-11.390000
3961.605002,5.490047,-1.237305,-6.120000,-10.910000
3961.704976,5.497817,-1.199879,-5.850000,-10.720000
3961.805006,5.728244,-1.125273,-5.680000,-10.690000
3961.905015,5.801406,-1.116841,-5.020000,-11.620000
3962.004989,5.936258,-1.126584,-4.720000,-12.450000
3962.104974,6.040457,-1.115028,-4.510000,-11.990000
3962.205001,6.120557,-1.109334,-4.530000,-10.060000
3962.305013,6.168268,-1.038948,-4.290000,-7.760000
3962.405013,6.186841,-1.068345,-4.100000,-5.420000
3962.504996,6.159039,-1.065356,-4.200000,-4.040000
3962.605004,6.189004,-1.070927,-4.250000,-3.390000
3962.705002,6.122687,-1.098747,-3.800000,-3.660000
3962.805016,6.177911,-0.936064,-3.830000,-4.320000
3962.904995,6.085654,-1.036136,-4.320000,-5.280000
3963.005011,6.093853,-1.016897,-4.500000,-5.240000
3963.105021,6.138093,-1.006680,-4.440000,-5.490000
3963.205011,6.108574,-0.916791,-4.470000,-5.090000
3963.305034,5.992875,-1.024046,-4.440000,-4.810000
3963.405004,6.068283,-0.951264,-4.480000,-4.570000
3963.505022,5.952644,-0.943948,-4.260000,-4.820000
3963.605011,6.011225,-0.816391,-4.310000,-5.150000
3963.704973,5.912105,-0.885438,-4.390000,-5.920000
3963.805002,5.977980,-0.839047,-4.500000,-6.080000
3963.905013,5.874871,-0.885260,-4.300000,-6.430000
3964.005001,5.973542,-0.810484,-4.140000,-6.820000
3964.105031,5.855371,-0.793689,-3.890000,-6.770000
3964.205009,5.881763,-0.873425,-3.720000,-7.120000
3964.305001,5.965731,-0.815507,-3.690000,-7.340000
3964.405005,5.941620,-0.819529,-3.470000,-7.110000
3964.504991,5.969074,-0.881434,-3.190000,-7.190000
3964.605008,5.989265,-0.811239,-3.140000,-7.280000
3964.705001,6.019517,-0.864945,-3.130000,-7.240000
3964.804998,6.064958,-0.841612,-3.000000,-6.900000
3964.905011,6.016843,-0.810197,-2.790000,-5.960000
3965.005003,6.046475,-0.909219,-1.800000,-5.900000
3965.105007,6.049907,-0.882399,-0.930000,-6.230000
3965.205046,5.992469,-1.008256,-1.210000,-6.570000
3965.304982,6.075790,-0.998364,-1.790000,-6.350000
3965.404994,6.050934,-0.972022,-2.370000,-6.010000
3965.505016,6.063990,-0.996666,-2.550000,-5.590000
3965.604979,6.043959,-0.984855,-2.590000,-5.480000
3965.705005,6.021870,-0.941173,-2.180000,-5.020000
3965.805010,5.934072,-1.054232,-2.120000,-4.160000
3965.905005,5.969956,-1.060468,-2.220000,-3.980000
3966.005004,5.928314,-0.992338,-2.210000,-4.310000
3966.105008,5.851592,-1.011883,-2.110000,-5.140000
3966.205008,5.920718,-1.000494,-1.840000,-5.570000
3966.304985,5.906398,-1.002413,-1.460000,-5.680000
3966.405054,5.798395,-1.022706,-1.430000,-6.600000
3966.505007,5.856113,-1.018800,-1.430000,-7.030000
3966.604993,5.899490,-1.064110,-1.190000,-7.290000
3966.704993,5.913537,-1.050738,-1.080000,-7.200000
3966.805004,5.913343,-1.030818,-1.310000,-6.660000
3966.905003,5.884804,-1.100635,-1.410000,-6.310000
3967.004977,5.898987,-1.140511,-1.420000,-6.050000
3967.105036,5.956694,-1.138983,-1.260000,-5.870000
3967.204979,5.967237,-1.116341,-0.940000,-5.660000
3967.305011,5.902794,-1.101005,-1.050000,-6.030000
3967.405016,5.899732,-1.161132,-1.280000,-5.930000
3967.505001,5.949110,-1.185568,-1.700000,-5.550000
3967.605010,5.942451,-1.177517,-1.900000,-5.050000
3967.704998,5.862986,-1.200114,-1.700000,-5.090000
3967.805007,5.898014,-1.188848,-1.560000,-5.370000
3967.904976,5.922534,-1.144925,-1.370000,-5.540000
3968.004997,5.855515,-1.194648,-1.380000,-6.140000
3968.105007,5.946880,-1.157433,-1.680000,-6.230000
3968.205004,5.882332,-1.165991,-1.730000,-5.730000
3968.305011,5.842475,-1.268639,-1.770000,-5.540000
3968.405004,5.894696,-1.269929,-2.010000,-5.260000
3968.504989,5.927925,-1.226621,-2.040000,-5.290000
3968.604976,5.865209,-1.234078,-2.120000,-5.460000
3968.705014,5.894635,-1.168767,-2.540000,-5.590000
3968.804991,5.898660,-1.253022,-2.510000,-5.490000
3968.904999,5.895653,-1.255898,-2.660000,-5.600000
3969.005005,5.885930,-1.232704,-3.040000,-5.250000
3969.104978,5.918885,-1.248824,-3.120000,-4.990000
3969.204989,5.905193,-1.194448,-3.020000,-5.110000
3969.305026,5.830904,-1.149202,-3.220000,-4.960000
3969.404980,5.865973,-1.228237,-3.180000,-4.960000
3969.505013,5.925451,-1.138388,-3.430000,-4.700000
3969.605032,5.857753,-1.089021,-3.580000,-4.690000
3969.705007,5.805677,-1.112935,-3.360000,-4.760000
3969.804998,5.816782,-1.125698,-2.980000,-5.180000
3969.904977,5.850014,-1.062827,-2.800000,-5.430000
3970.004973,5.811631,-1.060709,-2.580000,-5.280000
3970.105002,5.739878,-1.144424,-2.590000,-5.420000
3970.204975,5.858211,-1.050023,-2.880000,-5.880000
3970.305028,5.823524,-1.014509,-2.730000,-6.340000
3970.405003,5.749312,-1.029385,-2.540000,-6.610000
3970.505000,5.832076,-1.083073,-2.090000,-6.160000
3970.605008,5.868679,-1.042345,-1.910000,-5.320000
3970.704998,5.765195,-1.056338,-2.100000,-5.320000
3970.804997,5.822854,-1.052254,-2.230000,-5.830000
3970.905016,5.887425,-1.012043,-2.320000,-6.130000
3971.005014,5.811532,-0.993822,-2.090000,-6.340000
3971.104973,5.788815,-1.011140,-1.730000,-6.500000
3971.205038,5.859985,-1.000204,-1.430000,-6.300000
3971.305012,5.865287,-1.050305,-0.990000,-5.770000
3971.405063,5.804601,-1.107507,-0.750000,-5.530000
3971.505009,5.885631,-1.088785,-0.670000,-6.220000
3971.604999,5.783811,-1.061743,-0.680000,-6.720000
3971.705003,5.838913,-1.216369,-1.030000,-7.680000
3971.805003,5.947167,-1.174443,-1.800000,-8.070000
3971.904980,5.903450,-1.146784,-2.590000,-7.800000
3972.005011,5.923649,-1.227139,-2.620000,-6.870000
3972.105006,5.934566,-1.178684,-2.640000,-5.960000
3972.205004,5.956628,-1.173707,-2.620000,-5.240000
3972.305022,5.965701,-1.127677,-2.790000,-4.950000
3972.405011,5.925007,-1.132786,-2.740000,-4.680000
3972.505013,5.836260,-1.168032,-2.540000,-5.010000
3972.605028,5.897157,-1.149192,-2.380000,-5.550000
3972.705004,5.906110,-1.105283,-2.170000,-5.650000
3972.804975,5.834136,-1.138757,-2.630000,-5.490000
3972.904980,5.844310,-1.109426,-3.140000,-5.060000
3973.004973,5.825166,-1.109125,-3.300000,-4.380000
3973.104973,5.745248,-1.043333,-3.560000,-3.550000
3973.204983,5.735567,-1.056261,-3.520000,-3.370000
3973.305009,5.746344,-0.968905,-4.140000,-2.740000
3973.405005,5.632432,-0.886681,-4.870000,-1.290000
3973.505008,5.503935,-0.879387,-5.690000,0.040000
3973.604977,5.485491,-0.713984,-6.330000,1.000000
3973.705006,5.366903,-0.692179,-6.510000,1.240000
3973.804979,5.274642,-0.570380,-6.830000,1.400000
3973.905005,5.218052,-0.444434,-7.590000,1.360000
3974.004990,5.089371,-0.354437,-8.510000,1.780000
3974.105006,4.936740,-0.272897,-9.140000,2.400000
3974.205016,4.857769,-0.093678,-9.740000,3.000000
3974.305002,4.748523,-0.017617,-10.520000,2.880000
3974.405013,4.664923,0.188927,-10.980000,3.520000
3974.505006,4.476151,0.306208,-11.690000,4.560000
3974.605006,4.396081,0.533601,-12.230000,5.540000
3974.705003,4.204120,0.691506,-12.810000,6.460000
3974.805021,3.969958,0.883925,-13.030000,6.860000
3974.905006,3.826679,1.150362,-13.580000,7.270000
3975.005000,3.594885,1.347517,-14.600000,8.080000
3975.104987,3.415419,1.522819,-16.150000,8.490000
3975.205014,3.285650,1.782806,-17.910000,9.140000
3975.305007,3.056306,2.068447,-19.250000,9.950000
3975.405000,2.855433,2.383727,-20.030000,10.710000
3975.505011,2.642910,2.681512,-20.150000,10.760000
3975.605015,2.435441,2.981591,-20.120000,10.370000
3975.704998,2.242726,3.341684,-19.670000,9.590000
3975.805003,2.019305,3.677553,-18.930000,8.800000
3975.905012,1.912219,3.904210,-17.900000,7.740000
3976.005001,1.756379,4.157094,-16.500000,6.380000
3976.105001,1.611522,4.402090,-15.460000,5.650000
3976.205001,1.563549,4.531127,-14.630000,4.540000
3976.305013,1.425829,4.750134,-14.160000,3.650000
3976.404978,1.287115,4.957260,-13.960000,3.200000
3976.504986,1.258721,5.029621,-13.620000,2.730000
3976.605009,1.197442,5.180707,-13.250000,2.420000
3976.705000,1.146463,5.337964,-12.720000,2.400000
3976.805000,1.051920,5.452955,-12.090000,2.380000
3976.904980,1.023783,5.535448,-11.300000,2.440000
3977.005007,0.984347,5.658685,-10.610000,2.380000
3977.105029,0.944218,5.732952,-9.870000,2.150000
3977.205007,0.860447,5.794868,-9.300000,1.950000
3977.304980,0.798186,5.862303,-9.000000,1.880000
3977.405001,0.771053,5.877105,-8.720000,1.710000
3977.504993,0.726253,5.899412,-8.380000,0.940000
3977.604981,0.718495,5.915610,-7.980000,0.020000
3977.704978,0.780825,5.976817,-7.960000,-0.420000
3977.804997,0.638734,5.961011,-7.610000,-0.630000
3977.904995,0.700038,5.980271,-7.180000,-0.390000
3978.005002,0.670733,5.995405,-6.830000,-0.460000
3978.105005,0.643975,5.996909,-6.540000,-0.280000
3978.204987,0.660261,6.025625,-6.770000,-0.510000
3978.305011,0.615744,5.980875,-7.010000,-0.460000
3978.404979,0.579183,6.046567,-7.210000,-0.540000
3978.504989,0.613140,6.062508,-7.420000,-0.910000
3978.604996,0.575000,6.056775,-7.410000,-1.050000
3978.704976,0.650900,6.077301,-7.400000,-1.690000
3978.804980,0.645623,6.104624,-7.220000,-1.890000
3978.905002,0.669786,6.113570,-7.110000,-2.030000
3979.005016,0.622245,6.168138,-7.110000,-1.750000
3979.105001,0.696309,6.098585,-7.330000,-1.370000
3979.204985,0.659837,6.111983,-7.290000,-1.350000
3979.304985,0.717357,6.148503,-6.950000,-1.850000
3979.405001,0.661149,6.128981,-6.260000,-2.390000
3979.505006,0.677597,6.179028,-6.020000,-2.120000
3979.605016,0.764752,6.150056,-6.260000,-1.960000
3979.704992,0.798290,6.131582,-6.280000,-1.750000
3979.805003,0.754790,6.128448,-6.120000,-1.680000
3979.904984,0.728742,6.055254,-5.710000,-1.780000
3980.005010,0.802945,6.142042,-5.310000,-1.670000
3980.105012,0.838544,6.144247,-4.740000,-2.290000
3980.204992,0.787896,6.130008,-4.520000,-2.140000
3980.305017,0.814836,6.030488,-4.540000,-2.060000
3980.404973,0.864936,6.044337,-5.000000,-1.360000
3980.505012,0.869054,6.075101,-5.540000,-0.720000
3980.604975,0.901352,6.096523,-5.850000,-0.410000
3980.705000,0.857229,6.082519,-5.610000,-0.560000
3980.804973,0.833572,6.114240,-5.240000,-0.720000
3980.905008,0.841626,6.087861,-5.130000,-1.190000
3981.004973,0.843720,6.016864,-5.550000,-1.540000
3981.105001,0.834460,6.033902,-6.250000,-1.750000
3981.205004,0.819825,6.048510,-6.650000,-1.520000
3981.305000,0.805440,6.043261,-6.690000,-1.430000
3981.405002,0.811914,6.133497,-6.590000,-1.390000
3981.505010,0.813448,6.114030,-6.500000,-1.620000
3981.604993,0.801303,6.123607,-6.400000,-1.860000
3981.705013,0.771575,6.063185,-6.010000,-1.470000
3981.805012,0.830703,6.070641,-5.790000,-1.330000
3981.904979,0.782107,6.058111,-5.380000,-1.260000
3982.004973,0.804837,6.039539,-5.160000,-1.460000
3982.104998,0.838315,6.110832,-5.230000,-1.580000
3982.205001,0.784869,6.052833,-5.120000,-2.020000
3982.305003,0.764677,5.978650,-5.070000,-2.340000
3982.405004,0.799363,5.957688,-4.760000,-2.650000
3982.504998,0.844520,5.905087,-4.120000,-2.760000
3982.605001,0.885153,5.918309,-3.440000,-2.840000
3982.704978,0.824329,5.854797,-2.660000,-2.190000
3982.805003,0.811332,5.857666,-2.090000,-1.340000
3982.905009,0.813869,5.735357,-1.470000,-0.120000
3983.005010,0.717072,5.671666,-0.450000,1.440000
3983.104997,0.602127,5.494991,0.560000,2.310000
3983.205009,0.570442,5.413572,1.520000,2.850000
3983.305010,0.476226,5.320761,2.070000,3.070000
3983.404974,0.381347,5.250586,2.570000,3.670000
3983.505003,0.245150,5.130772,2.920000,4.060000
3983.604991,0.129883,4.964248,3.240000,5.170000
3983.705007,0.029504,4.811112,4.030000,5.910000
3983.805027,-0.103917,4.733367,4.510000,6.970000
3983.905010,-0.298630,4.614264,5.030000,7.460000
3984.005010,-0.475929,4.385537,5.110000,8.110000
3984.105021,-0.705861,4.247657,5.280000,8.750000
3984.205035,-0.858904,4.143747,5.380000,9.770000
3984.305011,-1.077023,3.978859,5.710000,10.730000
3984.405014,-1.314910,3.836384,6.040000,11.160000
3984.505005,-1.552398,3.632988,6.450000,11.160000
3984.605003,-1.751917,3.503429,7.050000,10.830000
3984.705016,-1.978718,3.314806,7.280000,10.580000
3984.805003,-2.195349,3.143327,7.250000,10.850000
3984.905039,-2.377539,2.984477,7.160000,12.240000
3985.005007,-2.605918,2.850015,7.000000,13.630000
3985.105005,-2.822944,2.643190,6.720000,15.080000
3985.204989,-3.125486,2.577617,6.040000,16.290000
3985.305033,-3.372766,2.357744,5.430000,16.620000
3985.405039,-3.641396,2.291209,5.300000,15.740000
3985.504993,-3.949690,2.129386,5.370000,14.260000
3985.605003,-4.145068,2.041243,5.130000,12.920000
3985.705008,-4.355068,1.925236,4.630000,12.070000
3985.804974,-4.507555,1.739450,4.460000,11.620000
3985.905025,-4.692924,1.718212,4.330000,11.760000
3986.005007,-4.862522,1.555493,4.240000,11.910000
3986.105001,-5.041687,1.469907,4.360000,11.660000
3986.204981,-5.199664,1.426193,4.050000,11.080000
3986.305010,-5.383577,1.249737,3.740000,10.470000
3986.405003,-5.491998,1.218255,3.550000,9.810000
3986.505022,-5.634101,1.152688,3.030000,9.230000
3986.605020,-5.730927,1.119060,2.710000,8.750000
3986.705017,-5.817027,1.003859,2.290000,8.040000
3986.805004,-5.931217,0.963631,1.990000,7.430000
3986.905033,-5.986693,0.954445,1.280000,6.590000
3987.005010,-5.968421,0.937262,0.670000,5.710000
3987.104981,-6.083414,0.878727,0.430000,5.140000
3987.204993,-6.051675,0.913561,0.100000,4.990000
3987.305007,-6.085080,0.905519,0.070000,4.210000
3987.404977,-6.146582,0.854396,-0.510000,3.450000
3987.504998,-6.033695,0.831015,-0.080000,2.580000
3987.605016,-6.081331,0.842255,0.070000,2.330000
3987.705009,-6.064452,0.811430,0.290000,2.450000
3987.804987,-5.994967,0.790459,0.340000,2.910000
3987.905011,-6.006073,0.733070,0.390000,3.610000
3988.005004,-6.064438,0.739102,0.050000,4.010000
3988.105005,-6.091015,0.708570,-0.090000,4.260000
3988.205003,-6.110815,0.674527,-0.240000,3.990000
3988.305033,-6.140911,0.637671,-0.540000,4.200000
3988.404985,-6.123762,0.657559,-0.980000,5.000000
3988.505010,-6.180779,0.676886,-1.280000,5.330000
3988.605017,-6.193247,0.643560,-2.040000,5.380000
3988.704973,-6.217807,0.628178,-2.380000,4.940000
3988.804999,-6.289481,0.660134,-2.640000,4.650000
3988.904979,-6.261677,0.605466,-2.810000,4.110000
3989.005010,-6.253382,0.721339,-3.160000,3.490000
3989.104973,-6.272647,0.664943,-3.780000,3.070000
3989.204997,-6.271562,0.748435,-3.710000,2.780000
3989.305003,-6.294905,0.756428,-3.510000,2.470000
3989.405007,-6.277961,0.739863,-3.230000,2.380000
3989.505004,-6.250181,0.807146,-3.210000,1.790000
3989.605006,-6.182254,0.795085,-3.630000,0.680000
3989.704983,-6.157746,0.794108,-4.140000,-0.210000
3989.805000,-6.080299,0.868713,-4.510000,-0.990000
3989.905002,-6.006940,0.917674,-4.650000,-1.790000
3990.004989,-5.928114,0.917036,-4.310000,-2.280000
3990.104992,-5.894779,0.937195,-3.560000,-2.750000
3990.205002,-5.793683,0.916884,-2.830000,-3.340000
3990.305017,-5.680314,0.955541,-2.460000,-4.200000
3990.404998,-5.562400,0.915448,-2.030000,-5.290000
3990.505002,-5.417345,0.850592,-1.560000,-6.090000
3990.605005,-5.250072,0.861617,-1.150000,-6.610000
3990.705019,-5.112212,0.851626,-0.800000,-6.530000
3990.804979,-4.947823,0.773961,-1.000000,-6.520000
3990.905002,-4.843603,0.689200,-1.600000,-6.040000
3991.005039,-4.715192,0.764455,-2.560000,-5.140000
3991.105033,-4.574515,0.698971,-3.140000,-5.070000
3991.204993,-4.442355,0.689757,-3.520000,-5.670000
3991.305053,-4.287099,0.736985,-3.590000,-6.270000
3991.405000,-4.157372,0.746921,-3.620000,-6.950000
3991.504980,-3.977353,0.746926,-3.590000,-7.460000
3991.605004,-3.820530,0.708697,-3.170000,-8.100000
3991.705014,-3.623460,0.741953,-2.350000,-9.160000
3991.805003,-3.438074,0.688117,-1.910000,-10.650000
3991.905008,-3.178055,0.665247,-1.860000,-12.220000
3992.004985,-2.952507,0.611544,-1.860000,-13.420000
3992.105002,-2.647915,0.581867,-1.840000,-13.900000
3992.205001,-2.414143,0.491166,-1.630000,-13.470000
3992.305006,-2.126240,0.494000,-1.490000,-12.010000
3992.405002,-1.970262,0.456425,-0.920000,-9.940000
3992.505006,-1.799975,0.398890,-0.230000,-8.210000
3992.605011,-1.624516,0.357248,0.110000,-6.980000
3992.704999,-1.501224,0.322775,-0.040000,-6.580000
3992.805003,-1.400146,0.268071,-0.350000,-6.750000
3992.905003,-1.261273,0.229597,-0.630000,-7.220000
3993.004977,-1.157376,0.194527,-0.730000,-7.760000
3993.105011,-1.034177,0.162198,-0.640000,-8.060000
3993.205002,-0.907244,0.125267,-0.600000,-8.290000
3993.305033,-0.787968,0.090223,-0.640000,-8.240000
3993.405013,-0.647166,0.074353,-0.790000,-8.030000
3993.505022,-0.548449,0.051930,-0.850000,-7.610000
3993.605001,-0.430369,0.021066,-0.870000,-7.080000
3993.705005,-0.337358,-0.001981,-0.940000,-6.620000
3993.805001,-0.235643,-0.025343,-1.060000,-6.160000
3993.905005,-0.148541,-0.037152,-1.230000,-5.910000
3994.004981,-0.057045,-0.054170,-1.540000,-5.870000
3994.105003,-0.002417,-0.080946,-1.750000,-5.790000
3994.205009,0.076966,-0.101942,-1.750000,-5.340000
3994.304999,0.134780,-0.097361,-1.700000,-4.650000
3994.405026,0.171058,-0.084583,-1.680000,-3.700000
3994.504979,0.209524,-0.092047,-1.780000,-2.680000
3994.605025,0.220656,-0.080780,-1.950000,-1.550000
3994.705014,0.244078,-0.092400,-2.180000,-0.710000
3994.805003,0.230935,-0.076450,-2.250000,-0.050000
3994.904997,0.229639,-0.065820,-2.220000,0.200000
3995.005007,0.179804,-0.041445,-2.020000,0.320000
3995.105004,0.187421,-0.054881,-1.830000,0.090000
3995.205006,0.131939,-0.054317,-1.710000,-0.280000
3995.305011,0.137766,-0.041306,-1.620000,-0.750000
3995.404990,0.139980,-0.034429,-1.680000,-0.870000
3995.504999,0.111493,-0.072134,-1.760000,-0.890000
3995.605002,0.116401,-0.062581,-1.920000,-0.720000
3995.705004,0.107955,-0.042471,-2.040000,-0.640000
3995.805002,0.084042,-0.034998,-1.990000,-0.520000
3995.905008,0.097151,-0.028415,-2.070000,-0.350000
3996.005006,0.085152,-0.023034,-2.260000,-0.230000
3996.104998,0.063226,-0.044844,-2.210000,-0.380000
3996.204976,0.060038,-0.029976,-2.160000,-0.500000
3996.305011,0.048215,-0.016119,-2.130000,-0.670000
3996.405004,0.062556,-0.002009,-2.190000,-0.830000
3996.505003,0.031657,-0.003122,-2.190000,-0.810000
3996.605004,0.037040,0.019138,-2.210000,-0.660000
3996.705006,0.033412,0.015383,-2.210000,-0.610000
3996.805001,0.043269,0.028666,-2.250000,-0.570000
3996.905023,0.021471,0.019073,-2.240000,-0.580000
3997.004979,0.003069,0.030220,-2.240000,-0.500000
3997.104999,0.010105,0.039576,-2.220000,-0.450000
3997.204999,0.015567,0.049381,-2.230000,-0.380000
3997.304979,0.006487,0.027586,-2.300000,-0.430000
3997.405000,-0.009850,0.018754,-2.260000,-0.500000
3997.505010,0.001429,0.046671,-2.270000,-0.520000
3997.604976,-0.006585,0.048546,-2.270000,-0.520000
3997.704973,-0.004252,0.048279,-2.230000,-0.450000
3997.804982,-0.002659,0.042423,-2.210000,-0.460000
3997.905008,-0.034603,0.040049,-2.120000,-0.480000
3998.005007,-0.056623,0.063701,-2.050000,-0.480000
3998.104994,-0.021599,0.086186,-1.950000,-0.560000
3998.204988,-0.043917,0.087949,-1.890000,-0.560000
3998.305003,-0.021515,0.036414,-1.880000,-0.640000
3998.404978,-0.036912,0.058074,-1.940000,-0.690000
3998.504974,-0.034751,0.035848,-2.030000,-0.560000
3998.605020,-0.037472,0.041783,-2.120000,-0.400000
3998.704977,-0.061803,0.037175,-2.240000,-0.450000
3998.805040,-0.027838,0.043559,-2.460000,-0.500000
3998.905008,-0.044961,0.077292,-2.770000,-0.460000
3999.004985,-0.034098,0.082757,-2.750000,-0.340000
3999.105002,-0.038108,0.045792,-2.650000,0.020000
3999.204990,-0.024325,0.098369,-2.710000,0.160000
3999.305012,-0.055842,0.122255,-2.830000,0.220000
3999.404974,-0.045299,0.096029,-2.870000,0.050000
3999.504998,-0.069492,0.136188,-2.580000,-0.220000
3999.604989,-0.051233,0.088496,-2.390000,-0.570000
3999.705004,-0.065335,0.126373,-2.370000,-0.610000
3999.805030,-0.069007,0.112208,-2.270000,-0.610000
3999.905009,-0.037163,0.137345,-2.360000,-0.570000
4000.005021,-0.062412,0.135487,-2.340000,-0.430000
4000.104998,-0.062273,0.113900,-2.390000,-0.280000
4000.205033,-0.047978,0.143746,-2.230000,-0.180000
4000.304979,-0.064294,0.132224,-2.190000,-0.230000
4000.404972,-0.036586,0.124676,-2.280000,-0.370000
4000.504973,-0.088568,0.122876,-2.250000,-0.690000
4000.604982,-0.049116,0.138234,-2.340000,-1.030000
4000.704977,-0.017531,0.119575,-2.300000,-1.100000
4000.804998,-0.038540,0.110141,-2.220000,-1.010000
4000.905009,-0.037106,0.104941,-2.170000,-1.040000
4001.004984,-0.008009,0.079208,-2.250000,-1.070000
4001.105002,-0.005813,0.108576,-2.350000,-1.070000
4001.204995,0.007338,0.077813,-2.350000,-1.060000
4001.305003,-0.002632,0.050682,-2.370000,-0.870000
4001.404999,0.020151,0.069560,-2.470000,-0.880000
4001.504986,0.047915,0.069181,-2.540000,-0.880000
4001.605002,0.029112,0.049216,-2.300000,-0.870000
4001.705011,0.044320,0.040038,-2.070000,-0.950000
4001.805012,0.063971,0.044178,-1.880000,-0.810000
4001.904976,0.034918,0.043836,-1.780000,-0.960000
4002.004975,0.065853,0.010377,-1.540000,-1.000000
4002.104979,0.010465,0.000810,-1.440000,-1.230000
4002.205004,0.051149,-0.009856,-1.510000,-1.110000
4002.305037,0.042654,0.002761,-1.420000,-0.940000
4002.405023,0.032692,-0.037265,-1.430000,-0.960000
4002.504991,0.053059,-0.040886,-1.210000,-1.010000
4002.605004,0.002745,-0.047451,-1.290000,-1.100000
4002.704995,0.020929,-0.061440,-1.230000,-0.950000
4002.804999,-0.035073,-0.069315,-1.420000,-0.860000
4002.905005,0.024710,-0.081242,-1.570000,-0.640000
4003.005015,-0.031750,-0.080175,-1.610000,-0.380000
4003.105016,0.009050,-0.092362,-1.680000,-0.140000
4003.205025,-0.017129,-0.062896,-1.730000,-0.200000
4003.305002,0.008346,-0.086518,-1.790000,-0.420000
4003.404988,0.006074,-0.065933,-1.580000,-0.810000
4003.504974,0.019092,-0.075920,-1.490000,-0.800000
4003.604976,-0.011809,-0.084565,-1.370000,-0.730000
4003.705007,-0.027172,-0.097308,-1.190000,-0.740000
4003.804997,-0.041176,-0.109059,-1.090000,-0.810000
4003.905002,-0.043808,-0.107189,-1.160000,-0.940000
4004.005013,-0.022733,-0.122277,-1.330000,-0.870000
4004.105022,-0.021784,-0.153038,-1.400000,-0.700000
4004.204971,-0.013645,-0.161461,-1.510000,-0.390000
4004.305008,-0.014322,-0.141867,-1.380000,-0.210000
4004.405043,-0.011111,-0.127100,-1.230000,-0.150000
4004.505022,-0.011768,-0.124870,-1.160000,0.040000
4004.605010,-0.031907,-0.120022,-0.980000,0.300000
4004.705042,-0.040479,-0.115390,-0.770000,0.480000
4004.805006,-0.052022,-0.119827,-0.630000,0.430000
4004.905008,-0.063508,-0.102050,-0.660000,0.340000
4005.005016,-0.044411,-0.081325,-0.630000,0.130000
4005.104991,-0.056814,-0.070236,-0.770000,0.080000
4005.205004,-0.047022,-0.079358,-0.970000,0.120000
4005.305005,-0.066304,-0.096616,-0.860000,-0.250000
4005.405013,-0.110191,-0.094105,-0.340000,-0.570000
4005.504975,-0.143483,-0.069986,0.210000,-0.690000
4005.605004,-0.142272,-0.073880,0.980000,-0.540000
4005.705001,-0.183076,-0.068531,1.620000,-0.010000
4005.804999,-0.229682,-0.068460,2.180000,0.380000
4005.905012,-0.318941,-0.048670,2.690000,0.640000
4006.004975,-0.415858,-0.009071,3.390000,0.430000
4006.104975,-0.460731,-0.011057,3.810000,0.020000
4006.204981,-0.534919,0.033553,4.220000,-0.510000
4006.305023,-0.645506,0.059146,4.530000,-0.990000
4006.405025,-0.730237,0.032512,4.840000,-1.300000
4006.505004,-0.871600,0.047621,5.170000,-1.540000
4006.604994,-1.001287,0.056784,5.640000,-1.780000
4006.704993,-1.115440,0.049296,6.010000,-1.730000
4006.805047,-1.228878,0.028996,6.430000,-1.930000
4006.905005,-1.353747,0.045321,6.990000,-2.180000
4007.005010,-1.507534,0.035572,7.510000,-2.340000
4007.105009,-1.681544,-0.011866,7.940000,-2.580000
4007.205003,-1.846657,0.003094,8.480000,-2.570000
4007.304977,-2.006692,0.002619,9.120000,-2.270000
4007.405007,-2.197136,-0.000873,9.680000,-2.150000
4007.505043,-2.387007,0.012933,10.330000,-2.190000
4007.604976,-2.586222,0.000813,10.870000,-2.300000
4007.705001,-2.769680,0.016208,11.320000,-2.570000
4007.805003,-2.964658,0.019260,11.470000,-2.760000
4007.904976,-3.191320,0.012978,11.330000,-2.850000
4008.004977,-3.414907,0.015361,10.890000,-2.630000
4008.104997,-3.630128,0.011146,10.400000,-2.580000
4008.205007,-3.789624,0.027843,9.910000,-2.730000
4008.304979,-3.946099,0.028716,9.400000,-2.830000
4008.405000,-4.123523,0.019155,8.980000,-2.680000
4008.504985,-4.265039,0.006690,8.490000,-2.580000
4008.605015,-4.414333,-0.030808,8.210000,-2.430000
4008.705036,-4.528525,-0.006922,8.080000,-2.260000
4008.805004,-4.667811,-0.018866,8.090000,-2.420000
4008.905002,-4.757585,-0.030517,7.810000,-2.490000
4009.005028,-4.881729,-0.012043,7.680000,-2.260000
4009.105001,-5.017377,-0.053846,7.740000,-2.230000
4009.204984,-5.087858,-0.028489,7.470000,-2.380000
4009.304999,-5.189834,-0.046638,7.330000,-2.390000
4009.405005,-5.251501,-0.045789,7.200000,-1.940000
4009.504995,-5.348110,-0.071412,7.290000,-1.810000
4009.604984,-5.418336,-0.068191,7.320000,-1.670000
4009.704976,-5.522497,-0.060019,6.930000,-1.400000
4009.805000,-5.634452,-0.044913,6.370000,-0.480000
4009.904979,-5.704047,-0.032508,5.910000,-0.270000
4010.005000,-5.724554,-0.022882,5.120000,-0.200000
4010.104999,-5.736692,-0.005682,4.390000,-0.660000
4010.204997,-5.784423,0.020667,4.130000,-0.650000
4010.305013,-5.787933,0.060649,3.700000,-0.320000
4010.405004,-5.805941,0.063905,3.110000,-0.260000
4010.504982,-5.842120,0.008508,2.810000,-0.510000
4010.605003,-5.820336,0.022660,2.610000,-0.940000
4010.705000,-5.840416,0.081578,2.630000,-0.790000
4010.805020,-5.891354,0.062004,2.790000,-0.720000
4010.905002,-5.905559,0.011695,3.290000,-0.610000
4011.005003,-5.855633,0.041738,3.340000,-0.290000
4011.105001,-5.911682,0.081737,3.180000,0.010000
4011.204974,-5.898428,0.096846,3.120000,-0.240000
4011.305010,-5.910996,0.080711,3.040000,-0.520000
4011.405003,-5.884939,0.136426,3.030000,-1.070000
4011.504972,-5.913077,0.121802,3.210000,-1.520000
4011.605000,-5.944282,0.104341,3.020000,-1.370000
4011.705018,-5.970211,0.097061,2.770000,-1.400000
4011.805002,-5.964297,0.049048,2.450000,-1.410000
4011.905006,-5.963014,0.038040,2.510000,-1.110000
4012.005013,-5.961111,0.072904,2.520000,-1.290000
4012.105001,-5.927124,0.084488,2.250000,-1.530000
4012.204975,-5.902984,0.060288,1.950000,-1.650000
4012.304987,-5.887186,0.092768,1.640000,-1.790000
4012.405010,-5.923498,0.066521,1.820000,-1.910000
4012.505001,-5.885394,0.017193,2.050000,-1.560000
4012.605025,-5.872512,0.045089,2.200000,-1.490000
4012.705034,-5.888610,0.077636,2.100000,-1.370000
4012.804999,-5.829105,-0.010002,1.920000,-1.360000
4012.904981,-5.816000,0.041256,2.040000,-1.710000
4013.005011,-5.838607,-0.041024,2.290000,-1.730000
4013.105000,-5.857712,-0.028022,2.970000,-1.570000
4013.205003,-5.885013,-0.018827,3.470000,-1.510000
4013.305038,-5.831681,-0.017373,4.200000,-1.270000
4013.405007,-5.843785,-0.012593,4.740000,-1.150000
4013.505002,-5.887229,0.033571,4.810000,-0.930000
4013.605003,-5.921571,0.048790,4.110000,-0.650000
4013.704981,-5.940074,0.048581,3.610000,-0.510000
4013.804974,-5.946329,0.032574,3.180000,-0.510000
4013.904994,-5.921945,0.037673,2.720000,-0.720000
4014.004998,-5.979088,0.084262,2.520000,-0.810000
4014.105002,-5.914854,-0.020014,2.310000,-1.010000
4014.204988,-5.942970,0.097533,2.370000,-1.020000
4014.305005,-5.911838,0.035098,2.560000,-1.000000
4014.405032,-5.977428,0.070482,2.800000,-1.250000
4014.505009,-5.974411,0.018471,2.950000,-1.450000
4014.605003,-5.965298,0.066676,3.070000,-2.020000
4014.705005,-5.941365,-0.002286,3.110000,-1.750000
4014.805010,-5.917340,0.031251,2.770000,-1.490000
4014.904995,-5.919452,0.001033,2.400000,-0.350000
4015.005019,-5.925418,0.035061,2.450000,0.000000
4015.105029,-5.942296,0.017743,2.300000,0.510000
4015.204975,-5.951856,0.026992,2.490000,0.040000
4015.305003,-5.884072,0.084403,2.060000,-0.550000
4015.405031,-5.874990,0.011905,2.220000,-0.500000
4015.505008,-5.847878,0.066723,2.340000,-1.060000
4015.604985,-5.865597,0.026649,2.780000,-1.350000
4015.705015,-5.877609,0.034219,3.370000,-1.410000
4015.805001,-5.904386,0.039164,3.260000,-1.230000
4015.905005,-5.940099,0.007269,2.340000,-0.380000
4016.005020,-5.948034,-0.007134,0.720000,0.820000
4016.105003,-5.873905,-0.036357,-1.000000,1.920000
4016.204995,-5.788085,0.010833,-2.610000,2.730000
4016.305006,-5.714365,0.079559,-3.920000,3.190000
4016.405036,-5.632991,0.125209,-5.130000,2.890000
4016.505005,-5.470585,0.087251,-6.250000,2.540000
4016.604991,-5.339070,0.103466,-7.090000,2.030000
4016.704980,-5.138200,0.117257,-7.910000,1.910000
4016.804992,-4.997487,0.106217,-8.630000,2.240000
4016.905001,-4.837679,0.126240,-9.440000,3.030000
4017.004978,-4.662499,0.067001,-9.760000,3.170000
4017.105020,-4.413409,0.131505,-10.190000,3.260000
4017.205005,-4.245618,0.130130,-10.210000,2.800000
4017.304997,-4.014243,0.069994,-10.330000,2.620000
4017.404973,-3.867405,0.100945,-10.470000,2.520000
4017.505000,-3.634908,0.081553,-10.960000,2.750000
4017.605007,-3.411478,0.048157,-11.480000,3.290000
4017.705007,-3.190270,0.066283,-12.140000,4.010000
4017.804975,-2.979443,0.057595,-12.290000,3.900000
4017.904982,-2.723131,0.076852,-12.300000,3.450000
4018.004981,-2.517242,0.036740,-12.800000,2.910000
4018.104998,-2.303156,0.016749,-13.740000,2.760000
4018.205000,-2.092738,0.020967,-14.340000,2.750000
4018.305002,-1.814654,0.007827,-14.490000,2.910000
4018.404991,-1.565188,-0.030451,-14.360000,2.780000
4018.505010,-1.329292,-0.033307,-14.160000,2.520000
4018.605038,-1.079756,-0.064842,-14.000000,2.390000
4018.705004,-0.851830,-0.065544,-13.670000,2.340000
4018.805015,-0.627466,-0.099568,-13.210000,2.450000
4018.904984,-0.429919,-0.095292,-12.720000,2.470000
4019.005004,-0.228233,-0.122740,-12.310000,2.500000
4019.105000,-0.030416,-0.108494,-12.060000,2.700000
4019.205003,0.172062,-0.107035,-12.090000,2.850000
4019.304976,0.330985,-0.111820,-12.180000,2.910000
4019.405040,0.505362,-0.133415,-12.150000,2.560000
4019.505005,0.684611,-0.120776,-12.280000,2.010000
4019.604975,0.881556,-0.140077,-12.560000,1.290000
4019.705003,1.058345,-0.174686,-12.910000,0.980000
4019.805025,1.208493,-0.221113,-13.130000,0.780000
4019.905025,1.366878,-0.251033,-13.420000,0.930000
4020.004974,1.598059,-0.304222,-13.620000,1.040000
4020.105009,1.773648,-0.327126,-13.730000,1.250000
4020.204978,1.954710,-0.360297,-13.980000,1.450000
4020.304978,2.117833,-0.402348,-14.340000,1.360000
4020.405012,2.312206,-0.448554,-15.090000,1.800000
4020.505002,2.549853,-0.506149,-15.550000,1.580000
4020.605002,2.769397,-0.524120,-15.970000,1.740000
4020.705008,2.947776,-0.587297,-16.150000,1.750000
4020.805019,3.174008,-0.586664,-15.820000,1.900000
4020.905015,3.391732,-0.633952,-15.350000,1.980000
4021.004992,3.600152,-0.656364,-14.600000,1.930000
4021.104999,3.730750,-0.669753,-13.930000,1.420000
4021.204998,3.914917,-0.728388,-13.550000,0.950000
4021.304982,4.044445,-0.780524,-13.120000,0.740000
4021.405005,4.226001,-0.772582,-12.530000,1.120000
4021.504972,4.328553,-0.806256,-11.990000,1.680000
4021.605041,4.473577,-0.834157,-11.620000,1.600000
4021.705000,4.585042,-0.838710,-11.690000,1.210000
4021.805002,4.629655,-0.839945,-11.880000,1.080000
4021.905010,4.722644,-0.901225,-11.590000,0.670000
4022.004979,4.840937,-0.902746,-11.300000,0.580000
4022.104998,4.944702,-0.911196,-11.500000,0.870000
4022.204998,5.051716,-0.920154,-11.880000,0.940000
4022.305068,5.125465,-0.901454,-11.740000,0.770000
4022.405011,5.140749,-0.962530,-11.120000,0.700000
4022.505009,5.240765,-1.021246,-10.630000,0.550000
4022.604995,5.352276,-0.999719,-10.090000,0.680000
4022.705010,5.421403,-0.973001,-9.820000,0.570000
4022.805032,5.475891,-0.995666,-9.520000,0.940000
4022.904989,5.548435,-0.950757,-9.200000,1.280000
4023.005014,5.556842,-0.916767,-8.570000,0.680000
4023.105010,5.524140,-1.039086,-7.420000,-0.420000
4023.204994,5.645903,-1.027706,-6.870000,-1.070000
4023.305000,5.632289,-0.998703,-6.310000,-1.310000
4023.405006,5.553329,-1.042534,-5.310000,-0.360000
4023.505003,5.544165,-1.091896,-5.140000,-0.140000
4023.605003,5.571224,-1.133379,-6.000000,-0.050000
4023.705010,5.532944,-1.021538,-7.080000,0.300000
4023.804999,5.629376,-0.970735,-8.080000,0.340000
4023.905014,5.667196,-1.054416,-8.960000,-0.560000
4024.004980,5.709870,-1.036582,-9.190000,-1.200000
4024.105028,5.774524,-1.049306,-9.190000,-2.000000
4024.204992,5.686840,-1.105687,-9.080000,-2.110000
4024.305026,5.765687,-1.143362,-8.840000,-1.870000
4024.405009,5.822359,-1.187168,-8.320000,-1.330000
4024.504997,5.871455,-1.193760,-7.880000,-0.600000
4024.604995,5.896936,-1.249233,-7.760000,-0.170000
4024.705015,5.908207,-1.221083,-7.450000,-0.080000
4024.805004,5.879406,-1.201306,-7.050000,-0.160000
4024.905007,5.868783,-1.232684,-6.810000,-0.120000
4025.004999,5.874710,-1.246338,-6.570000,0.010000
4025.105006,5.880627,-1.201844,-6.180000,0.010000
4025.205001,5.894831,-1.187528,-5.970000,-0.100000
4025.305001,5.878284,-1.177117,-5.850000,-0.150000
4025.404981,5.888512,-1.175176,-5.730000,-0.510000
4025.504991,5.889015,-1.171890,-5.640000,-1.200000
4025.605021,5.851005,-1.192298,-5.790000,-1.100000
4025.705010,5.803675,-1.246242,-5.690000,-0.960000
4025.804973,5.818394,-1.233672,-5.490000,-1.020000
4025.905005,5.780339,-1.191082,-5.520000,-0.310000
4026.005006,5.709789,-1.195526,-5.370000,0.320000
4026.104975,5.722212,-1.180256,-5.180000,0.590000
4026.204980,5.739741,-1.156615,-5.320000,0.660000
4026.305007,5.665345,-1.183298,-5.420000,0.680000
4026.405012,5.645796,-1.168378,-5.610000,0.820000
4026.504994,5.627846,-1.107248,-6.210000,0.960000
4026.605002,5.638566,-1.171374,-6.400000,0.840000
4026.705010,5.646767,-1.105114,-6.280000,0.520000
4026.805004,5.651234,-1.121961,-6.460000,0.580000
4026.904977,5.666668,-1.082319,-7.250000,1.030000
4027.004985,5.699113,-1.039241,-7.790000,0.710000
4027.105003,5.663545,-1.048088,-8.050000,0.390000
4027.204986,5.617896,-1.062545,-7.790000,-0.080000
4027.305040,5.654377,-1.104975,-7.450000,-0.370000
4027.405030,5.728822,-1.090684,-7.380000,-0.290000
4027.505010,5.659012,-1.151915,-7.210000,-0.230000
4027.605007,5.731162,-1.145088,-7.180000,-0.270000
4027.705011,5.752255,-1.095805,-7.320000,0.310000
4027.804998,5.694672,-1.099981,-7.110000,0.640000
4027.904976,5.722467,-1.099781,-7.100000,0.860000
4028.004991,5.808572,-1.123834,-7.460000,0.810000
4028.105001,5.810428,-1.099057,-7.580000,0.280000
4028.204999,5.769606,-1.132973,-7.300000,0.040000
4028.305006,5.800235,-1.127955,-6.910000,0.120000
4028.405005,5.821856,-1.091600,-6.700000,0.900000
4028.504976,5.760723,-1.146988,-6.380000,1.740000
4028.604978,5.765430,-1.180659,-6.160000,2.020000
4028.705011,5.772313,-1.198815,-6.010000,1.800000
4028.805003,5.807128,-1.164983,-5.980000,1.600000
4028.905002,5.816465,-1.073227,-5.910000,1.390000
4029.005051,5.794136,-1.002726,-5.910000,1.480000
4029.105012,5.724631,-1.039547,-6.160000,1.870000
4029.205002,5.774352,-1.044635,-6.430000,2.260000
4029.305002,5.785945,-0.967166,-6.660000,2.200000
4029.405002,5.810620,-0.926933,-6.910000,1.600000
4029.505022,5.778753,-0.916568,-7.170000,1.020000
4029.604985,5.744102,-0.951655,-7.160000,0.470000
4029.704976,5.788411,-0.978855,-6.920000,0.000000
4029.804999,5.800475,-0.950789,-6.790000,-0.160000
4029.905027,5.741179,-1.024791,-7.080000,0.160000
4030.005014,5.778958,-1.026047,-7.220000,0.250000
4030.104998,5.813871,-0.997571,-7.190000,0.150000
4030.205003,5.826349,-0.991902,-7.110000,0.170000
4030.304976,5.830563,-0.966164,-6.760000,0.370000
4030.404996,5.800499,-0.951264,-6.620000,0.160000
4030.505025,5.813413,-0.953914,-6.470000,-0.620000
4030.605003,5.833354,-0.959242,-6.650000,-1.170000
4030.705006,5.865663,-0.994300,-6.750000,-1.510000
4030.804984,5.858353,-1.010042,-6.850000,-1.470000
4030.904999,5.855523,-1.052070,-6.870000,-1.300000
4031.004981,5.833831,-1.054413,-6.750000,-1.600000
4031.105010,5.855526,-1.077250,-6.680000,-1.860000
4031.205002,5.867485,-1.099655,-6.600000,-2.050000
4031.305031,5.879544,-1.098460,-6.500000,-1.670000
4031.405035,5.867469,-1.148832,-6.380000,-1.120000
4031.505000,5.829237,-1.150577,-5.990000,-0.770000
4031.604981,5.822011,-1.161329,-5.710000,-0.600000
4031.704983,5.834415,-1.220433,-5.630000,0.000000
4031.804993,5.873264,-1.126322,-5.390000,0.710000
4031.904978,5.863162,-1.124860,-5.500000,0.700000
4032.004984,5.868858,-1.069526,-5.670000,0.190000
4032.105000,5.812954,-1.119694,-5.930000,-0.840000
4032.204975,5.805753,-1.152199,-6.410000,-1.620000
4032.305017,5.834088,-1.145875,-6.540000,-1.890000
4032.405003,5.868492,-1.132357,-6.550000,-1.620000
4032.504972,5.858082,-1.112256,-6.660000,-1.230000
4032.604975,5.802526,-1.185321,-6.370000,-0.670000
4032.704978,5.795372,-1.218806,-6.240000,-0.220000
4032.805004,5.809234,-1.193917,-6.080000,0.010000
4032.905006,5.849072,-1.209607,-5.860000,0.110000
4033.005047,5.880050,-1.199818,-5.780000,0.470000
4033.105007,5.838706,-1.143044,-5.770000,0.660000
4033.204975,5.760831,-1.189696,-5.800000,0.640000
4033.305005,5.780715,-1.185439,-5.770000,0.860000
4033.405003,5.764520,-1.168095,-5.990000,0.720000
4033.504988,5.816770,-1.160323,-6.170000,0.870000
4033.605016,5.811917,-1.139115,-6.330000,0.480000
4033.705028,5.834663,-1.183876,-6.210000,0.260000
4033.805060,5.835953,-1.110583,-5.980000,-0.250000
4033.905008,5.825288,-1.108289,-6.420000,-0.440000
4034.005005,5.762589,-1.185030,-6.820000,-0.320000
4034.105011,5.788526,-1.204631,-7.110000,-0.120000
4034.205023,5.830406,-1.180188,-6.820000,0.060000
4034.305003,5.852494,-1.137850,-6.380000,0.630000
4034.405003,5.824730,-1.129518,-6.550000,1.230000
4034.505003,5.792395,-1.155474,-6.520000,1.340000
4034.605009,5.809918,-1.172408,-6.530000,1.130000
4034.705007,5.872803,-1.094185,-6.680000,1.130000
4034.805011,5.855944,-1.062901,-6.280000,1.010000
4034.904999,5.826083,-1.061667,-6.080000,0.810000
4035.005007,5.851964,-1.059687,-6.330000,0.730000
4035.105008,5.869355,-1.058287,-6.430000,0.740000
4035.204999,5.907337,-1.034192,-6.600000,0.860000
4035.305007,5.895709,-1.028199,-6.550000,0.770000
4035.404987,5.852899,-1.032600,-6.460000,0.400000
4035.505001,5.845798,-1.060996,-6.500000,-0.040000
4035.604994,5.865839,-1.115086,-6.580000,-0.470000
4035.704975,5.887622,-1.122864,-6.980000,-0.400000
4035.804999,5.877758,-1.137998,-6.830000,0.000000
4035.905012,5.847332,-1.091393,-6.320000,0.310000
4036.005004,5.816059,-1.079717,-5.910000,0.690000
4036.105005,5.848516,-1.102946,-5.780000,1.310000
4036.205001,5.907450,-1.077733,-6.330000,1.680000
4036.305010,5.884026,-1.007120,-7.160000,1.440000
4036.405031,5.874518,-1.038228,-7.580000,1.160000
4036.504997,5.860151,-1.063920,-7.340000,0.990000
4036.605006,5.846510,-1.085549,-7.270000,0.740000
4036.704977,5.900622,-1.079081,-7.260000,0.740000
4036.805000,5.917013,-1.069881,-6.870000,1.060000
4036.904981,5.922450,-1.037585,-6.420000,1.430000
4037.004976,5.956575,-0.994570,-6.440000,1.480000
4037.105005,5.933825,-1.025246,-6.880000,1.400000
4037.204984,5.910868,-1.069672,-6.680000,1.250000
4037.305024,5.849388,-1.112939,-6.440000,1.050000
4037.405010,5.885774,-1.151884,-6.670000,1.400000
4037.504998,5.878887,-1.107781,-6.720000,1.200000
4037.605007,5.931136,-1.049004,-6.800000,1.380000
4037.704975,5.942442,-1.025299,-6.590000,1.680000
4037.805000,5.908609,-1.021294,-6.190000,1.870000
4037.905004,5.902514,-1.045295,-6.110000,2.020000
4038.004997,5.922157,-1.005518,-6.290000,1.820000
4038.104975,5.933725,-0.992132,-5.820000,1.370000
4038.204983,5.920226,-0.965279,-4.790000,0.880000
4038.304976,5.873500,-0.952545,-3.670000,0.510000
4038.405008,5.799471,-0.942826,-2.620000,0.100000
4038.504986,5.696684,-0.944436,-1.840000,-0.280000
4038.604975,5.614125,-0.934505,-1.440000,-0.270000
4038.704984,5.557599,-0.921038,-0.810000,-0.160000
4038.805008,5.466444,-0.915056,-0.120000,-0.020000
4038.905002,5.363307,-0.913090,0.520000,-0.150000
4039.004976,5.239122,-0.920003,1.270000,-0.270000
4039.105025,5.097699,-0.855491,2.060000,-0.310000
4039.204981,4.889601,-0.830084,2.510000,-0.580000
4039.305007,4.738823,-0.862449,3.060000,-1.040000
4039.404974,4.639663,-0.803986,3.200000,-1.100000
4039.505004,4.489276,-0.783018,3.200000,-1.200000
4039.605052,4.328892,-0.778651,3.280000,-1.280000
4039.704998,4.175453,-0.780986,3.650000,-1.540000
4039.804977,4.043761,-0.727423,4.370000,-1.750000
4039.904978,3.854666,-0.710657,5.510000,-1.830000
4040.005021,3.629478,-0.696302,6.780000,-1.970000
4040.104993,3.412624,-0.672964,7.880000,-1.900000
4040.204998,3.202870,-0.642848,8.640000,-1.450000
4040.305021,2.908571,-0.627039,9.530000,-0.940000
4040.405010,2.672962,-0.588704,9.980000,-0.340000
4040.504974,2.458181,-0.522404,10.220000,-0.250000
4040.605010,2.197161,-0.464211,10.670000,-1.070000
4040.705004,1.949782,-0.448836,10.850000,-2.360000
4040.805028,1.705625,-0.434016,9.730000,-3.560000
4040.905024,1.463339,-0.421597,8.330000,-4.090000
4041.005009,1.332387,-0.461250,6.760000,-3.800000
4041.105004,1.117597,-0.486351,5.230000,-3.740000
4041.205027,0.980526,-0.502393,3.550000,-3.490000
4041.305000,0.904896,-0.557315,2.340000,-3.190000
4041.405004,0.770209,-0.566732,1.970000,-3.240000
4041.504997,0.694558,-0.599541,2.050000,-3.740000
4041.604976,0.622471,-0.660422,2.270000,-4.330000
4041.704983,0.478136,-0.691951,2.220000,-5.290000
4041.805041,0.433214,-0.788035,1.980000,-6.220000
4041.904980,0.313298,-0.855495,1.780000,-6.940000
4042.004974,0.191550,-0.969142,1.640000,-7.900000
4042.105024,0.127972,-1.067013,1.300000,-8.690000
4042.204997,0.046652,-1.201134,0.880000,-9.550000
4042.305004,-0.062895,-1.331513,0.290000,-10.290000
4042.404978,-0.150005,-1.479074,-0.160000,-11.010000
4042.505019,-0.201407,-1.648597,-0.670000,-11.630000
4042.604986,-0.245465,-1.792309,-1.050000,-12.040000
4042.704988,-0.316035,-1.988111,-1.300000,-12.190000
4042.804999,-0.380359,-2.166146,-1.390000,-12.240000
4042.904980,-0.433136,-2.366175,-1.500000,-12.110000
4043.005028,-0.492778,-2.548056,-1.700000,-11.730000
4043.104997,-0.542138,-2.703447,-1.910000,-11.010000
4043.204981,-0.605551,-2.862062,-2.100000,-10.130000
4043.305000,-0.642066,-2.981966,-2.330000,-9.440000
4043.405001,-0.643651,-3.090007,-2.700000,-8.900000
4043.504998,-0.655780,-3.229925,-2.710000,-8.420000
4043.605005,-0.686928,-3.320383,-2.580000,-7.820000
4043.705000,-0.723228,-3.428611,-2.470000,-7.440000
4043.805000,-0.717135,-3.502071,-2.510000,-6.930000
4043.904994,-0.768273,-3.567893,-2.440000,-6.170000
4044.005018,-0.778987,-3.618479,-2.350000,-5.740000
4044.105001,-0.744907,-3.688646,-2.420000,-5.540000
4044.204999,-0.776279,-3.715712,-2.700000,-5.270000
4044.305000,-0.737222,-3.745312,-2.980000,-5.130000
4044.405003,-0.787215,-3.797194,-2.850000,-4.860000
4044.505004,-0.835612,-3.829690,-2.840000,-4.760000
4044.605008,-0.813522,-3.889104,-2.730000,-4.830000
4044.704989,-0.848110,-3.938866,-2.610000,-4.760000
4044.805003,-0.854491,-3.941513,-2.800000,-4.240000
4044.905006,-0.817670,-3.950244,-3.240000,-3.540000
4045.004981,-0.863230,-3.964320,-3.480000,-3.190000
4045.104973,-0.896786,-3.941755,-3.560000,-3.000000
4045.205013,-0.854371,-3.973984,-3.480000,-3.070000
4045.305004,-0.875082,-3.995824,-3.270000,-3.060000
4045.405007,-0.840762,-3.993757,-3.230000,-2.650000
4045.505005,-0.834841,-3.955858,-3.260000,-2.150000
4045.605022,-0.836127,-3.898098,-3.530000,-1.670000
4045.705010,-0.861660,-3.900365,-3.830000,-1.080000
4045.805009,-0.828040,-3.879062,-4.160000,-0.300000
4045.905004,-0.789893,-3.843680,-4.360000,0.330000
4046.005006,-0.675144,-3.801644,-4.500000,0.670000
4046.105025,-0.663342,-3.747827,-4.300000,1.010000
4046.205028,-0.658752,-3.671755,-3.990000,1.350000
4046.305012,-0.654094,-3.570636,-3.670000,2.110000
4046.405005,-0.587481,-3.490426,-3.470000,3.050000
4046.504987,-0.575300,-3.427453,-2.940000,3.940000
4046.605029,-0.558326,-3.326972,-2.420000,4.540000
4046.704980,-0.524819,-3.189577,-2.090000,5.250000
4046.805008,-0.467573,-3.050235,-2.070000,6.170000
4046.904989,-0.461505,-2.898648,-2.000000,6.880000
4047.005010,-0.448976,-2.752747,-1.780000,7.820000
4047.105004,-0.406744,-2.553761,-1.220000,9.420000
4047.205005,-0.373033,-2.349056,-0.460000,11.100000
4047.305030,-0.362351,-2.103615,0.250000,11.950000
4047.405004,-0.349636,-1.849104,0.780000,11.900000
4047.505011,-0.377450,-1.630805,1.170000,11.000000
4047.605006,-0.402128,-1.424640,1.290000,9.950000
4047.704975,-0.402762,-1.214162,1.660000,9.080000
4047.805055,-0.427756,-1.038039,2.220000,8.010000
4047.905016,-0.439135,-0.843368,2.790000,7.190000
4048.005010,-0.499842,-0.703678,3.240000,6.410000
4048.104997,-0.576050,-0.547308,3.820000,5.780000
4048.205001,-0.655277,-0.432424,4.290000,5.080000
4048.304989,-0.726988,-0.297900,4.750000,4.470000
4048.404977,-0.845384,-0.189524,5.150000,3.810000
4048.505011,-0.931686,-0.101999,5.680000,3.230000
4048.604993,-1.073416,-0.024236,6.160000,2.680000
4048.705025,-1.185796,0.031999,6.640000,2.230000
4048.805002,-1.330820,0.115245,7.170000,1.670000
4048.904974,-1.473604,0.178878,7.760000,1.230000
4049.004975,-1.637686,0.227611,8.420000,0.780000
4049.105004,-1.803511,0.269154,9.060000,0.380000
4049.205001,-1.981997,0.313712,9.540000,0.180000
4049.304982,-2.153869,0.363465,9.880000,-0.070000
4049.405026,-2.343876,0.396028,10.110000,-0.300000
4049.505000,-2.545715,0.417639,10.350000,-0.360000
4049.604975,-2.743952,0.465428,10.640000,-0.150000
4049.704998,-2.932784,0.504495,10.910000,-0.030000
4049.804995,-3.147208,0.529366,11.040000,-0.080000
4049.905000,-3.346269,0.569704,11.020000,-0.260000
4050.005005,-3.565130,0.601493,10.750000,-0.440000
4050.105004,-3.765290,0.623042,9.980000,-0.680000
4050.205001,-3.889892,0.660591,8.790000,-0.450000
4050.305005,-4.062680,0.678796,8.030000,-0.270000
4050.405008,-4.200284,0.706789,7.610000,0.240000
4050.505015,-4.342420,0.716554,7.590000,0.420000
4050.604978,-4.429254,0.806121,7.230000,0.930000
4050.705041,-4.521190,0.801739,6.980000,1.030000
4050.804992,-4.635556,0.861480,6.880000,1.110000
4050.905009,-4.744406,0.885353,7.110000,0.540000
4051.004992,-4.853947,0.938396,7.010000,-0.160000
4051.105016,-4.920384,0.928877,6.820000,-0.620000
4051.205005,-5.003609,0.947160,6.800000,-1.150000
4051.305002,-5.053295,0.935798,6.550000,-1.470000
4051.404985,-5.167195,0.949035,6.250000,-1.450000
4051.504995,-5.216586,0.964636,5.790000,-0.740000
4051.605009,-5.313606,0.884217,5.690000,-0.410000
4051.704991,-5.364194,0.924564,5.370000,-0.240000
4051.805001,-5.422972,0.950806,5.160000,-0.160000
4051.904972,-5.521572,0.928386,4.810000,-0.540000
4052.005003,-5.561132,0.925413,4.470000,-0.960000
4052.105012,-5.534002,0.957926,4.260000,-1.100000
4052.204975,-5.608107,0.908110,4.310000,-0.850000
4052.305019,-5.632005,0.837804,4.170000,-0.310000
4052.404976,-5.644990,0.868379,3.460000,0.590000
4052.505007,-5.741980,0.943718,3.230000,1.550000
4052.605004,-5.647467,0.888466,3.210000,1.970000
4052.704977,-5.717626,0.960761,3.480000,2.020000
4052.805007,-5.729833,0.949632,3.850000,1.710000
4052.905012,-5.735314,1.009735,3.710000,1.490000
4053.004981,-5.740383,1.027664,3.610000,1.220000
4053.104973,-5.843499,1.019983,3.430000,1.380000
4053.205000,-5.785064,1.072007,3.290000,1.370000
4053.304984,-5.823714,1.067219,3.220000,1.410000
4053.405003,-5.791771,1.054639,2.730000,1.620000
4053.505012,-5.862712,1.130212,2.560000,1.660000
4053.605004,-5.762827,1.134563,2.480000,1.830000
4053.705008,-5.783647,1.134284,2.600000,1.610000
4053.804972,-5.813565,1.128756,2.180000,1.530000
4053.905007,-5.784422,1.171248,1.590000,0.840000
4054.005008,-5.744678,1.209805,1.410000,0.540000
4054.105008,-5.761631,1.226531,1.670000,0.070000
4054.205033,-5.764180,1.169840,2.150000,-0.150000
4054.304984,-5.737691,1.193823,2.580000,0.220000
4054.405007,-5.783620,1.114620,2.980000,0.470000
4054.505017,-5.708220,1.104925,2.880000,0.440000
4054.605001,-5.769270,1.155561,2.980000,0.340000
4054.705004,-5.724332,1.079633,2.950000,0.180000
4054.805002,-5.806728,1.069617,3.140000,0.270000
4054.904991,-5.800984,1.121843,3.150000,0.560000
4055.005015,-5.781471,1.059779,3.080000,1.640000
4055.105012,-5.798108,1.120862,2.910000,2.570000
4055.204990,-5.798713,1.113091,3.030000,3.010000
4055.304983,-5.825233,1.192422,2.880000,2.360000
4055.405008,-5.771489,1.146491,2.930000,1.580000
4055.505004,-5.833518,1.187250,2.790000,0.660000
4055.605010,-5.828937,1.170745,2.200000,0.320000
4055.705021,-5.772487,1.173546,1.870000,0.020000
4055.804997,-5.818827,1.125213,1.980000,-0.310000
4055.904985,-5.762339,1.124102,2.120000,-0.100000
4056.004987,-5.776838,1.096060,2.200000,0.250000
4056.105001,-5.794945,1.073261,2.020000,0.860000
4056.204972,-5.827538,1.093904,1.610000,1.450000
4056.305044,-5.719177,1.067739,1.440000,2.080000
4056.404998,-5.771520,1.087543,1.860000,2.030000
4056.505002,-5.735021,1.074677,1.740000,1.800000
4056.605003,-5.710495,1.108334,1.560000,1.850000
4056.705012,-5.751298,1.065980,1.500000,2.250000
4056.805007,-5.688893,1.121145,1.450000,2.790000
4056.905017,-5.691026,1.105835,1.750000,2.670000
4057.005003,-5.654701,1.179283,1.850000,2.480000
4057.105001,-5.681906,1.161538,1.800000,1.930000
4057.204982,-5.693013,1.213797,1.960000,1.450000
4057.305003,-5.641666,1.152560,1.980000,1.030000
4057.405006,-5.668079,1.185370,2.350000,0.530000
4057.505021,-5.649286,1.141679,2.700000,0.460000
4057.605003,-5.690799,1.114085,2.910000,0.720000
4057.704999,-5.655439,1.148407,2.810000,1.380000
4057.805001,-5.694532,1.136227,2.550000,1.750000
4057.905033,-5.707803,1.175990,2.190000,2.210000
4058.005000,-5.692471,1.195670,1.870000,2.210000
4058.104981,-5.713820,1.206288,1.900000,2.020000
4058.204992,-5.681142,1.219185,2.100000,1.370000
4058.305006,-5.689619,1.219731,2.380000,1.100000
4058.405007,-5.726027,1.231500,2.290000,0.790000
4058.504977,-5.644001,1.247460,2.280000,0.700000
4058.605003,-5.682711,1.208406,2.530000,0.600000
4058.705045,-5.693437,1.223298,2.470000,0.420000
4058.805023,-5.744891,1.189457,2.550000,0.410000
4058.904999,-5.703319,1.206344,2.360000,0.330000
4059.004976,-5.737710,1.201712,2.490000,0.330000
4059.104978,-5.728029,1.193525,2.320000,0.180000
4059.204991,-5.760614,1.156785,2.280000,-0.050000
4059.305004,-5.787612,1.209961,2.450000,-0.310000
4059.405009,-5.810022,1.124663,2.570000,-0.440000
4059.505001,-5.778813,1.111706,2.270000,-0.350000
4059.605002,-5.784240,1.108654,1.900000,0.000000
4059.705003,-5.759385,1.148601,1.690000,0.450000
4059.805031,-5.772068,1.095473,1.590000,0.970000
4059.904998,-5.754878,1.112908,1.870000,0.940000
4060.004975,-5.729897,1.150661,2.430000,1.130000
4060.104997,-5.748004,1.084741,2.770000,0.680000
4060.205019,-5.768554,1.146619,2.530000,0.370000
4060.305006,-5.781038,1.124828,2.060000,-0.070000
4060.405005,-5.817054,1.110642,2.260000,0.000000
4060.505015,-5.796174,1.078102,2.400000,0.180000
4060.605007,-5.835601,1.072235,2.720000,0.590000
4060.705029,-5.848061,1.081868,2.570000,1.310000
4060.804972,-5.834590,1.050787,2.570000,1.520000
4060.904976,-5.851775,1.124113,2.260000,1.720000
4061.005016,-5.820518,1.081719,2.050000,1.310000
4061.104980,-5.864374,1.140320,1.760000,1.140000
4061.204997,-5.857282,1.116459,1.410000,0.680000
4061.304982,-5.845755,1.126165,1.250000,0.890000
4061.404991,-5.826618,1.125601,1.210000,0.970000
4061.505026,-5.847594,1.153748,1.150000,1.460000
4061.604989,-5.817854,1.165206,0.800000,1.240000
4061.704993,-5.797676,1.196343,0.880000,1.050000
4061.805005,-5.784420,1.126481,1.030000,0.370000
4061.904976,-5.833649,1.191109,1.100000,0.210000
4062.005000,-5.800073,1.128351,1.200000,-0.120000
4062.104980,-5.850636,1.140799,1.350000,-0.300000
4062.204997,-5.763543,1.108936,1.320000,0.280000
4062.304995,-5.811262,1.123674,1.400000,0.730000
4062.405014,-5.792426,1.141890,1.260000,1.600000
4062.504973,-5.766014,1.125523,1.250000,2.080000
4062.604973,-5.731087,1.212902,1.280000,1.950000
4062.704996,-5.732955,1.207689,1.710000,1.150000
4062.805001,-5.729451,1.237465,1.850000,-0.080000
4062.904998,-5.710507,1.190598,1.950000,-0.950000
4063.005004,-5.736137,1.208419,1.880000,-1.470000
4063.104997,-5.741541,1.137865,1.550000,-1.460000
4063.204998,-5.697922,1.134686,1.330000,-1.090000
4063.305005,-5.763150,1.069795,1.530000,-1.380000
4063.405004,-5.765155,1.053698,1.980000,-1.480000
4063.504988,-5.789084,1.068520,2.670000,-1.070000
4063.605003,-5.789922,1.023782,2.700000,-0.310000
4063.705011,-5.755445,0.975926,2.560000,0.440000
4063.805029,-5.805266,1.048882,2.580000,0.950000
4063.904996,-5.772537,1.042803,2.870000,1.410000
4064.004976,-5.751965,1.089778,2.920000,0.920000
4064.105003,-5.796384,1.165988,3.270000,0.350000
4064.204980,-5.814229,1.100272,3.320000,0.000000
4064.305019,-5.870024,1.092795,3.540000,-0.170000
4064.404982,-5.861786,1.123020,3.350000,-0.110000
4064.505001,-5.828969,1.111662,2.950000,0.080000
4064.604984,-5.877741,1.131463,2.810000,0.290000
4064.705015,-5.911408,1.180823,2.950000,0.560000
4064.805015,-5.885951,1.129913,2.950000,0.320000
4064.905015,-5.901711,1.173591,2.900000,0.070000
4065.004975,-5.958132,1.168004,3.210000,0.100000
4065.104985,-5.914602,1.104193,3.170000,0.260000
4065.204979,-5.948781,1.128757,3.310000,0.000000
4065.305008,-5.964819,1.184058,3.120000,-0.050000
4065.405020,-5.957538,1.117302,3.080000,-0.190000
4065.505001,-6.009146,1.136790,3.230000,-0.440000
4065.605002,-5.996451,1.205999,3.030000,-0.080000
4065.704997,-6.012959,1.095840,3.090000,-0.070000
4065.805002,-6.017824,1.148851,2.670000,-0.060000
4065.905009,-6.065395,1.147274,2.520000,0.510000
4066.005009,-6.091910,1.145286,2.460000,0.630000
4066.104972,-5.990592,1.135419,1.840000,0.680000
4066.205004,-6.025891,1.157194,1.520000,0.420000
4066.305009,-6.029160,1.171812,1.270000,0.540000
4066.405002,-6.000947,1.105863,1.400000,0.230000
4066.504998,-5.978100,1.136535,1.490000,0.030000
4066.605031,-5.970087,1.187764,1.620000,0.580000
4066.705003,-5.918822,1.114083,1.660000,0.830000
4066.804983,-5.921098,1.127802,1.360000,0.940000
4066.905005,-5.977389,1.177781,1.370000,1.040000
4067.005009,-5.866628,1.133668,1.270000,1.050000
4067.104974,-5.904720,1.176107,1.250000,0.890000
4067.204972,-5.856657,1.158141,0.810000,0.820000
4067.305006,-5.854527,1.150955,0.150000,0.380000
4067.405043,-5.805017,1.155149,-0.670000,0.330000
4067.505005,-5.691819,1.142577,-1.520000,0.080000
4067.605007,-5.680186,1.087911,-2.120000,-0.120000
4067.705004,-5.595375,1.085188,-2.490000,-0.500000
4067.805036,-5.573123,1.083302,-2.890000,-0.450000
4067.905003,-5.455833,1.015758,-3.590000,-0.100000
4068.005000,-5.372071,0.974523,-4.310000,0.510000
4068.105006,-5.262298,0.886604,-4.890000,1.110000
4068.205038,-5.117156,0.921222,-5.690000,1.810000
4068.305007,-5.007488,0.881191,-6.370000,2.140000
4068.405005,-4.860496,0.922804,-7.370000,2.750000
4068.505001,-4.709321,0.850168,-7.640000,2.910000
4068.604985,-4.547914,0.883616,-8.020000,3.280000
4068.705019,-4.351394,0.884121,-8.450000,3.600000
4068.805006,-4.181849,0.872388,-8.980000,3.870000
4068.905009,-3.972801,0.905014,-9.220000,3.670000
4069.005014,-3.784875,0.884197,-9.560000,3.170000
4069.104995,-3.610706,0.855261,-10.050000,2.550000
4069.205010,-3.415839,0.850920,-10.720000,2.070000
4069.304979,-3.196786,0.851525,-11.170000,1.380000
4069.404982,-2.995394,0.807365,-11.760000,0.470000
4069.504998,-2.787057,0.742537,-12.850000,-0.550000
4069.605003,-2.576437,0.652779,-14.280000,-1.170000
4069.705006,-2.341722,0.564924,-14.990000,-1.690000
4069.805005,-2.085970,0.484523,-14.920000,-1.940000
4069.905002,-1.868218,0.365586,-14.130000,-2.550000
4070.005015,-1.645156,0.259044,-13.330000,-3.000000
4070.105009,-1.442078,0.160217,-12.310000,-3.490000
4070.204989,-1.258021,0.018634,-11.500000,-3.950000
4070.305034,-1.111126,-0.077386,-10.720000,-4.210000
4070.405008,-0.961707,-0.205337,-10.060000,-4.490000
4070.504976,-0.843748,-0.294250,-9.390000,-4.760000
4070.604973,-0.730819,-0.421644,-8.710000,-5.150000
4070.704998,-0.632051,-0.534910,-8.030000,-5.510000
4070.805011,-0.549203,-0.658013,-7.310000,-5.840000
4070.905015,-0.474805,-0.792904,-6.660000,-6.070000
4071.005008,-0.427676,-0.890799,-6.070000,-6.350000
4071.105007,-0.379818,-1.026643,-5.680000,-6.810000
4071.205007,-0.350211,-1.144573,-5.260000,-7.330000
4071.304976,-0.341546,-1.289788,-4.880000,-8.050000
4071.404993,-0.317533,-1.435608,-4.660000,-8.950000
4071.505007,-0.308150,-1.592258,-4.330000,-9.800000
4071.605015,-0.341965,-1.766105,-4.000000,-10.650000
4071.704979,-0.348782,-1.941579,-3.700000,-11.320000
4071.805008,-0.362910,-2.099120,-3.440000,-11.680000
4071.904980,-0.390922,-2.293011,-3.370000,-11.740000
4072.004976,-0.385720,-2.453226,-3.400000,-11.570000
4072.105005,-0.411956,-2.647565,-3.470000,-11.260000
4072.205023,-0.414948,-2.826050,-3.520000,-10.760000
4072.305008,-0.440501,-2.989184,-3.570000,-10.120000
4072.405006,-0.482482,-3.108609,-3.300000,-9.510000
4072.505003,-0.495438,-3.233116,-3.010000,-8.860000
4072.604994,-0.548940,-3.360390,-2.750000,-8.330000
4072.704980,-0.561304,-3.474549,-2.670000,-7.760000
4072.805016,-0.556750,-3.548239,-2.630000,-7.150000
4072.905001,-0.589485,-3.638397,-2.650000,-6.520000
4073.005025,-0.643506,-3.708305,-2.790000,-5.990000
4073.105012,-0.656729,-3.738303,-2.980000,-5.620000
4073.205001,-0.648467,-3.807795,-3.350000,-5.420000
4073.304982,-0.608764,-3.865742,-3.440000,-5.130000
4073.404980,-0.654377,-3.908127,-3.070000,-4.680000
4073.505000,-0.672179,-3.936722,-2.800000,-4.060000
4073.605005,-0.631255,-3.936591,-2.780000,-3.520000
4073.705008,-0.688671,-3.959692,-2.650000,-3.030000
4073.805032,-0.700203,-3.958571,-2.720000,-2.710000
4073.904975,-0.695118,-3.945767,-2.860000,-2.680000
4074.004983,-0.741871,-3.984641,-3.100000,-2.720000
4074.105017,-0.728195,-3.962106,-3.420000,-2.610000
4074.205012,-0.711021,-3.971017,-3.550000,-2.510000
4074.305011,-0.722099,-3.979500,-3.360000,-2.480000
4074.405007,-0.741628,-3.957229,-3.260000,-2.190000
4074.504991,-0.715126,-3.955980,-3.150000,-1.910000
4074.604982,-0.746616,-3.937143,-3.200000,-1.440000
4074.705005,-0.736262,-3.879872,-3.230000,-1.000000
4074.805016,-0.679161,-3.831725,-3.240000,-0.720000
4074.905005,-0.723058,-3.787301,-3.160000,-0.360000
4075.005003,-0.664336,-3.728684,-3.120000,0.050000
4075.104991,-0.598925,-3.651028,-3.150000,0.870000
4075.205016,-0.611771,-3.629676,-2.840000,1.760000
4075.305012,-0.625144,-3.542631,-2.590000,2.490000
4075.405010,-0.618360,-3.462296,-2.560000,3.270000
4075.505029,-0.578984,-3.366657,-2.820000,4.150000
4075.605025,-0.534495,-3.203530,-2.910000,4.870000
4075.705009,-0.504755,-3.091560,-2.780000,5.720000
4075.804976,-0.450925,-2.954984,-2.290000,6.400000
4075.904979,-0.448949,-2.832410,-1.590000,6.740000
4076.005005,-0.432370,-2.628680,-1.160000,7.570000
4076.105013,-0.384414,-2.459343,-1.040000,9.110000
4076.205004,-0.359710,-2.274924,-1.330000,10.440000
4076.305010,-0.326011,-2.047849,-2.590000,11.670000
4076.404979,-0.291206,-1.777581,-3.840000,12.190000
4076.505002,-0.139259,-1.577942,-4.770000,11.560000
4076.605001,-0.063609,-1.375140,-5.550000,9.820000
4076.705005,0.014509,-1.210046,-5.870000,7.910000
4076.805011,0.116373,-1.071633,-6.170000,6.280000
4076.905004,0.234455,-0.980492,-6.520000,5.550000
4077.005001,0.347907,-0.863396,-6.840000,5.540000
4077.105007,0.456342,-0.777071,-7.260000,5.550000
4077.205003,0.584837,-0.681541,-7.620000,5.330000
4077.304982,0.728553,-0.620758,-7.970000,4.800000
4077.404987,0.839498,-0.558864,-8.070000,3.930000
4077.504990,0.976351,-0.500449,-8.310000,3.340000
4077.604977,1.066032,-0.481716,-8.650000,2.680000
4077.705009,1.207419,-0.439619,-9.060000,2.310000
4077.804981,1.355862,-0.450196,-9.400000,1.970000
4077.905007,1.450542,-0.422230,-9.880000,1.850000
4078.005022,1.607259,-0.417790,-10.560000,1.870000
4078.105007,1.767078,-0.450753,-11.160000,1.580000
4078.204993,1.862146,-0.441875,-11.700000,1.200000
4078.305044,2.078908,-0.469049,-12.320000,0.970000
4078.405009,2.249708,-0.518867,-12.790000,0.820000
4078.504982,2.446276,-0.508778,-13.340000,0.810000
4078.604995,2.597281,-0.530349,-13.800000,0.900000
4078.705003,2.805332,-0.600801,-14.360000,1.050000
4078.805002,2.980165,-0.614393,-14.420000,1.230000
4078.905004,3.189421,-0.597127,-14.300000,1.430000
4079.005007,3.377143,-0.661933,-13.920000,1.450000
4079.104985,3.578791,-0.702269,-13.780000,1.050000
4079.205005,3.707108,-0.718808,-13.490000,1.030000
4079.305047,3.905495,-0.703106,-13.240000,1.290000
4079.405019,3.999077,-0.702103,-12.480000,1.420000
4079.505003,4.164128,-0.750084,-12.180000,1.300000
4079.605024,4.293203,-0.766918,-12.060000,0.540000
4079.704996,4.419850,-0.746107,-12.260000,0.230000
4079.804976,4.549157,-0.811950,-12.260000,0.140000
4079.905009,4.658473,-0.863835,-12.240000,0.060000
4080.005039,4.763385,-0.904099,-11.980000,-0.130000
4080.105003,4.880023,-0.903640,-11.800000,-0.310000
4080.205005,4.975941,-0.926242,-11.760000,-0.300000
4080.305013,5.092697,-0.940281,-11.810000,0.000000
4080.405010,5.185816,-0.926462,-11.320000,0.170000
4080.505010,5.250043,-0.968083,-10.900000,0.120000
4080.605038,5.313593,-1.029070,-10.600000,-0.100000
4080.705011,5.402161,-1.086639,-10.240000,-0.490000
4080.804991,5.506774,-1.109771,-9.690000,-0.930000
4080.905001,5.579646,-1.082979,-9.180000,-0.770000
4081.004986,5.574899,-1.087719,-8.650000,-0.470000
4081.104995,5.579113,-1.153902,-7.870000,-0.440000
4081.205002,5.622842,-1.127856,-7.270000,-0.540000
4081.305003,5.649404,-1.142711,-6.790000,-0.530000
4081.405011,5.701491,-1.168653,-5.990000,-0.580000
4081.505057,5.707015,-1.186962,-5.260000,-0.230000
4081.605000,5.621252,-1.177239,-4.880000,-0.050000
4081.704982,5.569743,-1.240333,-5.090000,-0.310000
4081.805019,5.629204,-1.165591,-5.890000,-0.060000
4081.905002,5.603650,-1.254699,-6.730000,-0.180000
4082.005029,5.630345,-1.273579,-7.560000,0.510000
4082.105019,5.641191,-1.220079,-7.510000,0.870000
4082.204978,5.665709,-1.218325,-7.360000,0.850000
4082.304978,5.686343,-1.213778,-7.350000,0.760000
4082.405003,5.709385,-1.214908,-7.330000,0.410000
4082.505002,5.699308,-1.210507,-7.050000,0.150000
4082.604985,5.724616,-1.219296,-6.590000,0.070000
4082.705005,5.710479,-1.192329,-6.600000,-0.340000
4082.804985,5.707308,-1.213296,-6.520000,-0.080000
4082.904987,5.709086,-1.227578,-5.640000,0.610000
4083.005003,5.634531,-1.197827,-4.590000,0.950000
4083.105002,5.581157,-1.099341,-3.870000,1.340000
4083.205001,5.599837,-1.107422,-4.240000,1.120000
4083.305009,5.613776,-1.101018,-5.780000,0.670000
4083.405016,5.638525,-1.064583,-7.950000,0.390000
4083.504974,5.607841,-1.171632,-9.440000,0.700000
4083.605001,5.692834,-1.109727,-10.330000,1.200000
4083.705015,5.683862,-1.115989,-10.150000,1.010000
4083.805009,5.709872,-1.116377,-9.680000,0.880000
4083.905033,5.795580,-1.163114,-9.370000,0.380000
4084.005021,5.843852,-1.151624,-9.300000,0.030000
4084.104981,5.899022,-1.082634,-8.790000,-0.390000
4084.205007,5.892931,-1.140590,-8.830000,-0.870000
4084.305007,5.823513,-1.216292,-8.710000,-0.430000
4084.405003,5.842342,-1.256737,-7.470000,0.440000
4084.504980,5.900681,-1.226982,-6.290000,1.540000
4084.605006,5.799232,-1.275844,-5.870000,1.880000
4084.705008,5.838836,-1.210888,-6.820000,1.740000
4084.805044,5.830324,-1.278598,-7.760000,1.560000
4084.905005,5.840463,-1.225965,-7.930000,1.500000
4085.005020,5.900020,-1.224990,-7.160000,1.260000
4085.105013,5.895136,-1.179486,-6.520000,2.040000
4085.205041,5.864543,-1.180189,-6.080000,1.890000
4085.305025,5.794062,-1.174567,-5.880000,1.620000
4085.404983,5.731174,-1.181193,-5.270000,1.740000
4085.504988,5.724537,-1.195099,-5.240000,2.290000
4085.605004,5.686628,-1.166739,-5.390000,2.740000
4085.705052,5.637567,-1.054448,-5.750000,2.340000
4085.805002,5.663167,-1.033496,-6.400000,2.050000
4085.905007,5.701994,-1.012082,-6.300000,1.810000
4086.005011,5.688569,-0.972149,-6.270000,1.890000
4086.105002,5.677443,-0.972684,-6.390000,1.860000
4086.205028,5.669936,-0.939228,-6.880000,1.550000
4086.305027,5.651320,-0.916995,-7.550000,0.680000
4086.405029,5.668697,-0.931956,-8.020000,-0.440000
4086.505003,5.658594,-0.934492,-8.090000,-1.600000
4086.605002,5.751662,-1.001409,-8.240000,-1.460000
4086.705008,5.716866,-1.139567,-8.240000,-1.210000
4086.805024,5.792378,-1.152074,-8.540000,-0.540000
4086.904994,5.771052,-1.153386,-8.820000,0.100000
4087.005002,5.779415,-1.130140,-8.510000,0.520000
4087.105006,5.769684,-1.109444,-7.690000,1.230000
4087.205002,5.741608,-1.116609,-7.150000,1.960000
4087.305013,5.751283,-1.125396,-6.840000,2.780000
4087.405009,5.800447,-1.025217,-6.580000,2.910000
4087.504979,5.801657,-1.040648,-6.870000,2.570000
4087.605003,5.807693,-0.952836,-7.290000,1.510000
4087.705004,5.807487,-0.977696,-7.560000,-0.030000
4087.804995,5.830743,-1.004910,-7.500000,-1.230000
4087.905006,5.855574,-1.021247,-7.400000,-1.500000
4088.005008,5.851016,-1.036063,-7.090000,-1.170000
4088.105005,5.814212,-1.041510,-6.740000,-1.150000
4088.205020,5.764700,-1.115445,-6.640000,-1.190000
4088.304979,5.825897,-1.137947,-7.030000,-0.890000
4088.405015,5.824572,-1.089429,-6.810000,-0.610000
4088.505004,5.774276,-1.140630,-6.840000,-0.530000
4088.605001,5.784809,-1.141796,-6.890000,-0.310000
4088.705014,5.760843,-1.174923,-7.120000,-0.170000
4088.805018,5.763777,-1.169637,-7.260000,0.480000
4088.904982,5.758545,-1.185439,-7.380000,0.380000
4089.004998,5.789508,-1.229957,-7.230000,-0.060000
4089.104994,5.809007,-1.201012,-6.700000,-0.780000
4089.204975,5.845387,-1.213305,-6.620000,-0.980000
4089.304976,5.760685,-1.244486,-6.550000,-0.410000
4089.404993,5.792470,-1.270147,-6.790000,1.060000
4089.504976,5.773366,-1.191708,-6.500000,1.480000
4089.605003,5.790668,-1.236852,-5.920000,1.660000
4089.705029,5.761274,-1.132500,-5.660000,1.450000
4089.805011,5.799971,-1.187866,-6.000000,1.640000
4089.904977,5.806322,-1.072201,-6.560000,1.380000
4090.004988,5.821395,-1.104240,-7.120000,1.130000
4090.105005,5.843761,-1.021961,-7.110000,0.240000
4090.204977,5.828354,-1.012151,-7.080000,-0.360000
4090.305009,5.785851,-1.092608,-7.080000,-0.430000
4090.405004,5.828598,-1.091065,-6.750000,-0.530000
4090.505018,5.839554,-1.106357,-6.860000,-0.560000
4090.605011,5.839047,-1.128915,-7.330000,-0.400000
4090.705002,5.859577,-1.131449,-7.610000,0.020000
4090.804994,5.841715,-1.090721,-7.350000,0.070000
4090.905043,5.822423,-1.124738,-7.020000,-0.130000
4091.004990,5.851006,-1.181799,-6.800000,-0.350000
4091.105009,5.890989,-1.161168,-6.810000,-0.270000
4091.204999,5.909986,-1.109838,-6.540000,0.020000
4091.304999,5.890333,-1.109223,-6.620000,0.370000
4091.405017,5.874966,-1.159050,-6.540000,0.500000
4091.505031,5.855644,-1.197047,-6.380000,0.440000
4091.604981,5.899580,-1.203732,-6.210000,0.200000
4091.705031,5.929643,-1.189395,-5.810000,-0.010000
4091.805052,5.869856,-1.155523,-5.570000,0.110000
4091.905004,5.779364,-1.187264,-5.260000,0.320000
4092.005005,5.800126,-1.188328,-5.080000,0.540000
4092.105011,5.812972,-1.201779,-5.100000,0.980000
4092.205004,5.764886,-1.149511,-5.360000,1.840000
4092.305003,5.732755,-1.135717,-5.510000,2.160000
4092.405001,5.730603,-1.122435,-5.470000,2.390000
4092.504985,5.725745,-1.011155,-5.930000,2.320000
4092.605003,5.789780,-1.027265,-6.550000,2.630000
4092.705005,5.795539,-0.945258,-7.170000,1.610000
4092.805003,5.806285,-0.979686,-7.910000,0.550000
4092.904998,5.830137,-0.979894,-8.100000,-0.390000
4093.005015,5.833825,-0.998944,-7.720000,-1.220000
4093.105009,5.803698,-1.084310,-7.540000,-1.970000
4093.204996,5.832665,-1.081884,-6.920000,-1.710000
4093.305008,5.833094,-1.111429,-6.010000,-0.610000
4093.405010,5.806823,-1.088697,-5.820000,0.400000
4093.505003,5.820816,-1.058079,-6.710000,0.950000
4093.605025,5.831283,-1.079445,-7.670000,1.200000
4093.705022,5.831506,-1.013461,-7.940000,1.070000
4093.805005,5.825321,-1.018835,-7.700000,0.490000
4093.905025,5.865117,-1.052568,-7.590000,-0.030000
4094.004984,5.856423,-0.979370,-7.730000,-0.550000
4094.105003,5.823853,-1.073281,-8.000000,-1.010000
4094.204973,5.815932,-1.115372,-7.860000,-1.290000
4094.305006,5.787934,-1.121907,-7.750000,-1.270000
4094.404987,5.795771,-1.199455,-7.580000,-0.760000
4094.505006,5.873772,-1.184691,-7.580000,0.120000
4094.605008,5.833455,-1.118761,-7.870000,0.460000
4094.705005,5.809762,-1.207449,-8.280000,1.130000
4094.805015,5.821785,-1.155482,-8.340000,1.030000
4094.905007,5.801146,-1.182564,-8.250000,0.400000
4095.005029,5.843724,-1.221705,-7.810000,-0.030000
4095.104981,5.934015,-1.212280,-7.400000,-0.040000
4095.205013,5.916805,-1.153179,-7.280000,0.580000
4095.305002,5.867954,-1.167000,-7.170000,0.830000
4095.404978,5.861630,-1.253270,-6.980000,1.210000
4095.505003,5.893265,-1.184233,-6.800000,1.530000
4095.605005,5.859111,-1.212788,-6.600000,1.330000
4095.705016,5.925181,-1.210927,-6.430000,1.940000
4095.804984,5.928763,-1.140733,-6.220000,1.680000
4095.905004,5.882736,-1.194367,-6.370000,1.720000
4096.005006,5.903836,-1.091052,-6.030000,2.060000
4096.105006,5.853832,-1.116387,-5.920000,1.940000
4096.205004,5.885818,-1.091873,-5.640000,1.810000
4096.304978,5.885275,-0.983276,-5.400000,1.440000
4096.405010,5.782218,-1.028487,-5.050000,1.260000
4096.505018,5.743825,-1.075689,-4.170000,1.300000
4096.605020,5.661196,-0.995797,-3.010000,1.470000
4096.705002,5.596682,-1.028821,-2.330000,1.540000
4096.805007,5.538696,-0.934851,-1.710000,1.620000
4096.904987,5.484211,-0.901720,-1.480000,1.530000
4097.005026,5.435728,-0.875322,-1.110000,1.310000
4097.105013,5.283762,-0.861889,-0.640000,0.200000
4097.204972,5.197393,-0.871237,-0.300000,-0.150000
4097.305011,5.096083,-0.851733,0.280000,-0.420000
4097.404997,4.978295,-0.803581,1.290000,-0.960000
4097.504980,4.810281,-0.826061,2.150000,-1.040000
4097.605009,4.582426,-0.887170,2.820000,-0.750000
4097.704979,4.498406,-0.854003,3.240000,-0.030000
4097.805010,4.292698,-0.798945,3.550000,0.500000
4097.904974,4.115190,-0.802291,4.110000,0.750000
4098.004976,3.960549,-0.710845,4.810000,0.550000
4098.105031,3.735316,-0.636926,5.670000,-0.030000
4098.205007,3.585871,-0.637428,6.380000,-0.540000
4098.304988,3.314838,-0.606038,6.890000,-0.510000
4098.404995,3.130545,-0.597860,7.590000,-0.270000
4098.504999,2.908148,-0.566642,8.340000,0.150000
4098.605004,2.748374,-0.467351,8.280000,0.470000
4098.705008,2.491319,-0.423368,7.790000,0.960000
4098.805007,2.276841,-0.354290,7.020000,0.780000
4098.904976,2.090895,-0.327556,6.110000,0.020000
4099.005006,1.957826,-0.268091,5.180000,-0.540000
4099.105015,1.779842,-0.266555,4.170000,-1.050000
4099.204988,1.644810,-0.239979,3.550000,-0.980000
4099.305011,1.510371,-0.269550,3.250000,-0.850000
4099.405035,1.417319,-0.252007,3.000000,-0.460000
4099.504993,1.298201,-0.272648,3.030000,-0.210000
4099.605007,1.147720,-0.231882,3.670000,-0.290000
4099.705005,1.037278,-0.219744,4.360000,-0.230000
4099.805010,0.924146,-0.232308,4.440000,0.070000
4099.904981,0.787462,-0.188642,4.210000,0.360000
4100.004993,0.674018,-0.124868,3.850000,0.710000
4100.105011,0.586120,-0.123169,3.460000,0.720000
4100.204987,0.488724,-0.081405,2.950000,0.920000
4100.305007,0.403483,-0.068962,2.400000,0.510000
4100.404977,0.339243,-0.032224,2.110000,0.060000
4100.504998,0.220423,-0.030136,1.950000,-0.110000
4100.605002,0.180399,0.000786,1.700000,-0.290000
4100.705005,0.105500,-0.026493,1.190000,-0.160000
4100.805032,0.077625,0.021421,1.000000,0.060000
4100.905004,-0.030470,0.012049,0.520000,0.250000
4101.005019,-0.052692,0.016920,-0.010000,0.360000
4101.105014,-0.066531,0.009764,-0.640000,0.440000
4101.205007,-0.097617,0.047166,-1.070000,0.410000
4101.305028,-0.113205,0.023957,-1.110000,0.210000
4101.405003,-0.131002,0.028394,-0.890000,0.350000
4101.505013,-0.153896,0.043787,-0.570000,0.700000
4101.604994,-0.179272,0.070056,0.000000,1.200000
4101.704981,-0.235648,0.095127,0.580000,1.940000
4101.804993,-0.255880,0.152942,1.050000,2.700000
4101.905004,-0.265495,0.200933,1.440000,3.270000
4102.005006,-0.376376,0.253515,1.700000,3.400000
4102.105008,-0.361980,0.323286,1.800000,3.330000
4102.205027,-0.397241,0.381298,1.850000,3.230000
4102.305018,-0.476147,0.451749,1.940000,2.990000
4102.405040,-0.501418,0.515381,2.110000,2.890000
4102.504982,-0.576261,0.559675,2.190000,3.090000
4102.605005,-0.614956,0.636751,2.390000,3.480000
4102.704975,-0.652584,0.694347,2.840000,3.750000
4102.804996,-0.756196,0.781772,3.230000,4.130000
4102.905004,-0.794376,0.864444,3.530000,4.680000
4103.005007,-0.861053,0.952265,3.990000,4.880000
4103.105007,-0.949942,1.061406,4.370000,5.220000
4103.205004,-1.018851,1.157399,4.520000,5.580000
4103.305017,-1.072965,1.295208,4.490000,5.860000
4103.404982,-1.145815,1.416124,4.600000,5.940000
4103.505007,-1.202992,1.495434,4.660000,5.930000
4103.605015,-1.289642,1.646945,4.810000,6.030000
4103.704999,-1.360848,1.757358,5.220000,6.050000
4103.804997,-1.439907,1.832953,5.480000,5.730000
4103.905003,-1.565775,1.962372,5.500000,5.380000
4104.005005,-1.628174,2.068454,5.000000,5.230000
4104.105004,-1.697545,2.163358,4.250000,4.950000
4104.204998,-1.716116,2.258706,3.710000,4.510000
4104.305017,-1.783694,2.340498,3.540000,4.230000
4104.404992,-1.829306,2.368558,3.240000,4.170000
4104.504995,-1.930516,2.437527,3.000000,3.930000
4104.604977,-1.958792,2.512042,2.340000,3.810000
4104.705003,-1.977169,2.572497,1.900000,3.570000
4104.804976,-1.987382,2.618418,1.520000,3.760000
4104.905035,-2.021885,2.669599,1.560000,3.670000
4105.005018,-2.044161,2.707088,1.550000,3.570000
4105.105006,-2.034040,2.723919,1.420000,3.390000
4105.204997,-2.047582,2.754755,1.430000,3.270000
4105.305007,-2.045180,2.807811,1.490000,3.200000
4105.405010,-2.117538,2.820015,1.370000,2.880000
4105.505017,-2.169650,2.858559,1.260000,2.560000
4105.604998,-2.157487,2.881687,0.940000,2.430000
4105.705011,-2.149206,2.888609,0.910000,1.920000
4105.805005,-2.161462,2.897133,0.930000,1.460000
4105.904998,-2.162847,2.906613,0.750000,1.450000
4106.005009,-2.243322,2.915808,0.810000,1.540000
4106.105012,-2.243790,2.924828,0.900000,2.070000
4106.204996,-2.212928,2.944343,1.080000,2.620000
4106.305018,-2.216502,2.944720,1.290000,2.760000
4106.405006,-2.247900,2.972264,1.400000,2.670000
4106.505035,-2.257757,2.991948,1.410000,2.610000
4106.604973,-2.273706,2.996436,1.250000,2.600000
4106.704994,-2.343491,3.016266,1.140000,2.570000
4106.805005,-2.310667,3.035153,0.730000,2.940000
4106.905002,-2.310659,3.058550,0.580000,3.120000
4107.005000,-2.316647,3.079987,0.710000,2.960000
4107.105015,-2.305761,3.106701,0.750000,2.620000
4107.204972,-2.303175,3.111779,0.600000,2.190000
4107.304979,-2.376864,3.121045,0.630000,1.660000
4107.404991,-2.315466,3.123146,0.080000,1.820000
4107.505038,-2.307298,3.118703,-0.420000,2.210000
4107.604973,-2.316715,3.086987,-0.530000,2.500000
4107.705007,-2.295931,3.082021,-0.550000,2.490000
4107.805031,-2.284254,3.095814,-0.520000,2.470000
4107.904975,-2.262222,3.114398,-0.350000,2.400000
4108.005023,-2.257468,3.152496,-0.080000,2.090000
4108.105010,-2.260360,3.155907,0.160000,1.640000
4108.205020,-2.262402,3.145788,0.390000,1.310000
4108.305000,-2.231877,3.141112,0.430000,1.170000
4108.405002,-2.222805,3.103917,0.450000,0.970000
4108.504996,-2.202434,3.121109,0.470000,0.770000
4108.605001,-2.230939,3.137939,0.510000,0.560000
4108.705016,-2.249125,3.087073,0.620000,0.840000
4108.805013,-2.233889,3.053474,0.810000,1.490000
4108.905023,-2.256369,3.079821,1.010000,2.170000
4109.005012,-2.278383,3.094883,1.140000,2.670000
4109.105000,-2.298273,3.104805,1.120000,2.750000
4109.205000,-2.324441,3.098553,1.030000,2.340000
4109.304999,-2.323589,3.101481,0.890000,1.810000
4109.405012,-2.336239,3.125087,0.580000,1.450000
4109.505000,-2.369709,3.139459,0.350000,1.340000
4109.605009,-2.399361,3.131409,0.270000,1.180000
4109.705010,-2.397321,3.110235,0.330000,1.260000
4109.805005,-2.385965,3.088843,0.460000,1.630000
4109.905010,-2.347896,3.077066,0.310000,1.810000
4110.005006,-2.339973,3.060559,0.190000,1.940000
4110.105006,-2.320737,3.068337,-0.030000,2.160000
4110.205004,-2.299901,3.100165,-0.160000,2.580000
4110.305003,-2.285946,3.140764,-0.110000,2.810000
4110.404989,-2.282686,3.157995,-0.070000,2.850000
4110.505008,-2.275790,3.171775,0.040000,2.360000
4110.605004,-2.264461,3.197988,0.070000,1.800000
4110.704975,-2.271141,3.184457,0.250000,1.440000
4110.804981,-2.247931,3.155487,0.370000,0.800000
4110.905002,-2.250879,3.167506,0.440000,0.280000
4111.005006,-2.258899,3.137462,0.160000,0.070000
4111.105040,-2.248799,3.082871,-0.330000,0.550000
4111.204998,-2.271744,3.106150,-0.620000,1.360000
4111.305004,-2.241089,3.104344,-0.930000,1.830000
4111.405014,-2.194102,3.109901,-0.420000,1.850000
4111.505033,-2.218991,3.124374,0.020000,1.570000
4111.605000,-2.222447,3.078463,0.730000,1.630000
4111.704983,-2.242015,3.150167,1.170000,1.430000
4111.805001,-2.226013,3.099485,1.650000,1.360000
4111.905005,-2.252773,3.083244,1.890000,1.230000
4112.005003,-2.326326,3.102118,1.790000,1.350000
4112.105005,-2.347087,3.125956,1.330000,1.200000
4112.204987,-2.381505,3.134778,0.760000,0.770000
4112.304999,-2.360245,3.087516,0.460000,0.920000
4112.404993,-2.346643,3.075737,0.480000,1.260000
4112.505006,-2.373734,3.105885,0.690000,1.550000
4112.604988,-2.391472,3.092306,0.830000,1.600000
4112.705008,-2.410746,3.090388,0.760000,1.390000
4112.805000,-2.398299,3.099771,0.630000,1.160000
4112.904993,-2.397087,3.101694,0.450000,1.250000
4113.005009,-2.406287,3.099989,0.200000,1.760000
4113.105007,-2.401714,3.118600,-0.080000,2.300000
4113.205010,-2.369828,3.128070,-0.250000,2.570000
4113.304982,-2.351941,3.142488,-0.320000,2.480000
4113.405005,-2.355281,3.151412,-0.300000,1.930000
4113.504991,-2.339418,3.148651,-0.350000,1.230000
4113.604999,-2.325200,3.131683,-0.680000,0.550000
4113.705003,-2.299394,3.100214,-1.240000,0.080000
4113.804980,-2.265988,3.066165,-2.000000,-0.250000
4113.905001,-2.238660,3.041010,-2.620000,-0.500000
4114.004976,-2.209872,2.998400,-3.120000,-0.830000
4114.105001,-2.168225,2.931815,-3.500000,-0.910000
4114.205016,-2.112071,2.848940,-3.900000,-0.990000
4114.304981,-2.059378,2.801324,-4.310000,-0.910000
4114.405010,-2.000805,2.745380,-4.640000,-1.220000
4114.505004,-1.936918,2.670561,-4.850000,-2.050000
4114.605000,-1.874545,2.582591,-5.070000,-2.720000
4114.705001,-1.800656,2.494900,-5.400000,-2.920000
4114.805007,-1.727202,2.409979,-5.840000,-2.910000
4114.905008,-1.650853,2.301725,-6.480000,-3.150000
4115.005005,-1.581031,2.192050,-6.930000,-3.870000
4115.105008,-1.500472,2.067427,-7.160000,-4.660000
4115.205000,-1.400244,1.930099,-7.470000,-5.190000
4115.305006,-1.301733,1.762150,-7.920000,-5.540000
4115.405007,-1.192319,1.602982,-8.510000,-5.790000
4115.505021,-1.121697,1.466771,-8.930000,-5.540000
4115.604999,-1.018593,1.329177,-9.020000,-5.100000
4115.705007,-0.901427,1.163472,-8.900000,-4.670000
4115.805006,-0.817766,1.080999,-8.490000,-4.250000
4115.905009,-0.728112,0.934019,-7.820000,-3.770000
4116.004974,-0.675066,0.832231,-7.360000,-3.560000
4116.105005,-0.596728,0.732320,-7.120000,-3.020000
4116.204997,-0.517604,0.665167,-7.070000,-2.600000
4116.305004,-0.426272,0.555393,-6.860000,-2.370000
4116.405005,-0.374879,0.515735,-6.680000,-2.150000
4116.504981,-0.291503,0.449340,-6.660000,-1.910000
4116.605004,-0.232875,0.374372,-6.580000,-1.880000
4116.705003,-0.195881,0.314639,-6.430000,-2.230000
4116.805006,-0.122374,0.239212,-6.310000,-2.490000
4116.904999,-0.053784,0.195158,-6.010000,-2.530000
4117.004999,0.008476,0.105502,-5.420000,-2.310000
4117.104999,0.037422,0.073297,-4.730000,-1.730000
4117.204975,0.074913,-0.005740,-4.070000,-1.010000
4117.305005,0.092094,0.005209,-3.290000,-0.230000
4117.404989,0.111196,-0.010839,-2.790000,0.370000
4117.505010,0.110585,0.008464,-2.330000,0.740000
4117.605012,0.111853,0.001244,-2.060000,0.750000
4117.705001,0.102507,0.005129,-2.130000,0.690000
4117.805000,0.104663,0.030837,-2.120000,0.370000
4117.905033,0.126478,0.016792,-2.330000,0.000000
4118.004996,0.094917,0.004750,-2.640000,-0.330000
4118.105003,0.104367,0.012891,-2.760000,-0.620000
4118.205001,0.129436,-0.008641,-2.900000,-0.630000
4118.304999,0.105126,-0.028634,-2.860000,-0.550000
4118.405007,0.137122,-0.036940,-2.810000,-0.470000
4118.505005,0.136306,-0.039091,-2.680000,-0.330000
4118.604997,0.154286,-0.083056,-2.480000,-0.350000
4118.704994,0.123713,-0.060883,-2.260000,-0.380000
4118.804989,0.152333,-0.065548,-2.120000,-0.500000
4118.904998,0.145404,-0.096246,-1.990000,-0.610000
4119.005003,0.122118,-0.090352,-1.880000,-0.580000
4119.105023,0.114076,-0.086281,-1.870000,-0.500000
4119.205003,0.106629,-0.116793,-1.720000,-0.530000
4119.305008,0.116019,-0.113560,-1.740000,-0.170000
4119.404976,0.069534,-0.102736,-1.670000,-0.020000
4119.505006,0.081114,-0.121993,-1.700000,0.110000
4119.605003,0.091417,-0.098162,-1.730000,0.350000
4119.705000,0.057399,-0.090037,-1.770000,0.120000
4119.805014,0.082943,-0.115752,-1.880000,0.050000
4119.904996,0.067718,-0.081502,-1.830000,0.000000
4120.005006,0.059552,-0.087392,-1.760000,-0.040000
4120.105010,0.053973,-0.109048,-1.740000,0.060000
4120.204998,0.045444,-0.080610,-1.660000,0.080000
4120.305013,0.074430,-0.087352,-1.620000,0.110000
4120.404997,0.020089,-0.081108,-1.640000,0.130000
4120.505001,0.021346,-0.067051,-1.920000,0.360000
4120.605006,0.041960,-0.058814,-2.130000,0.390000
4120.705006,0.059838,-0.044677,-2.200000,0.340000
4120.804997,0.057186,-0.059068,-2.050000,-0.020000
4120.905005,0.027742,-0.049819,-1.630000,-0.480000
4121.005012,0.029112,-0.052657,-1.570000,-0.780000
4121.105012,0.041572,-0.096334,-1.620000,-0.970000
4121.204974,0.039733,-0.090491,-1.760000,-0.980000
4121.305008,0.005175,-0.127382,-1.770000,-0.890000
4121.404980,0.006573,-0.116216,-1.850000,-0.670000
4121.505000,0.008212,-0.140212,-1.700000,-0.550000
4121.605029,0.006295,-0.162262,-1.620000,-0.580000
4121.705005,-0.008881,-0.151171,-1.660000,-0.520000
4121.805015,-0.017360,-0.151548,-1.550000,-0.340000
4121.905011,-0.038992,-0.186036,-1.530000,0.040000
4122.005001,-0.020093,-0.154219,-1.590000,0.820000
4122.105003,-0.009015,-0.147466,-1.550000,1.320000
4122.205010,-0.063489,-0.115752,-1.560000,1.590000
4122.305003,-0.021363,-0.103119,-1.680000,1.830000
4122.405005,-0.017195,-0.054860,-1.800000,2.070000
4122.504978,-0.039307,-0.010921,-1.980000,2.050000
4122.605001,0.012940,-0.014797,-1.990000,1.900000
4122.704990,-0.023720,0.037393,-1.790000,1.650000
4122.805001,0.008309,0.072362,-1.700000,1.230000
4122.905027,-0.025245,0.097453,-1.770000,1.110000
4123.005006,0.012261,0.077606,-1.920000,0.970000
4123.105019,-0.015624,0.114925,-2.010000,0.930000
4123.205002,0.012128,0.145755,-2.110000,0.570000
4123.304978,-0.014617,0.144640,-2.040000,0.230000
4123.405004,0.000236,0.147697,-1.920000,-0.110000
4123.505001,-0.012337,0.135548,-1.750000,-0.430000
4123.604972,-0.009614,0.122248,-1.710000,-0.740000
4123.705009,-0.033125,0.130290,-1.650000,-0.830000
4123.805003,-0.000877,0.107711,-1.630000,-0.800000
4123.905001,-0.048952,0.103542,-1.740000,-0.850000
4124.005004,-0.035653,0.080239,-2.000000,-1.000000
4124.104979,-0.049915,0.083560,-2.050000,-1.020000
4124.204973,-0.043640,0.072612,-2.310000,-1.030000
4124.304973,-0.041366,0.033817,-2.390000,-1.120000
4124.404980,-0.052420,0.020947,-2.470000,-1.200000
4124.505000,-0.041383,0.009682,-2.560000,-1.130000
4124.604998,-0.022377,-0.009204,-2.510000,-1.400000
4124.705012,-0.001391,-0.039187,-2.470000,-1.470000
4124.804994,-0.037228,-0.050271,-2.270000,-1.590000
4124.904989,-0.043456,-0.068817,-2.170000,-1.560000
4125.005004,-0.021461,-0.113903,-2.060000,-1.450000
4125.105003,-0.027551,-0.108910,-1.890000,-1.320000
4125.205016,-0.035725,-0.155640,-1.880000,-1.060000
4125.305004,-0.090161,-0.163732,-1.980000,-1.000000
4125.405003,-0.071129,-0.171975,-2.210000,-0.660000
4125.505000,-0.056762,-0.175142,-2.200000,-0.340000
4125.604984,-0.062831,-0.177663,-2.190000,0.080000
4125.705007,-0.042960,-0.160785,-2.300000,0.540000
4125.804981,-0.042368,-0.160494,-2.380000,0.920000
4125.905005,-0.057629,-0.133470,-2.370000,1.080000
4126.004976,-0.048513,-0.126745,-2.320000,1.140000
4126.105023,-0.025758,-0.111962,-2.330000,0.990000
4126.204993,0.002747,-0.094387,-2.240000,0.800000
4126.305002,0.020097,-0.099958,-2.270000,0.660000
4126.405030,0.036012,-0.065279,-2.220000,0.760000
4126.505011,0.019970,-0.081057,-2.030000,0.730000
4126.604991,0.007305,-0.034604,-1.830000,0.810000
4126.704976,0.037210,-0.054290,-1.730000,0.750000
4126.804978,0.033787,-0.016867,-1.690000,0.740000
4126.904984,0.009066,-0.030758,-1.630000,0.510000
4127.005001,0.022059,0.000925,-1.550000,0.580000
4127.104979,0.021929,0.000141,-1.510000,0.610000
4127.205004,-0.013562,0.025258,-1.400000,0.610000
4127.304980,-0.009590,0.031228,-1.540000,0.510000
4127.404985,0.000798,0.035619,-1.550000,0.410000
4127.505031,-0.029953,0.036731,-1.670000,0.150000
4127.604972,-0.035043,0.031186,-1.760000,-0.070000
4127.705006,-0.035061,0.033155,-1.830000,-0.110000
4127.805025,-0.051213,0.051165,-2.000000,-0.110000
4127.904993,-0.036947,0.013844,-2.080000,-0.250000
4128.005004,-0.076009,0.027552,-2.170000,-0.380000
4128.104975,-0.057155,0.005666,-2.370000,-0.520000
4128.204976,-0.039040,-0.008686,-2.400000,-0.590000
4128.304998,-0.050097,-0.027169,-2.460000,-0.640000
4128.405001,-0.055402,-0.043994,-2.550000,-0.430000
4128.504999,-0.042340,-0.061383,-2.350000,-0.250000
4128.604982,-0.038696,-0.055983,-2.130000,0.050000
4128.704980,-0.036311,-0.088457,-2.100000,0.320000
4128.804977,-0.024750,-0.055072,-2.010000,0.550000
4128.904974,-0.006140,-0.073303,-2.020000,0.730000
4129.005006,-0.031752,-0.041831,-1.970000,0.680000
4129.105006,-0.065506,-0.042845,-2.030000,0.610000
4129.205000,-0.029919,-0.040938,-2.100000,0.450000
4129.304972,-0.013501,-0.022689,-2.110000,0.430000
4129.404983,-0.007393,-0.065705,-2.150000,0.490000
4129.504988,-0.046054,-0.014388,-2.120000,0.560000
4129.605016,-0.013425,-0.020453,-1.980000,0.820000
4129.705009,0.006854,-0.017917,-1.770000,0.910000
4129.805011,-0.013199,0.003785,-1.760000,1.040000
4129.904987,-0.002587,-0.013150,-1.890000,1.190000
4130.005020,0.013219,0.028733,-1.830000,1.070000
4130.104997,0.033319,0.014976,-1.870000,1.100000
4130.205002,-0.011272,0.042847,-1.790000,0.840000
4130.305004,0.029075,0.039356,-1.890000,0.620000
4130.405005,0.037301,0.059542,-1.740000,0.120000
4130.505006,0.048924,0.032010,-1.720000,-0.050000
4130.605027,0.008589,0.049221,-1.550000,0.010000
4130.704975,0.031753,0.032887,-1.440000,0.010000
4130.804977,0.010692,0.041804,-1.310000,0.280000
4130.905020,-0.023118,0.032545,-1.320000,0.300000
4131.005004,0.015377,0.028140,-1.290000,0.270000
4131.105001,0.008559,0.051611,-1.360000,0.240000
4131.204994,-0.032242,0.032963,-1.400000,0.160000
4131.305020,-0.022241,0.042004,-1.560000,0.130000
4131.405012,-0.011689,0.034531,-1.750000,0.060000
4131.505002,-0.051186,0.030834,-1.710000,-0.140000
4131.604991,-0.028910,0.031605,-1.750000,-0.310000
4131.705020,-0.016209,0.017344,-1.600000,-0.370000
4131.805030,-0.053575,0.007327,-1.460000,-0.580000
4131.905012,-0.036285,-0.022632,-1.390000,-0.570000
4132.005002,-0.077977,0.008578,-1.500000,-0.350000
4132.104978,-0.068971,-0.028895,-1.740000,-0.050000
4132.205010,-0.091056,-0.013758,-1.850000,0.340000
4132.305008,-0.071352,0.004354,-2.040000,0.550000
4132.405017,-0.047690,-0.003765,-2.130000,0.500000
4132.504973,-0.080155,-0.005124,-2.160000,0.240000
4132.604972,-0.059458,0.003801,-2.090000,-0.160000
4132.704999,-0.066859,-0.017703,-2.020000,-0.540000
4132.805009,-0.074758,-0.011941,-2.100000,-0.720000
4132.904998,-0.064303,-0.037618,-2.160000,-0.630000
4133.004999,-0.055878,-0.050569,-2.400000,-0.290000
4133.105002,-0.058687,-0.045436,-2.590000,0.230000
4133.204995,-0.068689,-0.043482,-2.830000,0.450000
4133.304999,-0.044282,-0.050934,-2.840000,0.650000
4133.404996,-0.027955,-0.042255,-2.770000,0.580000
4133.504975,-0.047360,-0.027617,-2.520000,0.530000
4133.605028,-0.021866,-0.025393,-2.400000,0.300000
4133.705007,-0.030541,-0.023178,-2.400000,0.180000
4133.805004,-0.017614,-0.007508,-2.490000,0.150000
4133.904977,-0.041539,-0.042454,-2.360000,0.120000
4134.005001,0.006236,-0.053554,-2.320000,0.210000
4134.104984,-0.038529,-0.018931,-2.390000,0.360000
4134.204979,-0.014091,-0.023852,-2.560000,0.260000
4134.305015,-0.030199,-0.033564,-2.760000,0.110000
4134.405027,-0.008016,-0.041187,-3.100000,-0.180000
4134.505012,-0.011715,-0.048581,-3.140000,-0.560000
4134.604998,0.028022,-0.066445,-3.230000,-0.750000
4134.705025,0.045926,-0.097884,-3.050000,-0.600000
4134.805003,0.012013,-0.101266,-2.690000,-0.190000
4134.904999,0.033962,-0.099581,-2.520000,0.240000
4135.005002,0.021909,-0.106379,-2.520000,0.620000
4135.105011,0.045932,-0.107087,-2.520000,0.580000
4135.205037,0.013328,-0.112926,-2.380000,0.480000
4135.304994,0.018164,-0.087988,-2.390000,0.590000
4135.404991,0.028651,-0.091630,-2.400000,0.590000
4135.505010,0.029243,-0.088501,-2.510000,0.640000
4135.604987,0.053096,-0.080174,-2.470000,0.710000
4135.705003,0.022630,-0.087845,-2.500000,0.770000
4135.805000,0.037079,-0.062140,-2.450000,0.630000
4135.905010,0.024161,-0.074733,-2.490000,0.630000
4136.005001,0.035517,-0.050070,-2.340000,0.760000
4136.105032,0.001699,-0.041131,-2.190000,0.870000
4136.204978,0.050496,-0.059189,-1.990000,0.960000
4136.305006,0.008682,-0.012125,-1.830000,0.860000
4136.404996,0.026905,-0.028929,-1.880000,0.900000
4136.505012,0.002693,0.007761,-1.880000,1.080000
4136.605013,0.017846,0.033815,-1.900000,0.890000
4136.704999,-0.018572,0.011913,-2.110000,0.790000
4136.805006,-0.005672,0.058234,-2.360000,0.840000
4136.905001,-0.006397,0.060198,-2.470000,0.620000
4137.005001,-0.019634,0.065188,-2.540000,0.490000
4137.105001,-0.013750,0.059857,-2.520000,0.150000
4137.204972,-0.035858,0.063212,-2.620000,-0.040000
4137.304992,0.008372,0.049893,-2.610000,-0.360000
4137.405007,-0.038504,0.052202,-2.670000,-0.550000
4137.505005,-0.004295,0.001289,-2.650000,-0.690000
4137.605001,-0.034581,0.019210,-2.720000,-0.660000
4137.704993,-0.034366,0.005255,-2.770000,-0.540000
4137.805011,-0.021951,-0.034763,-2.910000,-0.240000
4137.904998,-0.014699,-0.018396,-2.890000,0.000000
4138.005022,-0.046360,-0.043919,-2.880000,0.040000
4138.105016,-0.024191,-0.040572,-2.840000,0.120000
4138.205009,-0.027338,-0.060413,-2.710000,0.000000
4138.304999,-0.007203,-0.067228,-2.790000,-0.090000
4138.405007,0.002107,-0.057278,-2.780000,-0.350000
4138.504975,-0.017480,-0.097176,-2.850000,-0.410000
4138.604976,0.013640,-0.104065,-2.780000,-0.060000
4138.705007,-0.022368,-0.079768,-2.690000,0.100000
4138.805004,0.011035,-0.122082,-2.560000,0.350000
4138.905023,-0.004059,-0.109962,-2.470000,0.670000
4139.005005,0.000595,-0.067920,-2.400000,0.860000
4139.105026,0.006708,-0.095408,-2.300000,0.940000
4139.205000,0.012004,-0.066908,-2.310000,1.200000
4139.305006,0.016820,-0.039319,-2.140000,1.070000
4139.405000,-0.022921,-0.043024,-2.120000,1.120000
4139.504974,0.018092,-0.035744,-2.070000,1.100000
4139.604975,-0.030861,-0.004713,-2.300000,0.870000
4139.705015,-0.006659,-0.013456,-2.490000,0.630000
4139.805006,-0.031209,-0.005706,-2.590000,0.390000
4139.905002,-0.003715,0.001718,-2.550000,0.170000
4140.005003,0.005125,-0.032604,-2.530000,0.180000
4140.105004,0.006289,-0.009241,-2.380000,0.250000
4140.204975,-0.008437,-0.037644,-2.370000,0.410000
4140.304988,-0.013279,-0.011791,-2.170000,0.520000
4140.405002,-0.030134,-0.021525,-2.220000,0.490000
4140.505028,-0.028268,-0.016144,-2.150000,0.470000
4140.605006,-0.024928,-0.024784,-2.300000,0.370000
4140.704987,-0.050205,-0.021391,-2.300000,0.500000
4140.804997,-0.032053,-0.010814,-2.340000,0.540000
4140.904989,-0.043327,-0.026987,-2.410000,0.670000
4141.004990,-0.024911,-0.003613,-2.460000,0.690000
4141.104975,-0.040387,0.001253,-2.490000,0.710000
4141.205007,0.002055,-0.012731,-2.460000,0.610000
4141.304973,-0.034183,-0.005333,-2.540000,0.440000
4141.404977,-0.003516,-0.014235,-2.410000,0.280000
4141.504987,-0.041497,-0.004432,-2.440000,0.420000
4141.605043,-0.037873,0.004871,-2.530000,0.580000
4141.705013,-0.064126,-0.011775,-2.620000,0.610000
4141.804982,-0.013697,-0.010739,-2.630000,0.510000
4141.904999,-0.054707,-0.036694,-2.590000,0.420000
4142.005027,-0.022986,-0.028151,-2.750000,0.540000
4142.105002,-0.045672,-0.034191,-2.750000,0.560000
4142.205002,-0.020731,-0.020603,-2.740000,0.580000
4142.305007,-0.004862,-0.037418,-2.610000,0.500000
4142.405004,-0.019788,-0.019460,-2.640000,0.450000
4142.505000,-0.006445,-0.049269,-2.540000,0.350000
4142.605007,-0.057291,-0.037244,-2.370000,0.360000
4142.705013,-0.015860,-0.077044,-2.320000,0.460000
4142.805024,-0.050287,-0.040743,-2.510000,0.730000
4142.905012,0.006572,-0.075263,-2.970000,1.090000
4143.004976,0.015124,-0.062918,-3.150000,1.390000
4143.105010,-0.031172,-0.059587,-2.830000,1.560000
4143.205002,0.017959,-0.028377,-2.560000,1.920000
4143.305014,0.058665,-0.037599,-2.260000,1.970000
4143.405012,0.023281,0.005072,-2.220000,1.850000
4143.505015,0.044387,-0.006056,-2.530000,1.630000
4143.605001,0.055570,0.031662,-2.530000,0.990000
4143.705003,0.059975,0.018991,-2.370000,0.620000
4143.805001,0.051149,0.000980,-2.070000,0.140000
4143.905018,0.046119,0.012841,-2.180000,0.090000
4144.004974,0.061560,-0.012671,-2.130000,-0.050000
4144.104977,0.063315,-0.039479,-1.870000,0.080000
4144.205039,0.058976,-0.054658,-1.550000,0.220000
4144.304999,-0.005062,-0.040628,-0.850000,0.600000
4144.405007,0.015775,-0.055859,-0.760000,1.220000
4144.505049,0.005126,-0.023141,-0.990000,1.430000
4144.604987,0.001397,-0.031620,-1.290000,1.340000
4144.704989,-0.004274,-0.005491,-1.600000,1.130000
4144.805008,-0.011409,-0.001603,-1.580000,0.840000
4144.905002,-0.055076,-0.025754,-1.510000,0.510000
4145.005023,-0.050704,-0.014831,-1.490000,0.560000
4145.105010,-0.021986,-0.043812,-1.710000,0.630000
4145.205005,-0.039377,0.008656,-1.860000,0.950000
4145.304990,-0.054211,-0.018543,-1.970000,1.330000
4145.405023,-0.057833,-0.034792,-2.150000,1.420000
4145.505019,-0.009403,0.007225,-2.230000,1.450000
4145.604998,-0.009703,0.011949,-2.270000,1.440000
4145.704995,-0.043023,0.003126,-2.280000,1.360000
4145.805008,-0.015666,0.044052,-2.230000,1.490000
4145.904989,-0.005477,0.045039,-2.210000,1.400000
4146.004974,-0.041294,0.010751,-2.130000,1.030000
4146.104991,-0.017552,0.050727,-2.110000,0.820000
4146.204986,-0.006097,0.040266,-2.150000,0.890000
4146.304972,-0.012175,0.024668,-2.300000,0.950000
4146.405006,-0.004636,0.057592,-2.210000,0.860000
4146.505004,0.001253,0.031470,-2.130000,0.910000
4146.605003,-0.032634,0.041473,-2.150000,0.780000
4146.705002,-0.012583,0.034470,-1.910000,0.580000
4146.804976,-0.015957,0.028328,-2.010000,0.450000
4146.905005,-0.029786,0.021736,-2.200000,0.580000
4147.004976,-0.021233,0.017537,-2.490000,0.680000
4147.104994,-0.017710,0.030584,-2.590000,0.800000
4147.205004,-0.033582,-0.012640,-2.630000,0.740000
4147.305020,-0.009316,-0.001876,-2.390000,0.680000
4147.404999,0.023224,-0.023886,-2.340000,1.020000
4147.505003,-0.032538,0.026672,-2.160000,1.060000
4147.605023,0.007575,-0.009197,-2.200000,1.170000
4147.705008,0.001288,0.003688,-2.100000,1.020000
4147.804992,-0.019121,-0.013011,-2.160000,1.030000
4147.904981,-0.008137,0.032098,-2.260000,1.000000
4148.005008,-0.012488,0.000614,-2.280000,1.020000
4148.105001,-0.015019,0.024551,-2.390000,0.900000
4148.204977,-0.002291,0.023661,-2.380000,0.530000
4148.305000,-0.057965,0.005647,-2.450000,0.250000
4148.405022,-0.012548,-0.025239,-2.750000,0.160000
4148.504976,0.013202,-0.013395,-2.840000,0.430000
4148.604997,-0.022578,-0.004236,-2.810000,0.740000
4148.705001,-0.002101,-0.024344,-2.580000,0.790000
4148.805003,-0.012047,-0.045434,-2.420000,0.680000
4148.904998,0.018386,-0.052998,-2.590000,0.590000
4149.005004,0.027251,-0.036483,-2.490000,0.550000
4149.105004,-0.002612,-0.060513,-2.540000,0.540000
4149.205028,0.020291,-0.060903,-2.290000,0.670000
4149.304999,0.006751,-0.081171,-2.060000,0.850000
4149.405001,0.020773,-0.053277,-2.020000,1.020000
4149.505032,0.046952,-0.069380,-2.220000,1.150000
4149.605007,0.007144,-0.037293,-2.250000,1.270000
4149.704999,0.045674,-0.030950,-2.020000,1.540000
4149.805006,-0.003849,0.000083,-1.990000,1.720000
4149.904987,0.024166,0.011163,-1.770000,1.950000
4150.004976,-0.006732,0.021341,-2.010000,1.960000
4150.104979,0.015299,0.063952,-2.140000,1.690000
4150.205004,-0.007672,0.048763,-2.280000,1.540000
4150.304996,0.040198,0.067077,-2.290000,1.380000
4150.405013,-0.008448,0.096117,-2.310000,1.130000
4150.504975,0.019020,0.068139,-2.310000,0.690000
4150.604972,0.007546,0.060644,-2.330000,0.410000
4150.705011,0.030744,0.053286,-2.230000,0.370000
4150.805009,-0.015746,0.056969,-2.290000,0.530000
4150.905006,0.040739,0.043239,-2.340000,0.530000
4151.005016,0.003783,0.021856,-2.240000,0.140000
4151.105003,0.040205,0.023737,-2.390000,-0.150000
4151.205003,0.056779,0.005412,-2.520000,-0.220000
4151.304988,0.015745,-0.039597,-2.410000,-0.230000
4151.405007,0.058128,-0.038270,-2.240000,0.160000
4151.505004,0.032242,-0.054496,-1.980000,1.030000
4151.605018,0.022995,-0.036443,-2.040000,1.820000
4151.705007,0.040537,-0.012361,-1.980000,1.980000
4151.805009,0.045119,-0.028518,-2.020000,1.680000
4151.904992,0.022945,-0.006749,-1.920000,1.150000
4152.005003,0.054886,-0.032209,-1.690000,0.280000
4152.105000,0.024863,-0.029448,-1.400000,-0.450000
4152.205006,0.037050,-0.052306,-1.410000,-0.570000
4152.305000,0.035486,-0.063994,-1.670000,0.130000
4152.404975,-0.021980,-0.047274,-1.410000,0.980000
4152.504975,0.009635,-0.093067,-0.690000,1.340000
4152.605022,-0.062470,-0.046129,0.280000,1.260000
4152.704971,-0.092241,-0.064664,0.790000,1.110000
4152.805005,-0.144982,-0.022975,1.270000,0.970000
4152.905004,-0.176557,-0.022141,1.370000,0.870000
4153.005001,-0.247844,0.002013,1.610000,0.550000
4153.105021,-0.292970,0.003613,1.710000,0.150000
4153.205006,-0.361505,0.017899,2.150000,-0.170000
4153.304998,-0.437471,0.008655,2.330000,-0.710000
4153.404979,-0.488733,-0.009406,2.800000,-1.410000
4153.505004,-0.643535,-0.026709,3.540000,-2.210000
4153.605001,-0.699311,-0.078558,4.410000,-2.780000
4153.704972,-0.850507,-0.088204,5.290000,-3.160000
4153.805008,-0.975691,-0.115453,5.790000,-3.530000
4153.905006,-1.093650,-0.196942,6.050000,-3.900000
4154.005014,-1.259486,-0.236097,6.100000,-4.220000
4154.105012,-1.399416,-0.289666,6.050000,-4.510000
4154.205004,-1.538226,-0.376407,6.190000,-4.140000
4154.305002,-1.727436,-0.378125,6.500000,-3.710000
4154.405012,-1.844813,-0.423357,6.700000,-3.260000
4154.505036,-1.951007,-0.475404,6.910000,-3.180000
4154.605004,-2.113636,-0.517730,6.890000,-2.970000
4154.705012,-2.326827,-0.564333,6.830000,-2.910000
4154.805007,-2.461496,-0.554739,6.390000,-2.530000
4154.904984,-2.550142,-0.590012,5.810000,-2.100000
4155.004989,-2.653140,-0.596437,5.270000,-1.900000
4155.105019,-2.758740,-0.612509,4.780000,-1.790000
4155.205026,-2.867297,-0.641653,4.600000,-1.970000
4155.305018,-2.956828,-0.648055,4.600000,-2.260000
4155.405000,-3.038620,-0.654032,4.530000,-2.600000
4155.505006,-3.142918,-0.705694,4.420000,-3.020000
4155.605009,-3.234314,-0.721327,4.240000,-3.210000
4155.705005,-3.313014,-0.751818,4.020000,-3.270000
4155.805014,-3.382991,-0.768932,3.540000,-2.670000
4155.904999,-3.475857,-0.808037,3.080000,-1.740000
4156.004978,-3.550195,-0.790222,2.730000,-1.000000
4156.105003,-3.582030,-0.792855,2.510000,-1.140000
4156.204999,-3.637964,-0.807756,2.330000,-1.400000
4156.305030,-3.658512,-0.812798,1.800000,-1.690000
4156.405014,-3.685825,-0.836501,1.020000,-1.620000
4156.505026,-3.679591,-0.855698,0.520000,-1.390000
4156.605004,-3.719971,-0.870688,0.320000,-0.830000
4156.704997,-3.726135,-0.860544,0.220000,-0.270000
4156.804999,-3.736070,-0.849058,0.150000,-0.110000
4156.905000,-3.774892,-0.828985,0.400000,-0.170000
4157.005024,-3.763704,-0.846499,0.750000,-0.570000
4157.104976,-3.756821,-0.871548,0.920000,-1.100000
4157.204975,-3.790926,-0.877008,0.910000,-1.190000
4157.305003,-3.810101,-0.863400,0.650000,-1.050000
4157.404975,-3.837601,-0.874800,0.530000,-0.870000
4157.505060,-3.836397,-0.873935,0.570000,-0.580000
4157.604996,-3.864153,-0.900649,0.560000,-0.460000
4157.705017,-3.907630,-0.875828,0.300000,-0.280000
4157.805013,-3.898605,-0.872015,0.080000,-0.210000
4157.904995,-3.847272,-0.873031,-0.120000,0.110000
4158.005045,-3.864172,-0.887807,-0.100000,0.400000
4158.105007,-3.870006,-0.855139,-0.210000,0.790000
4158.204973,-3.853192,-0.835690,-0.330000,0.960000
4158.305026,-3.832276,-0.841893,-0.440000,0.950000
4158.405011,-3.847306,-0.805555,-0.390000,0.570000
4158.505003,-3.821635,-0.813448,-0.360000,0.190000
4158.605027,-3.838992,-0.811196,-0.190000,-0.340000
4158.705012,-3.853391,-0.796205,-0.130000,-0.770000
4158.805003,-3.828730,-0.838253,-0.280000,-1.140000
4158.904986,-3.807213,-0.849506,-0.310000,-1.280000
4159.004986,-3.824643,-0.864681,-0.140000,-1.030000
4159.105024,-3.830178,-0.870090,0.120000,-0.310000
4159.205005,-3.828574,-0.894834,0.340000,0.280000
4159.304989,-3.841825,-0.860318,0.330000,0.740000
4159.405010,-3.818686,-0.846357,0.290000,1.110000
4159.505013,-3.851674,-0.842326,0.160000,1.360000
4159.605011,-3.834036,-0.799490,0.000000,1.200000
4159.705007,-3.836625,-0.786481,-0.080000,1.090000
4159.805007,-3.829726,-0.762672,-0.220000,0.840000
4159.905002,-3.842087,-0.746615,-0.140000,0.470000
4160.004997,-3.818521,-0.752878,-0.140000,0.090000
4160.104998,-3.865209,-0.757784,-0.060000,-0.250000
4160.205008,-3.862794,-0.738831,-0.180000,-0.510000
4160.305019,-3.868798,-0.770832,-0.290000,-0.420000
4160.405006,-3.864554,-0.766799,-0.460000,-0.110000
4160.504994,-3.837267,-0.743952,-0.490000,0.250000
4160.605004,-3.840130,-0.732487,-0.390000,0.740000
4160.705001,-3.810651,-0.738761,-0.480000,0.750000
4160.805010,-3.816497,-0.726108,-0.420000,0.500000
4160.904974,-3.817363,-0.696880,-0.500000,0.180000
4161.005029,-3.785213,-0.718892,-0.710000,-0.250000
4161.105030,-3.789063,-0.715450,-0.770000,-0.400000
4161.205000,-3.772126,-0.695972,-0.590000,-0.490000
4161.305006,-3.784962,-0.733665,-0.290000,-0.700000
4161.405026,-3.760084,-0.732580,-0.100000,-0.930000
4161.504992,-3.787763,-0.737558,0.230000,-1.320000
4161.604973,-3.794870,-0.752914,0.510000,-1.370000
4161.705008,-3.811006,-0.788363,0.660000,-1.260000
4161.805011,-3.845753,-0.768334,0.590000,-1.030000
4161.904973,-3.821055,-0.768833,0.560000,-0.710000
4162.005000,-3.868078,-0.799985,0.450000,-0.320000
4162.105003,-3.865762,-0.768422,0.230000,-0.060000
4162.204999,-3.885328,-0.780229,0.190000,0.070000
4162.305002,-3.877157,-0.750656,-0.120000,0.070000
4162.404989,-3.859853,-0.759433,-0.220000,-0.300000
4162.505007,-3.862997,-0.746403,-0.160000,-0.540000
4162.604987,-3.865866,-0.757094,-0.020000,-0.940000
4162.705013,-3.899071,-0.776317,0.200000,-1.500000
4162.804980,-3.878264,-0.786041,0.310000,-1.620000
4162.905004,-3.866463,-0.799314,0.110000,-1.580000
4163.004974,-3.911072,-0.832114,0.110000,-1.320000
4163.105005,-3.900456,-0.813238,-0.050000,-0.900000
4163.204975,-3.875030,-0.840119,-0.350000,-0.360000
4163.304981,-3.925378,-0.859883,-0.330000,0.180000
4163.405026,-3.876587,-0.824419,-0.270000,0.550000
4163.504997,-3.894178,-0.799774,-0.040000,0.540000
4163.605002,-3.860379,-0.787527,-0.030000,0.330000
4163.705001,-3.878139,-0.787606,0.120000,0.020000
4163.805029,-3.902751,-0.760212,0.230000,-0.390000
4163.904995,-3.887147,-0.755994,0.240000,-0.540000
4164.005004,-3.906573,-0.784246,0.080000,-0.470000
4164.105005,-3.879327,-0.784690,0.080000,-0.320000
4164.205003,-3.889633,-0.769742,0.000000,-0.610000
4164.305002,-3.864426,-0.764514,-0.460000,-1.060000
4164.405034,-3.890812,-0.826197,-1.040000,-1.390000
4164.504976,-3.863025,-0.830863,-1.830000,-0.950000
4164.605007,-3.818250,-0.843120,-2.710000,0.030000
4164.705007,-3.776937,-0.857937,-3.470000,1.290000
4164.805005,-3.699597,-0.836816,-4.270000,2.320000
4164.905010,-3.600392,-0.804171,-4.820000,3.090000
4165.004997,-3.509891,-0.756208,-5.090000,4.060000
4165.105004,-3.423301,-0.702747,-5.360000,4.420000
4165.205009,-3.325998,-0.650768,-5.600000,4.360000
4165.305010,-3.186856,-0.601983,-6.210000,4.200000
4165.405005,-3.036411,-0.542123,-6.810000,3.880000
4165.504975,-2.918579,-0.502132,-7.260000,3.700000
4165.605031,-2.767354,-0.468129,-7.710000,3.690000
4165.705004,-2.639305,-0.443094,-8.160000,3.990000
4165.805010,-2.485623,-0.384280,-8.660000,4.410000
4165.905004,-2.320513,-0.320832,-9.030000,4.700000
4166.004978,-2.155903,-0.322024,-9.380000,4.770000
4166.104980,-1.967064,-0.251618,-9.810000,4.730000
4166.204975,-1.787499,-0.204096,-9.920000,4.460000
4166.305024,-1.623095,-0.207589,-9.820000,4.080000
4166.404980,-1.475326,-0.155156,-9.440000,3.680000
4166.504975,-1.299742,-0.144547,-8.830000,3.270000
4166.604973,-1.116725,-0.134768,-8.190000,2.730000
4166.705070,-0.994605,-0.125285,-7.500000,2.200000
4166.805039,-0.891114,-0.123933,-6.950000,1.900000
4166.904993,-0.794624,-0.133292,-6.540000,1.680000
4167.004984,-0.689546,-0.118632,-6.110000,1.810000
4167.105008,-0.611908,-0.124921,-5.740000,1.870000
4167.205009,-0.532550,-0.109598,-5.430000,1.720000
4167.304977,-0.439980,-0.108463,-5.210000,1.610000
4167.405003,-0.363527,-0.113159,-5.170000,1.400000
4167.504978,-0.299294,-0.098064,-5.010000,1.300000
4167.604999,-0.243904,-0.103083,-4.760000,1.290000
4167.704998,-0.196620,-0.118464,-4.390000,1.230000
4167.805013,-0.150971,-0.106736,-3.910000,1.430000
4167.905015,-0.112634,-0.099492,-3.550000,1.700000
4168.005001,-0.071204,-0.091322,-3.120000,1.910000
4168.104978,-0.065506,-0.061795,-2.650000,1.950000
4168.204975,-0.032116,-0.039335,-2.100000,1.720000
4168.304975,-0.030951,-0.023790,-1.670000,1.320000
4168.404976,-0.028675,-0.026880,-1.500000,0.800000
4168.505000,-0.032892,-0.015563,-1.560000,0.470000
4168.605042,-0.012845,-0.017740,-1.800000,0.530000
4168.704998,-0.013082,-0.034198,-2.170000,0.790000
4168.804990,-0.046490,-0.034209,-2.510000,1.200000
4168.905006,-0.028848,-0.016450,-2.800000,1.990000
4169.005061,0.009465,0.008635,-2.830000,2.700000
4169.105003,0.044079,0.005447,-2.770000,2.900000
4169.205007,0.074546,0.052912,-2.660000,2.820000
4169.305006,0.109484,0.070841,-2.570000,2.590000
4169.405012,0.137077,0.117405,-2.640000,2.150000
4169.504985,0.147046,0.116775,-2.740000,1.860000
4169.605001,0.117123,0.139350,-2.460000,1.500000
4169.705002,0.136364,0.141663,-2.160000,1.390000
4169.805020,0.157672,0.151996,-1.890000,1.130000
4169.904973,0.153636,0.151311,-1.660000,0.980000
4170.004974,0.103329,0.177955,-1.720000,0.660000
4170.105003,0.126780,0.142041,-2.000000,0.340000
4170.204975,0.132347,0.158211,-2.410000,0.350000
4170.305002,0.108266,0.119495,-2.640000,0.320000
4170.404989,0.138261,0.139333,-2.600000,0.470000
4170.505003,0.147162,0.115015,-2.250000,0.430000
4170.605000,0.119504,0.111527,-1.820000,0.220000
4170.705004,0.131882,0.088003,-1.750000,0.190000
4170.805013,0.124585,0.112911,-1.700000,0.100000
4170.904977,0.095144,0.082729,-1.650000,0.170000
4171.005004,0.092038,0.088247,-1.630000,0.310000
4171.105012,0.112719,0.059715,-1.680000,0.530000
4171.205002,0.041723,0.099365,-1.770000,0.510000
4171.305022,0.070783,0.069932,-1.870000,0.620000
4171.404976,0.067320,0.078910,-2.100000,0.820000
4171.504975,0.034507,0.087658,-2.340000,0.750000
4171.605002,0.033852,0.093022,-2.340000,0.550000
4171.705003,0.015235,0.085004,-2.340000,0.250000
4171.805006,0.050157,0.070954,-2.610000,0.080000
4171.905057,0.046025,0.071641,-2.820000,-0.100000
4172.004994,0.062016,0.055804,-2.900000,-0.130000
4172.105008,0.064906,0.060715,-2.810000,-0.170000
4172.205014,0.045746,0.022963,-2.750000,-0.100000
4172.305006,0.055169,0.045123,-2.760000,-0.090000
4172.405007,0.044235,0.011400,-2.800000,-0.130000
4172.504997,0.053442,0.029288,-2.890000,-0.110000
4172.605013,0.062866,0.017735,-2.810000,-0.210000
4172.704973,0.047143,-0.021896,-2.510000,-0.250000
4172.805008,0.062999,-0.000845,-2.280000,-0.330000
4172.904987,0.066699,-0.053374,-2.210000,-0.200000
4173.005015,0.046857,-0.031789,-2.260000,-0.060000
4173.104992,0.058636,-0.069747,-2.440000,0.130000
4173.205007,0.004727,-0.038139,-2.580000,0.360000
4173.305027,0.032041,-0.060782,-2.600000,0.500000
4173.405004,0.050370,-0.042041,-2.450000,0.830000
4173.504993,-0.005641,-0.040834,-2.370000,0.530000
4173.605000,0.047759,-0.047557,-2.550000,0.270000
4173.704990,0.043119,-0.031633,-2.480000,-0.240000
4173.805008,0.039560,-0.052184,-2.420000,-0.710000
4173.904974,0.026226,-0.067856,-2.350000,-0.970000
4174.005002,0.018687,-0.086113,-2.190000,-1.170000
4174.105019,0.015907,-0.131699,-2.190000,-1.010000
4174.205019,-0.035225,-0.128408,-2.130000,-0.660000
4174.305000,-0.010966,-0.149757,-2.150000,-0.440000
4174.405014,-0.008952,-0.162949,-2.270000,-0.140000
4174.505005,-0.037059,-0.136711,-2.480000,0.000000
4174.604985,-0.017709,-0.174486,-2.480000,0.230000
4174.705001,-0.007241,-0.161732,-2.580000,0.820000
4174.804997,-0.041567,-0.143204,-2.590000,1.100000
4174.904973,-0.017722,-0.128085,-2.540000,1.430000
4175.004991,0.012836,-0.104882,-2.330000,1.310000
4175.105008,-0.013827,-0.105966,-2.340000,1.030000
4175.205006,-0.008236,-0.078010,-2.430000,0.650000
4175.305002,-0.012846,-0.067344,-2.240000,-0.050000
4175.405004,-0.035133,-0.097129,-2.170000,-0.350000
4175.505013,0.001457,-0.098214,-2.310000,-0.270000
4175.605001,-0.015881,-0.103098,-2.340000,0.030000
4175.705009,-0.018081,-0.129585,-2.470000,0.330000
4175.804977,-0.049542,-0.093702,-2.260000,0.690000
4175.904988,-0.026143,-0.131433,-2.360000,0.960000
4176.005012,-0.071386,-0.079726,-2.300000,1.200000
4176.105011,-0.021491,-0.103875,-2.510000,1.430000
4176.205009,-0.056977,-0.038565,-2.390000,1.630000
4176.305010,-0.019734,-0.049059,-2.370000,1.550000
4176.404975,-0.044499,-0.008808,-2.220000,1.260000
4176.505026,-0.020348,0.003905,-2.300000,0.760000
4176.604980,-0.026753,0.001164,-2.430000,0.540000
4176.704978,-0.009719,0.018581,-2.390000,0.460000
4176.805002,0.003654,0.017905,-2.520000,0.350000
4176.905050,-0.021231,-0.008133,-2.570000,0.290000
4177.005007,-0.007086,0.000937,-2.820000,0.600000
4177.104995,-0.009061,0.030481,-2.910000,0.740000
4177.205004,0.031154,-0.002299,-3.240000,0.880000
4177.304999,0.051230,0.033873,-3.160000,0.790000
4177.404977,0.014143,0.025336,-2.900000,0.050000
4177.505006,0.053199,-0.015154,-2.510000,-0.860000
4177.604988,0.004599,-0.030225,-2.430000,-1.560000
4177.704996,0.022663,-0.088512,-2.240000,-1.690000
4177.804978,-0.053508,-0.120528,-1.980000,-1.330000
4177.905008,0.010883,-0.165999,-1.830000,-0.580000
4178.005034,-0.037846,-0.155844,-1.810000,0.000000
4178.104983,-0.051748,-0.191807,-2.040000,0.780000
4178.205000,-0.043365,-0.157758,-2.480000,1.530000
4178.305002,-0.019151,-0.168196,-2.780000,2.160000
4178.405014,-0.024783,-0.113853,-2.790000,2.520000
4178.504984,-0.034414,-0.098415,-2.680000,2.330000
4178.605001,-0.011095,-0.072109,-2.600000,2.010000
4178.704974,0.011947,-0.047450,-2.590000,1.440000
4178.805008,0.017763,-0.056978,-2.530000,1.010000
4178.905025,-0.012553,-0.016614,-2.320000,0.770000
4179.004981,0.000387,-0.024912,-2.340000,0.750000
4179.105007,0.024743,-0.032467,-2.180000,0.700000
4179.205006,-0.003719,-0.038107,-2.170000,0.730000
4179.304990,-0.000602,-0.029158,-2.360000,0.860000
4179.405000,0.011499,-0.031006,-2.330000,0.650000
4179.505055,-0.014773,-0.014190,-2.220000,0.470000
4179.604999,-0.001536,-0.022453,-2.200000,0.640000
4179.705006,0.012643,-0.038394,-2.100000,0.750000
4179.805001,-0.027663,-0.012278,-2.020000,1.020000
4179.904976,0.004866,-0.026264,-2.260000,1.200000
4180.005007,0.013121,-0.012833,-2.500000,1.320000
4180.104974,-0.021349,0.002948,-2.700000,1.270000
4180.204980,0.022265,-0.018289,-2.780000,1.270000
4180.305004,0.025966,0.025173,-2.560000,1.220000
4180.405048,0.000783,0.007779,-2.320000,1.260000
4180.505006,0.022956,0.017435,-2.290000,1.380000
4180.605001,0.031726,0.030330,-2.170000,1.220000
4180.704998,0.019623,0.058181,-1.670000,1.110000
4180.805024,-0.013554,0.070029,-1.180000,0.940000
4180.904974,-0.009672,0.055778,-1.090000,0.740000
4181.005022,-0.011374,0.062331,-1.480000,0.450000
4181.104980,-0.081509,0.071635,-2.060000,0.130000
4181.205015,-0.065717,0.060275,-2.750000,0.080000
4181.305001,-0.067844,0.057296,-2.930000,-0.120000
4181.405002,-0.085041,0.014628,-3.060000,-0.180000
4181.505002,-0.050058,0.017754,-3.290000,-0.090000
4181.604976,-0.030966,0.002643,-3.140000,-0.040000
4181.704997,-0.091443,-0.056823,-3.050000,0.010000
4181.804978,-0.038717,-0.036606,-2.950000,0.010000
4181.905019,-0.047344,-0.090100,-2.820000,0.170000
4182.005008,-0.046593,-0.078731,-2.930000,0.350000
4182.105004,-0.082097,-0.095061,-2.960000,0.610000
4182.205018,-0.030876,-0.086539,-3.140000,0.980000
4182.305026,-0.035352,-0.095293,-3.030000,1.490000
4182.405008,-0.002900,-0.108214,-2.990000,1.830000
4182.505007,-0.018231,-0.046871,-2.830000,2.150000
4182.605029,-0.036887,-0.021749,-2.690000,2.500000
4182.704976,0.008045,-0.054493,-3.050000,2.740000
4182.804975,-0.019232,0.011184,-3.180000,2.700000
4182.904972,-0.006263,0.006644,-2.950000,2.610000
4183.004980,-0.012923,0.034886,-2.900000,2.190000
4183.105026,0.016833,0.041584,-2.830000,1.680000
4183.204976,0.004742,0.026480,-2.900000,0.900000
4183.305009,0.035772,0.065156,-3.130000,0.660000
4183.404997,0.002680,0.029760,-3.420000,0.810000
4183.504978,0.040425,0.023562,-3.490000,1.010000
4183.605006,0.028835,-0.006419,-3.750000,0.850000
4183.705003,0.006278,0.009902,-3.930000,0.770000
4183.804981,0.085982,0.010420,-3.820000,1.020000
4183.905018,0.046693,0.005257,-3.620000,1.360000
4184.004972,0.064553,0.012394,-3.050000,1.530000
4184.104976,0.076630,-0.003610,-2.710000,1.640000
4184.205010,0.072991,0.026478,-2.500000,1.670000
4184.304999,0.043409,0.020177,-2.510000,1.540000
4184.404976,0.065288,0.028941,-2.540000,1.390000
4184.505012,0.034695,0.057606,-2.550000,0.890000
4184.605004,0.041407,0.024814,-2.660000,0.790000
4184.704997,-0.006890,0.041971,-2.900000,0.640000
4184.804986,0.009208,-0.001250,-3.000000,0.770000
4184.905000,-0.002919,0.001533,-3.090000,0.870000
4185.004995,0.010972,-0.002063,-3.160000,1.060000
4185.105009,0.011895,-0.033563,-3.170000,1.100000
4185.205005,0.053073,0.009007,-3.290000,1.220000
4185.305003,0.043641,-0.031156,-3.330000,1.140000
4185.404994,0.033066,-0.008439,-3.090000,1.190000
4185.505001,0.062803,-0.013079,-2.940000,1.400000
4185.605002,0.047134,0.014125,-2.720000,1.620000
4185.705035,0.042346,-0.006770,-2.510000,1.640000
4185.805000,0.051236,0.041508,-2.540000,1.660000
4185.905003,0.052040,0.019614,-2.600000,1.590000
4186.004975,0.013304,0.063913,-2.420000,1.310000
4186.105011,0.025966,0.025749,-2.450000,1.040000
4186.205006,0.004869,0.065659,-2.480000,0.900000
4186.305023,-0.008743,0.028580,-2.440000,0.460000
4186.405016,0.009157,0.057117,-2.570000,0.260000
4186.505007,-0.008220,0.033687,-2.650000,0.280000
4186.604998,0.004659,-0.007002,-2.600000,0.210000
4186.705009,0.001837,0.017212,-2.610000,0.520000
4186.805002,-0.001310,-0.019174,-2.680000,0.740000
4186.905008,0.022042,0.021105,-2.720000,0.760000
4187.004997,-0.023606,-0.019987,-2.740000,0.910000
4187.105029,-0.014589,-0.023332,-2.590000,0.720000
4187.204994,-0.013011,-0.016188,-2.650000,0.680000
4187.304994,-0.019523,-0.017279,-2.520000,0.760000
4187.405000,0.002497,-0.013578,-2.460000,1.140000
4187.505029,-0.019292,0.005079,-2.440000,1.500000
4187.604987,0.008971,0.014187,-2.550000,1.440000
4187.705009,-0.025910,0.037683,-2.620000,1.290000
4187.805032,0.024398,0.006044,-2.670000,0.930000
4187.905010,-0.017436,0.053786,-2.670000,0.670000
4188.004987,0.011485,0.015102,-2.680000,0.560000
4188.105003,0.000842,0.002954,-2.830000,0.280000
4188.205004,-0.044647,-0.006372,-3.050000,0.110000
4188.305002,-0.008110,-0.002237,-3.040000,0.000000
4188.405005,-0.022663,-0.040663,-2.890000,0.390000
4188.505006,0.015464,-0.052957,-2.770000,0.710000
4188.605014,-0.000237,-0.034578,-2.630000,0.960000
4188.705014,0.022635,-0.031304,-2.380000,0.940000
4188.804983,0.031490,-0.050222,-2.350000,0.820000
4188.904974,0.017582,-0.028885,-2.240000,0.850000
4189.005016,0.028563,-0.027287,-2.040000,0.920000
4189.105006,-0.009691,-0.024365,-1.880000,0.780000
4189.204992,0.009514,-0.010989,-1.980000,0.670000
4189.304999,-0.025490,-0.007072,-1.990000,0.610000
4189.404978,-0.005338,-0.028618,-2.140000,0.600000
4189.504975,-0.072643,0.002897,-2.070000,0.580000
4189.605004,-0.031291,-0.028556,-2.310000,0.760000
4189.704993,-0.067193,-0.012669,-2.560000,0.890000
4189.805001,-0.018684,-0.018930,-3.000000,0.930000
4189.905002,-0.033485,-0.026923,-3.220000,0.920000
4190.005010,-0.018939,-0.015182,-3.230000,1.050000
4190.105003,-0.002316,-0.005447,-2.980000,1.140000
4190.205004,0.018108,-0.027822,-2.950000,1.180000
4190.305006,0.003322,0.003472,-2.790000,1.100000
4190.404973,0.002557,0.000383,-2.720000,1.030000
4190.504975,-0.016705,-0.029565,-2.830000,0.750000
4190.605026,0.006100,-0.013879,-3.010000,0.740000
4190.705020,0.005097,-0.023340,-3.130000,0.850000
4190.804990,0.027026,-0.005731,-3.160000,0.880000
4190.905013,0.044476,-0.014817,-2.950000,0.860000
4191.005007,0.012608,-0.017337,-2.780000,0.760000
4191.104977,0.050912,-0.008485,-2.390000,0.910000
4191.205011,0.004684,-0.000324,-2.340000,1.000000
4191.305001,0.040776,-0.038949,-2.410000,1.310000
4191.404999,-0.001746,0.011366,-2.620000,1.470000
4191.504994,0.032379,-0.008693,-2.720000,1.440000
4191.604972,0.036894,0.019853,-2.670000,1.170000
4191.704999,0.019181,0.029938,-2.880000,0.780000
4191.805009,0.048365,0.001215,-2.920000,0.520000
4191.904999,0.011078,0.014456,-3.010000,0.380000
4192.004980,0.060688,0.001598,-2.890000,0.460000
4192.104979,0.023756,-0.000172,-2.690000,0.670000
4192.205006,0.060211,-0.007304,-2.440000,1.040000
4192.304991,0.056110,0.007253,-2.250000,1.400000
4192.404978,0.048877,0.012228,-2.310000,1.310000
4192.505016,0.063214,0.051887,-2.270000,1.200000
4192.605007,0.014367,0.055789,-2.320000,1.200000
4192.705003,0.045335,0.046804,-2.460000,1.060000
4192.804979,0.041487,0.056226,-2.640000,0.690000
4192.904995,0.001736,0.055898,-2.660000,0.150000
4193.004982,0.054790,0.043377,-2.780000,-0.070000
4193.105003,0.036726,0.041771,-2.580000,-0.290000
4193.204990,0.017776,0.029210,-2.460000,-0.460000
4193.304999,0.014930,-0.000034,-2.480000,-0.480000
4193.405050,0.022553,-0.019304,-2.630000,-0.630000
4193.505000,-0.006113,-0.021945,-2.800000,-0.410000
4193.604994,-0.002448,-0.030339,-3.000000,0.050000
4193.705001,0.020971,-0.053193,-2.870000,0.380000
4193.805002,0.036719,-0.054344,-2.990000,0.640000
4193.905020,0.013825,-0.040933,-2.960000,0.690000
4194.005007,0.031170,-0.040773,-2.830000,0.790000
4194.105009,0.049877,-0.037277,-2.480000,0.750000
4194.204975,0.034707,-0.017562,-2.350000,0.490000
4194.305013,0.020558,-0.030825,-2.470000,0.090000
4194.404973,0.050733,-0.023220,-2.450000,-0.130000
4194.505014,0.045958,-0.035440,-2.070000,-0.460000
4194.604997,0.014603,-0.047659,-1.880000,-0.500000
4194.704973,0.013106,-0.051401,-2.120000,-0.240000
4194.804993,0.026183,-0.084034,-2.390000,0.170000
4194.905012,-0.001036,-0.053664,-2.470000,0.470000
4195.005018,0.035416,-0.052706,-2.110000,0.660000
4195.105006,-0.005974,-0.034059,-1.800000,0.770000
4195.204978,0.025563,-0.056458,-1.680000,0.900000
4195.305015,-0.028602,-0.004471,-1.770000,0.880000
4195.404994,0.008855,0.000260,-2.070000,1.010000
4195.505005,-0.030353,0.032011,-2.540000,1.170000
4195.604998,0.026567,0.011972,-2.770000,1.240000
4195.705028,-0.009874,0.041480,-2.780000,1.020000
4195.805036,0.017739,0.053235,-2.790000,0.610000
4195.905005,0.013040,0.080041,-2.750000,0.190000
4196.005007,0.052706,0.063737,-2.780000,-0.240000
4196.105004,0.018805,0.061644,-2.540000,-0.600000
4196.205000,0.024333,0.062751,-2.400000,-0.850000
4196.305003,0.009162,0.034992,-2.270000,-0.920000
4196.404994,0.008308,0.027930,-2.270000,-0.890000
4196.504975,-0.011644,0.044582,-2.240000,-0.850000
4196.604996,0.005126,0.014559,-2.280000,-0.780000
4196.704985,-0.006495,0.009404,-2.150000,-0.760000
4196.805008,0.001440,0.006610,-2.120000,-0.710000
4196.905008,-0.020902,-0.004191,-2.150000,-0.600000
4197.005004,-0.014158,-0.011371,-2.200000,-0.470000
4197.105002,-0.046628,-0.001387,-2.330000,-0.350000
4197.205010,-0.032847,-0.019052,-2.580000,-0.210000
4197.305004,-0.059672,-0.020192,-2.630000,-0.070000
4197.405001,-0.027862,-0.002832,-2.840000,0.150000
4197.505005,-0.061329,0.001399,-2.860000,0.230000
4197.605016,-0.026321,-0.024292,-3.050000,0.020000
4197.705005,-0.037660,0.007722,-2.920000,-0.250000
4197.805001,-0.013270,0.017830,-2.950000,-0.310000
4197.905033,0.001296,-0.005176,-2.800000,-0.310000
4198.005006,0.013370,-0.021735,-2.920000,-0.360000
4198.105000,-0.011238,-0.016083,-2.930000,-0.260000
4198.205003,0.023473,-0.004031,-2.920000,-0.090000
4198.305009,0.039512,-0.001633,-2.790000,0.060000
4198.405010,0.016276,-0.015361,-2.710000,0.030000
4198.505000,0.028826,0.005841,-2.580000,-0.160000
4198.605004,0.007124,0.016628,-2.580000,-0.340000
4198.705011,0.040631,0.008994,-2.470000,-0.530000
4198.805005,0.004371,-0.001247,-2.410000,-0.760000
4198.905012,0.028805,-0.023337,-2.370000,-1.000000
4199.005014,-0.013623,-0.010126,-2.380000,-1.120000
4199.105005,0.025653,-0.044301,-2.350000,-1.120000
4199.204974,-0.010534,-0.064721,-2.350000,-1.000000
4199.305016,-0.007430,-0.066181,-2.310000,-0.750000
4199.404972,-0.033263,-0.053822,-2.200000,-0.440000
4199.505012,-0.003994,-0.071476,-2.210000,-0.170000
4199.604975,-0.027310,-0.065729,-2.150000,0.090000
4199.705000,-0.008819,-0.048809,-2.380000,0.400000
4199.805042,0.006659,-0.041135,-2.570000,0.460000
4199.905000,-0.006495,-0.035131,-2.620000,0.430000
4200.005000,0.023612,-0.031132,-2.380000,0.240000
4200.104989,-0.009206,-0.005274,-2.240000,-0.060000
4200.204980,0.015674,-0.028626,-2.150000,-0.120000
4200.304973,-0.027588,-0.006277,-2.200000,-0.040000
4200.404972,0.011270,-0.013236,-2.170000,0.030000
4200.505009,-0.016823,-0.022529,-2.170000,0.100000
4200.605008,-0.001748,-0.000225,-2.000000,0.110000
4200.704996,-0.013114,0.006803,-2.160000,0.000000
4200.804980,-0.004354,-0.028355,-2.390000,-0.050000
4200.905003,-0.031022,-0.000739,-2.530000,0.000000
4201.005008,-0.041218,-0.011284,-2.700000,0.160000
4201.105003,-0.015116,0.000806,-2.890000,0.400000
4201.205007,-0.026091,-0.008833,-3.050000,0.380000
4201.304975,0.003162,0.027747,-3.080000,0.320000
4201.405010,0.022027,0.013942,-3.260000,0.350000
4201.505004,0.047308,0.022510,-3.140000,0.290000
4201.604986,0.044741,0.003581,-3.050000,0.220000
4201.705041,0.025451,0.012499,-2.890000,0.110000
4201.805010,0.042151,0.031731,-2.940000,0.120000
4201.905006,0.037501,0.018270,-2.980000,0.140000
4202.005022,0.071757,0.023601,-2.940000,0.180000
4202.104976,0.050414,0.014853,-2.890000,0.170000
4202.205003,0.062505,0.036111,-2.750000,0.010000
4202.304993,0.051854,0.046456,-2.540000,-0.060000
4202.405011,0.078250,0.030152,-2.340000,-0.190000
4202.505011,0.063988,0.039137,-2.200000,-0.250000
4202.605008,0.045645,0.007513,-2.110000,-0.240000
4202.704986,0.052451,0.021232,-2.250000,-0.170000
4202.805011,0.028988,0.052727,-2.490000,-0.210000
4202.904987,0.075378,0.025838,-2.490000,-0.340000
4203.005041,0.047286,0.020781,-2.590000,-0.490000
4203.104985,0.048790,0.014516,-2.460000,-0.460000
4203.204981,0.053929,0.036759,-2.380000,-0.200000
4203.304979,0.062552,0.014053,-2.480000,-0.040000
4203.405012,0.045478,-0.000513,-2.950000,-0.280000
4203.505005,0.042124,0.008521,-3.270000,-0.940000
4203.604973,0.068142,-0.004468,-3.640000,-1.990000
4203.704972,0.061444,-0.050768,-3.920000,-2.990000
4203.804976,0.108716,-0.120624,-4.440000,-3.720000
4203.905011,0.092135,-0.174628,-4.900000,-4.210000
4204.005015,0.142533,-0.260713,-5.290000,-4.380000
4204.105001,0.134791,-0.322403,-5.570000,-4.310000
4204.205011,0.214441,-0.392522,-5.960000,-4.330000
4204.305000,0.208283,-0.485506,-6.240000,-4.450000
4204.405018,0.268448,-0.557210,-6.490000,-4.650000
4204.505010,0.283698,-0.631814,-6.700000,-4.860000
4204.605001,0.403667,-0.736285,-7.030000,-5.310000
4204.704972,0.409812,-0.831150,-7.230000,-5.640000
4204.805011,0.501461,-0.942970,-7.550000,-5.940000
4204.905003,0.521453,-1.078860,-7.750000,-6.300000
4205.005001,0.599047,-1.185570,-8.040000,-6.450000
4205.105017,0.650266,-1.301232,-8.070000,-6.590000
4205.204987,0.670294,-1.395263,-8.060000,-6.290000
4205.305006,0.749900,-1.509181,-8.010000,-5.900000
4205.404978,0.812209,-1.602674,-8.000000,-5.330000
4205.505006,0.845543,-1.677490,-7.850000,-5.040000
4205.604972,0.977681,-1.749470,-7.640000,-5.070000
4205.705003,0.984261,-1.811351,-7.010000,-4.940000
4205.805005,0.992599,-1.877834,-6.570000,-5.080000
4205.905001,1.007896,-1.958770,-6.080000,-5.230000
4206.005008,1.026644,-2.009251,-5.830000,-5.270000
4206.104983,1.081449,-2.046271,-5.810000,-5.030000
4206.205000,1.063035,-2.118304,-5.690000,-4.630000
4206.305009,1.102599,-2.197701,-5.780000,-4.280000
4206.405001,1.044980,-2.207081,-5.830000,-4.140000
4206.504982,1.116125,-2.282478,-5.980000,-3.820000
4206.605005,1.104604,-2.274613,-5.930000,-3.460000
4206.704988,1.096515,-2.340569,-5.960000,-3.380000
4206.805008,1.154424,-2.354526,-5.680000,-2.970000
4206.905002,1.136382,-2.333271,-5.130000,-2.530000
4207.005008,1.170191,-2.379479,-4.720000,-2.220000
4207.105007,1.138474,-2.376941,-4.430000,-2.020000
4207.205012,1.149994,-2.339731,-4.530000,-1.960000
4207.304997,1.163842,-2.336797,-4.960000,-2.040000
4207.404997,1.169279,-2.386996,-5.040000,-2.040000
4207.504981,1.135377,-2.320343,-5.120000,-2.600000
4207.605011,1.216503,-2.399000,-5.340000,-2.230000
4207.705000,1.204714,-2.356648,-4.870000,-1.600000
4207.805001,1.152995,-2.329017,-4.290000,-1.300000
4207.905034,1.229491,-2.321233,-3.910000,-0.570000
4208.005004,1.170317,-2.276854,-3.170000,-0.100000
4208.104975,1.187265,-2.215479,-2.650000,0.270000
4208.205027,1.151921,-2.148658,-2.060000,0.430000
4208.305003,1.120073,-2.126598,-1.390000,0.730000
4208.405003,1.075470,-2.001379,-1.060000,0.610000
4208.505004,1.076087,-1.944026,-0.770000,0.830000
4208.604993,1.005617,-1.882863,-0.350000,1.220000
4208.704986,0.993001,-1.776252,0.090000,1.410000
4208.805005,0.895065,-1.711545,0.400000,1.670000
4208.905004,0.849318,-1.610671,0.500000,2.000000
4209.005008,0.772230,-1.497231,0.600000,2.380000
4209.105031,0.745025,-1.427676,0.790000,2.850000
4209.205000,0.666977,-1.308656,0.910000,3.410000
4209.304998,0.637702,-1.198543,1.120000,3.970000
4209.405006,0.566371,-1.059953,1.360000,4.080000
4209.505014,0.470266,-0.933873,1.350000,4.210000
4209.604996,0.392888,-0.857687,1.430000,3.820000
4209.704973,0.382450,-0.742764,1.110000,3.590000
4209.804976,0.343071,-0.645027,0.820000,2.760000
4209.905004,0.291604,-0.541361,0.220000,2.180000
4210.004998,0.241493,-0.466095,-0.390000,1.620000
4210.104988,0.220019,-0.404519,-1.030000,1.360000
4210.205027,0.226069,-0.377125,-1.760000,0.630000
4210.305003,0.237024,-0.351381,-2.980000,-0.320000
4210.405020,0.219554,-0.347861,-3.500000,-1.450000
4210.505010,0.214176,-0.376384,-3.000000,-1.780000
4210.604990,0.236457,-0.371554,-2.300000,-1.400000
4210.705007,0.212322,-0.386536,-1.670000,-0.600000
4210.804975,0.198211,-0.353360,-1.320000,0.090000
4210.905012,0.191783,-0.332317,-1.050000,0.630000
4211.004998,0.172488,-0.297578,-0.740000,0.720000
4211.104973,0.148629,-0.293303,-0.410000,0.700000
4211.205004,0.106897,-0.238309,-0.120000,0.770000
4211.305003,0.089633,-0.227306,-0.060000,0.880000
4211.405002,0.063327,-0.182859,-0.300000,1.070000
4211.505006,0.051701,-0.156528,-0.470000,1.020000
4211.604989,0.018005,-0.130144,-0.710000,0.990000
4211.704998,-0.029970,-0.085760,-0.980000,0.780000
4211.805000,-0.018126,-0.046667,-1.030000,0.440000
4211.904976,-0.078450,-0.040983,-1.180000,0.300000
4212.004981,-0.054477,-0.015246,-1.520000,0.230000
4212.105009,-0.055745,-0.016947,-1.670000,0.080000
4212.205007,-0.117926,0.005434,-1.830000,0.020000
4212.305004,-0.085384,0.030957,-2.120000,0.140000
4212.405001,-0.076275,0.029530,-2.150000,0.010000
4212.505011,-0.098389,0.037160,-2.240000,-0.200000
4212.605004,-0.081159,0.061219,-2.300000,-0.240000
4212.705005,-0.077147,0.046140,-2.230000,-0.350000
4212.804980,-0.087043,0.052120,-2.380000,-0.330000
4212.904980,-0.072869,0.039166,-2.510000,-0.290000
4213.005026,-0.093802,0.062324,-2.640000,-0.330000
4213.104996,-0.066208,0.064717,-2.570000,-0.420000
4213.205039,-0.083506,0.050381,-2.470000,-0.400000
4213.305007,-0.052377,0.030615,-2.430000,-0.370000
4213.405015,-0.082962,0.051271,-2.300000,-0.300000
4213.504996,-0.044997,0.062660,-2.360000,-0.310000
4213.605007,-0.077860,0.042959,-2.340000,-0.280000
4213.704998,-0.041247,0.036316,-2.440000,-0.330000
4213.805006,-0.079563,0.053172,-2.390000,-0.260000
4213.905034,-0.024433,0.066147,-2.540000,-0.250000
4214.005003,-0.045438,0.038612,-2.530000,-0.130000
4214.105032,-0.017169,0.035660,-2.620000,-0.160000
4214.205000,-0.039348,0.070922,-2.710000,0.030000
4214.305016,0.027983,0.061316,-2.680000,0.260000
4214.405025,-0.001079,0.058768,-2.580000,0.420000
4214.505040,0.006930,0.088455,-2.430000,0.340000
4214.605008,0.003961,0.114360,-2.300000,0.050000
4214.705006,0.036997,0.080012,-2.300000,-0.240000
4214.804994,-0.005117,0.107760,-2.180000,-0.540000
4214.905011,0.047661,0.109180,-2.060000,-0.690000
4215.004999,0.006679,0.068078,-1.870000,-0.670000
4215.105007,0.004331,0.101828,-1.930000,-0.610000
4215.204989,0.001304,0.085449,-2.060000,-0.530000
4215.304998,0.020986,0.054461,-2.120000,-0.590000
4215.404983,-0.026378,0.093056,-2.100000,-0.850000
4215.505006,0.033944,0.057052,-1.840000,-1.000000
4215.605021,-0.011667,0.063754,-1.750000,-1.170000
4215.705024,-0.007675,0.034608,-1.730000,-1.330000
4215.805026,-0.013429,0.012427,-1.970000,-1.300000
4215.905005,-0.069542,0.024642,-2.150000,-1.060000
4216.005001,-0.003823,-0.007974,-2.480000,-0.640000
4216.104973,-0.067501,-0.012463,-2.670000,-0.250000
4216.205004,-0.010320,-0.004577,-2.810000,0.020000
4216.305017,0.004241,0.013117,-2.850000,0.040000
4216.404990,-0.008310,-0.014225,-2.670000,-0.180000
4216.504975,0.009741,0.019933,-2.450000,-0.210000
4216.605010,0.005783,0.014576,-2.380000,-0.140000
4216.704988,0.021809,0.016804,-2.230000,0.110000
4216.805027,0.035178,0.018380,-2.200000,0.290000
4216.905033,0.001895,0.053982,-2.200000,0.460000
4217.004976,0.054750,0.045214,-2.110000,0.540000
4217.105004,0.034019,0.071270,-2.080000,0.230000
4217.205002,-0.007764,0.083128,-1.870000,-0.200000
4217.305005,0.035270,0.067637,-1.980000,-0.530000
4217.405033,0.006485,0.073772,-2.280000,-0.930000
4217.504975,0.021056,0.071992,-2.410000,-0.960000
4217.604975,0.042297,0.032868,-2.610000,-0.940000
4217.704982,0.008326,0.055352,-2.660000,-1.000000
4217.805006,0.053995,0.012958,-2.650000,-1.110000
4217.904975,0.017204,-0.011580,-2.520000,-1.070000
4218.004985,0.044826,0.020996,-2.230000,-0.890000
4218.105000,0.059022,0.003090,-2.250000,-0.700000
4218.204988,0.043220,-0.032571,-2.210000,-0.640000
4218.304991,0.039872,-0.002590,-2.210000,-0.490000
4218.405013,0.018635,0.016787,-2.270000,-0.290000
4218.504999,0.076221,-0.018779,-2.310000,-0.330000
4218.605012,0.023206,-0.031914,-2.130000,-0.200000
4218.705003,0.033942,-0.004129,-1.820000,-0.240000
4218.805027,0.004953,0.013371,-1.500000,-0.120000
4218.905012,0.026224,0.025490,-1.480000,-0.140000
4219.005009,0.025690,0.017329,-1.790000,-0.180000
4219.104994,-0.004733,0.016364,-2.050000,-0.070000
4219.204982,0.013265,0.002041,-2.360000,0.150000
4219.304977,0.015427,0.014498,-2.340000,0.390000
4219.404973,0.004647,0.027365,-2.350000,0.350000
4219.505020,0.030602,0.024614,-2.240000,0.180000
4219.605003,0.029952,0.059588,-2.410000,-0.040000
4219.704973,0.042545,0.044937,-2.410000,-0.310000
4219.805009,0.006833,0.067989,-2.470000,-0.550000
4219.905007,0.022838,0.059081,-2.500000,-0.890000
4220.005007,-0.002980,0.029485,-2.440000,-1.160000
4220.105004,0.037336,0.007511,-2.550000,-1.150000
4220.205006,0.041065,0.013115,-2.490000,-1.180000
4220.305030,0.047060,-0.010945,-2.630000,-0.830000
4220.405004,0.033443,-0.016097,-2.850000,-0.600000
4220.504985,0.018369,-0.013109,-2.860000,-0.430000
4220.604973,0.034739,-0.039235,-2.940000,-0.190000
4220.705029,0.051328,-0.010726,-2.710000,-0.330000
4220.804984,0.042059,-0.020243,-2.670000,-0.330000
4220.905010,0.088097,0.001324,-2.690000,-0.380000
4221.004997,0.086970,-0.025221,-2.460000,-0.560000
4221.105009,0.074501,-0.037271,-2.280000,-0.840000
4221.204993,0.040338,-0.022952,-2.090000,-0.790000
4221.305013,0.090389,-0.037599,-1.990000,-0.610000
4221.405032,0.061174,-0.062188,-1.930000,-0.550000
4221.504986,0.021202,-0.039363,-1.840000,-0.310000
4221.604984,0.071476,-0.033533,-1.830000,-0.140000
4221.704979,0.023181,-0.028619,-1.730000,-0.210000
4221.804983,-0.004501,-0.006932,-1.540000,-0.220000
4221.905009,0.013252,-0.012924,-1.740000,-0.170000
4222.004992,0.005712,0.006911,-2.010000,-0.090000
4222.104992,0.025082,-0.023293,-2.110000,-0.030000
4222.205055,-0.005576,0.016471,-2.080000,-0.010000
4222.304991,0.021171,0.008648,-2.070000,0.080000
4222.404975,-0.004970,0.015601,-2.160000,0.010000
4222.505004,0.008560,0.032737,-2.160000,-0.280000
4222.604975,0.007587,0.031729,-2.290000,-0.390000
4222.705010,0.018594,0.017814,-2.250000,-0.470000
4222.804994,-0.019169,0.039406,-2.340000,-0.540000
4222.905003,0.018084,0.009097,-2.310000,-0.440000
4223.004993,-0.005003,0.024464,-2.400000,-0.330000
4223.105010,0.003915,0.028323,-2.190000,-0.290000
4223.205005,0.005183,0.021474,-2.190000,-0.350000
4223.304973,0.015256,0.025975,-2.340000,-0.530000
4223.405004,-0.003996,0.031577,-2.480000,-0.490000
4223.505004,0.004228,0.028369,-2.450000,-0.470000
4223.605000,0.017679,0.011001,-2.500000,-0.620000
4223.704987,-0.006345,0.025064,-2.490000,-0.730000
4223.805008,0.025618,0.011747,-2.430000,-0.800000
4223.904981,0.016456,-0.004741,-2.410000,-0.690000
4224.004974,0.011172,-0.016469,-2.400000,-0.510000
4224.105007,0.025148,-0.032916,-2.480000,-0.200000
4224.205054,0.011885,-0.006205,-2.470000,-0.060000
4224.305003,0.019969,0.000375,-2.420000,-0.020000
4224.404974,0.042011,-0.007991,-2.410000,-0.130000
4224.504980,0.009517,0.001266,-2.270000,-0.240000
4224.605005,0.059515,0.009599,-2.220000,-0.490000
4224.704999,0.024974,0.002711,-2.270000,-0.620000
4224.804989,0.033030,0.017576,-2.300000,-0.650000
4224.905008,0.037052,-0.002372,-2.360000,-0.580000
4225.005008,0.043672,-0.008840,-2.250000,-0.640000
4225.105003,0.041962,-0.035670,-2.230000,-0.610000
4225.205017,0.019538,-0.017948,-2.140000,-0.540000
4225.305007,0.023501,-0.020464,-2.090000,-0.430000
4225.405003,0.019936,-0.008367,-1.970000,-0.350000
4225.504975,0.036520,-0.036015,-1.880000,-0.110000
4225.605000,0.016929,-0.026469,-1.670000,0.040000
4225.705006,0.031710,-0.027352,-1.610000,0.070000
4225.805007,0.000408,0.000601,-1.370000,-0.040000
4225.905007,0.004192,0.001239,-1.380000,-0.070000
4226.004999,-0.033414,0.025962,-1.430000,-0.150000
4226.104976,-0.006767,0.026655,-1.490000,-0.140000
4226.205038,-0.026896,0.024136,-1.460000,-0.250000
4226.304973,-0.015172,0.043687,-1.540000,-0.230000
4226.405003,-0.022293,0.020353,-1.610000,-0.390000
4226.505023,-0.058014,0.045812,-1.890000,-0.520000
4226.605006,-0.051737,0.051364,-2.140000,-0.610000
4226.704998,-0.087246,0.063945,-2.470000,-0.620000
4226.805029,-0.009803,0.038419,-2.670000,-0.590000
4226.905006,-0.026936,0.027783,-2.650000,-0.540000
4227.005009,-0.028491,0.028845,-2.700000,-0.640000
4227.105012,-0.021643,0.050058,-2.690000,-0.800000
4227.204975,-0.033487,0.062739,-2.800000,-0.790000
4227.304974,0.004744,0.022124,-2.730000,-0.810000
4227.404973,-0.034854,0.019533,-2.740000,-0.720000
4227.505002,0.008177,-0.001928,-2.680000,-0.580000
4227.605015,-0.011039,0.010167,-2.710000,-0.500000
4227.704999,0.019754,-0.009391,-2.650000,-0.520000
4227.805005,-0.021701,0.005069,-2.640000,-0.630000
4227.905028,0.017728,0.000143,-2.500000,-0.820000
4228.005013,-0.016560,-0.010552,-2.540000,-0.840000
4228.104972,-0.001159,0.004800,-2.430000,-0.860000
4228.204980,-0.010927,0.003586,-2.540000,-0.740000
4228.305005,0.005675,-0.029970,-2.600000,-0.630000
4228.404992,-0.036451,-0.013635,-2.540000,-0.610000
4228.504975,0.021386,-0.027320,-2.500000,-0.590000
4228.604976,0.000404,-0.016665,-2.460000,-0.610000
4228.705003,0.007644,-0.018010,-2.400000,-0.570000
4228.804984,0.018036,-0.035297,-2.390000,-0.600000
4228.905012,-0.028529,-0.015763,-2.310000,-0.770000
4229.004972,0.002898,-0.027068,-2.140000,-0.850000
4229.104989,-0.031645,-0.021623,-2.200000,-0.810000
4229.204994,0.022056,-0.014364,-2.450000,-0.680000
4229.305001,0.020045,-0.025554,-2.460000,-0.650000
4229.405007,-0.028142,-0.026737,-2.350000,-0.760000
4229.505020,0.006541,-0.051109,-2.170000,-0.920000
4229.604991,-0.043795,-0.035409,-2.090000,-0.910000
4229.704996,-0.002550,-0.040342,-2.440000,-0.680000
4229.805002,0.006790,-0.031870,-2.760000,-0.570000
4229.905031,-0.051219,-0.036041,-2.890000,-0.580000
4230.004976,0.020742,-0.044135,-2.910000,-0.690000
4230.105002,0.031113,-0.020979,-2.740000,-0.840000
4230.205003,-0.004663,-0.039581,-2.680000,-0.900000
4230.304981,0.011722,-0.052148,-2.490000,-0.840000
4230.405000,-0.031510,-0.070485,-2.330000,-0.570000
4230.504976,0.018887,-0.067030,-2.350000,-0.370000
4230.605009,-0.016685,-0.066419,-2.330000,-0.150000
4230.705020,0.043968,-0.079625,-2.310000,-0.160000
4230.804991,0.024805,-0.070396,-2.090000,-0.280000
4230.905021,0.015605,-0.074078,-1.960000,-0.290000
4231.004986,0.003277,-0.086807,-1.930000,-0.240000
4231.105002,0.021617,-0.068589,-2.160000,-0.120000
4231.205007,0.002695,-0.059310,-2.200000,-0.140000
4231.305005,0.008460,-0.051543,-2.200000,-0.240000
4231.405007,0.022679,-0.070564,-2.120000,-0.330000
4231.504996,0.003765,-0.047726,-2.050000,-0.110000
4231.605006,0.017343,-0.057780,-1.910000,0.180000
4231.705000,-0.013772,-0.051465,-1.990000,0.320000
4231.805016,0.005589,-0.038796,-1.830000,0.300000
4231.905011,-0.037363,-0.023036,-1.870000,0.410000
4232.004982,-0.015137,-0.018574,-1.910000,0.530000
4232.104973,-0.050217,0.020096,-1.950000,0.660000
4232.205008,-0.012046,0.021956,-1.790000,0.580000
4232.304974,-0.055800,0.050774,-1.580000,0.330000
4232.404974,-0.007897,0.045492,-1.610000,0.110000
4232.505015,-0.061690,0.056300,-2.000000,-0.030000
4232.605004,-0.008582,0.053978,-2.280000,0.020000
4232.705006,-0.044011,0.043611,-2.520000,0.180000
4232.805015,-0.015458,0.062659,-2.450000,0.220000
4232.905006,-0.062454,0.083847,-2.340000,0.170000
4233.005018,-0.019995,0.091018,-2.300000,-0.070000
4233.104996,-0.036780,0.089237,-2.440000,-0.250000
4233.204984,0.005835,0.091471,-2.640000,-0.490000
4233.304996,-0.012259,0.096744,-2.880000,-0.450000
4233.405012,0.002047,0.060455,-2.960000,-0.570000
4233.505003,-0.000107,0.066246,-3.080000,-0.730000
4233.605001,-0.015348,0.050761,-3.020000,-0.810000
4233.705005,0.012280,0.069455,-3.030000,-0.630000
4233.805010,0.028531,0.041560,-2.940000,-0.430000
4233.904976,0.039117,0.036562,-2.810000,-0.600000
4234.005019,0.023507,0.020794,-2.650000,-0.820000
4234.105003,0.032794,0.004695,-2.650000,-0.930000
4234.204989,0.040459,-0.005005,-2.520000,-0.870000
4234.304973,0.045181,-0.020664,-2.370000,-0.810000
4234.405039,0.020347,-0.028657,-1.890000,-0.910000
4234.505007,-0.000821,-0.016523,-1.740000,-1.040000
4234.605003,-0.008625,-0.028089,-1.870000,-1.170000
4234.705002,-0.020436,-0.028446,-2.230000,-1.150000
4234.805005,-0.035935,-0.058087,-2.510000,-1.010000
4234.905009,-0.016917,-0.062882,-2.830000,-0.830000
4235.004990,-0.019675,-0.065582,-2.970000,-0.450000
4235.105004,-0.013440,-0.092637,-3.090000,-0.080000
4235.205008,0.007896,-0.085590,-2.990000,0.140000
4235.304982,-0.027525,-0.042760,-2.900000,0.330000
4235.405000,0.017921,-0.047352,-2.760000,0.520000
4235.505002,0.012116,-0.023520,-2.670000,0.750000
4235.604984,0.042272,-0.031252,-2.500000,0.880000
4235.704983,0.007432,-0.006542,-2.460000,0.680000
4235.805000,0.027466,0.020389,-2.440000,0.330000
4235.904982,0.040073,0.028813,-2.740000,0.140000
4236.005005,0.041402,0.031164,-2.800000,-0.120000
4236.104972,0.050355,0.008803,-2.790000,-0.410000
4236.205011,0.006178,0.026034,-2.640000,-0.670000
4236.305006,0.034788,0.028514,-2.680000,-0.750000
4236.404977,0.001549,0.028258,-2.590000,-0.750000
4236.505006,0.061188,0.004368,-2.720000,-0.730000
4236.605007,0.007276,0.024187,-2.910000,-0.760000
4236.704998,0.050565,-0.005109,-3.020000,-0.680000
4236.805009,0.037133,-0.022225,-2.960000,-0.840000
4236.905006,0.032913,-0.032101,-2.590000,-1.190000
4237.004981,0.011956,-0.033876,-2.410000,-1.030000
4237.105007,-0.001177,-0.018744,-2.530000,-0.450000
4237.205013,0.035411,-0.032035,-2.660000,0.110000
4237.305002,0.032606,-0.037800,-2.900000,0.360000
4237.404996,0.057594,-0.033631,-3.090000,0.430000
4237.505003,0.046136,0.001025,-3.170000,0.300000
4237.604987,0.070517,0.007097,-3.060000,0.080000
4237.704989,0.072344,-0.000604,-3.030000,-0.220000
4237.805024,0.085198,-0.008010,-2.810000,-0.480000
4237.905012,0.082649,0.010528,-2.800000,-0.380000
4238.004993,0.085831,-0.018250,-2.690000,-0.190000
4238.104990,0.044553,0.008485,-2.720000,-0.310000
4238.205026,0.071055,0.020577,-2.610000,-0.550000
4238.304994,0.062407,-0.010022,-2.460000,-0.820000
4238.404986,0.091081,-0.026353,-2.390000,-0.660000
4238.504999,0.096718,-0.020375,-2.410000,-0.280000
4238.605000,0.038268,-0.006259,-2.230000,-0.160000
4238.705004,0.064175,-0.030151,-1.960000,-0.200000
4238.805005,0.045835,-0.033036,-1.640000,-0.380000
4238.905016,0.037082,-0.020718,-1.880000,-0.390000
4239.005010,0.056942,-0.008771,-2.210000,-0.220000
4239.105013,0.030470,-0.019699,-2.240000,0.190000
4239.205006,0.040721,-0.006737,-2.160000,0.470000
4239.305007,0.063084,0.011912,-2.100000,0.550000
4239.405009,0.030854,0.006750,-2.100000,0.030000
4239.505010,0.043912,0.006697,-2.140000,-0.490000
4239.604995,0.053494,0.010069,-1.990000,-0.660000
4239.705003,0.033512,0.000129,-1.780000,-0.930000
4239.804985,0.029134,-0.008333,-1.630000,-0.970000
4239.905003,0.009364,-0.031013,-1.580000,-0.660000
4240.005020,0.006038,-0.026811,-1.570000,-0.190000
4240.104973,0.029616,-0.029581,-1.840000,0.400000
4240.205019,-0.007127,-0.012454,-2.600000,0.820000
4240.305033,0.028934,0.009012,-2.740000,1.050000
4240.405000,0.051664,0.017095,-2.100000,0.550000
4240.505014,0.044426,0.051918,-1.050000,0.020000
4240.604989,0.022000,0.055179,-0.670000,-0.380000
4240.705005,0.025175,0.072122,-0.900000,-0.670000
4240.805041,-0.004846,0.053207,-1.300000,-1.080000
4240.905005,0.012295,0.037146,-1.640000,-1.920000
4241.005004,-0.014395,0.048527,-1.720000,-2.080000
4241.105014,0.011931,0.024504,-1.590000,-1.600000
4241.204997,-0.014240,0.002127,-1.110000,-1.380000
4241.304991,0.021861,0.040844,-0.930000,-0.800000
4241.405014,0.057561,0.076446,-1.700000,1.200000
4241.505013,0.034590,0.077113,-0.860000,0.430000
4241.604977,0.045776,0.031288,-0.440000,-0.680000
4241.704974,0.029475,-0.010303,-1.400000,-0.070000
4241.805012,0.008849,-0.077533,-1.600000,-0.490000
4241.905006,0.002376,-0.019876,-1.580000,-0.590000
4242.004991,0.013427,-0.021164,-1.490000,-0.580000
4242.105002,0.027446,-0.012852,-1.480000,-0.580000
4242.205008,0.016728,-0.015998,-1.430000,-0.580000
4242.305013,0.024618,-0.005734,-1.330000,-0.590000
4242.405001,0.033928,-0.006456,-1.380000,-0.560000
4242.504981,0.019205,-0.000673,-1.390000,-0.550000
4242.604995,0.033813,0.006810,-1.430000,-0.520000
4242.705002,0.026368,0.004497,-1.570000,-0.480000
4242.804974,0.024783,0.012199,-1.640000,-0.460000
4242.905016,0.021116,0.019082,-1.660000,-0.440000
4243.004980,0.020941,0.022316,-1.690000,-0.420000
4243.104999,0.021016,0.025312,-1.720000,-0.410000
4243.205000,0.024703,0.030547,-1.730000,-0.390000
4243.305002,0.023384,0.032738,-1.750000,-0.380000
4243.405003,0.024660,0.036991,-1.750000,-0.380000
4243.504979,0.020528,0.041922,-1.760000,-0.360000
4243.605006,0.021335,0.047972,-1.760000,-0.360000
4243.705010,0.025753,0.047263,-1.770000,-0.360000
4243.805026,0.022690,0.052165,-1.780000,-0.350000
4243.905007,0.021780,0.055016,-1.770000,-0.340000
4244.005003,0.025976,0.059771,-1.760000,-0.340000
4244.105029,0.025356,0.059626,-1.770000,-0.340000
8935.304970,0.020608,-0.002012,-1.400000,0.400000
8935.404971,0.020775,-0.001629,-1.400000,0.400000
8935.504970,0.020555,-0.000944,-1.400000,0.400000
8935.604967,0.020704,0.000139,-1.400000,0.400000
8935.705003,0.020577,0.000826,-1.400000,0.400000
8935.805023,0.020242,0.001124,-1.400000,0.400000
8935.904993,0.019712,0.001819,-1.400000,0.400000
8936.004987,0.018782,0.001895,-1.400000,0.400000
8936.104988,0.017754,0.002595,-1.400000,0.400000
8936.204969,0.016393,0.003714,-1.400000,0.400000
8936.304988,0.015712,0.004304,-1.400000,0.400000
8936.404967,0.015216,0.005190,-1.400000,0.400000
8936.504966,0.014324,0.006509,-1.410000,0.400000
8936.604990,0.013758,0.007256,-1.410000,0.400000
8936.704991,0.012891,0.007951,-1.410000,0.410000
8936.804998,0.011700,0.009088,-1.410000,0.410000
8936.904997,0.010760,0.010033,-1.410000,0.410000
8937.005041,0.009994,0.010374,-1.410000,0.410000
8937.104994,0.008871,0.011217,-1.410000,0.410000
8937.205002,0.007079,0.012119,-1.410000,0.410000
8937.304998,0.005302,0.011912,-1.410000,0.410000
8937.405017,0.001976,0.011624,-1.410000,0.410000
8937.504984,-0.001211,0.011321,-1.410000,0.420000
8937.604998,-0.004412,0.010241,-1.410000,0.420000
8937.704980,-0.006757,0.008824,-1.400000,0.420000
8937.804969,-0.008445,0.007952,-1.400000,0.420000
8937.905019,-0.009542,0.007168,-1.400000,0.420000
8938.004994,-0.009522,0.006450,-1.400000,0.420000
8938.105027,-0.010928,0.005957,-1.400000,0.420000
8938.204997,-0.011686,0.004881,-1.400000,0.420000
8938.304980,-0.012214,0.003858,-1.390000,0.420000
8938.404989,-0.012660,0.003988,-1.390000,0.420000
8938.504987,-0.017356,0.002081,-1.380000,0.420000
8938.604973,-0.020244,-0.003636,-1.390000,0.420000
8938.704991,-0.020439,-0.002939,-1.370000,0.410000
8938.804986,-0.023117,-0.007472,-1.380000,0.410000
8938.904985,-0.021460,-0.006741,-1.360000,0.400000
8939.004995,-0.020186,-0.006687,-1.370000,0.410000
8939.105004,-0.021054,-0.003215,-1.370000,0.400000
8939.204981,-0.023309,-0.003533,-1.380000,0.400000
8939.305013,-0.026152,-0.003146,-1.380000,0.400000
8939.404980,-0.028090,-0.004214,-1.380000,0.410000
8939.505002,-0.028154,-0.003502,-1.380000,0.410000
8939.604994,-0.026559,-0.001519,-1.380000,0.410000
8939.704984,-0.027937,-0.002966,-1.380000,0.400000
8939.805001,-0.026905,-0.002517,-1.390000,0.400000
8939.904996,-0.027231,-0.001985,-1.380000,0.400000
8940.004969,-0.027887,-0.002091,-1.390000,0.400000
8940.105001,-0.028523,-0.002682,-1.380000,0.400000
8940.204997,-0.029260,-0.002586,-1.390000,0.400000
8940.304998,-0.030324,-0.000278,-1.380000,0.400000
8940.405008,-0.028672,-0.000451,-1.380000,0.410000
8940.505005,-0.030288,-0.002665,-1.360000,0.400000
8940.605019,-0.036501,-0.002076,-1.360000,0.400000
8940.705004,-0.023585,-0.005354,-1.350000,0.420000
8940.805012,-0.014608,-0.003939,-1.350000,0.410000
8940.905034,-0.027100,-0.004973,-1.360000,0.400000
8941.004972,-0.023823,-0.008197,-1.350000,0.410000
8941.105001,-0.008820,-0.006525,-1.350000,0.420000
8941.205012,-0.005878,-0.007688,-1.350000,0.400000
8941.305042,-0.022744,-0.007958,-1.350000,0.390000
8941.404987,-0.015833,-0.003479,-1.350000,0.400000
8941.505007,-0.006975,-0.002266,-1.350000,0.410000
8941.605003,-0.015079,-0.004698,-1.350000,0.390000
8941.705001,-0.027938,-0.002937,-1.350000,0.390000
8941.805020,-0.015197,-0.003962,-1.360000,0.410000
8941.904998,-0.010318,-0.007138,-1.350000,0.410000
8942.005003,-0.026062,-0.001429,-1.330000,0.380000
8942.104976,-0.021060,-0.007099,-1.320000,0.390000
8942.204977,-0.021454,-0.011047,-1.310000,0.390000
8942.304991,-0.042430,-0.024453,-1.270000,0.380000
8942.405056,0.009482,-0.009792,-1.170000,0.400000
8942.504990,-0.012049,-0.002747,-1.190000,0.350000
8942.605008,-0.027260,-0.025957,-1.000000,0.350000
8942.704976,-0.007948,-0.020006,-0.730000,0.330000
8942.805003,-0.012210,-0.046303,-0.240000,0.260000
8942.905008,-0.010099,-0.067686,0.540000,0.210000
8943.005007,-0.023564,-0.114991,1.410000,-0.380000
8943.105014,-0.030031,-0.182743,1.950000,-1.150000
8943.204982,-0.031781,-0.215089,1.570000,-1.500000
8943.304999,-0.032986,-0.275667,0.750000,-1.310000
8943.405000,-0.034858,-0.311680,-0.270000,-0.360000
8943.505022,-0.047766,-0.324714,-1.150000,0.350000
8943.604999,-0.064862,-0.319284,-2.170000,0.740000
8943.705006,-0.077442,-0.285333,-3.160000,0.930000
8943.805008,-0.086867,-0.262561,-3.950000,0.980000
8943.904990,-0.093057,-0.215805,-4.300000,0.810000
8944.004999,-0.093143,-0.176058,-4.160000,0.400000
8944.104976,-0.102144,-0.129353,-3.680000,-0.010000
8944.205048,-0.091556,-0.088521,-3.130000,-0.400000
8944.305008,-0.078557,-0.081266,-2.600000,-0.670000
8944.405021,-0.071965,-0.064672,-2.090000,-0.830000
8944.505001,-0.069503,-0.066712,-1.730000,-0.760000
8944.604991,-0.060737,-0.069426,-1.430000,-0.610000
8944.705024,-0.053644,-0.065821,-1.340000,-0.330000
8944.805009,-0.062815,-0.070696,-1.430000,-0.220000
8944.905004,-0.071680,-0.073554,-1.700000,-0.080000
8945.005003,-0.072206,-0.089983,-1.880000,-0.190000
8945.105019,-0.065212,-0.059884,-2.010000,-0.390000
8945.205019,-0.051147,-0.056260,-2.150000,-0.750000
8945.304999,-0.054449,-0.071556,-2.220000,-0.950000
8945.404978,-0.033000,-0.062075,-2.390000,-0.990000
8945.504977,-0.018632,-0.030439,-2.510000,-0.860000
8945.604997,0.002889,-0.015604,-2.450000,-0.680000
8945.705048,0.004511,-0.003932,-2.400000,-0.620000
8945.805005,0.000348,0.017742,-2.400000,-0.500000
8945.905004,0.010738,0.015675,-2.470000,-0.470000
8946.004996,0.028016,0.021014,-2.430000,-0.570000
8946.105010,0.022835,0.033031,-2.430000,-0.640000
8946.205004,0.024667,0.056605,-2.370000,-0.700000
8946.305027,0.028035,0.061309,-2.140000,-0.730000
8946.404973,0.032366,0.082232,-1.970000,-0.640000
8946.504998,0.040250,0.064876,-1.880000,-0.620000
8946.604999,0.053933,0.071231,-1.890000,-0.550000
8946.704999,0.039029,0.065207,-1.740000,-0.550000
8946.804998,0.062869,0.046144,-1.610000,-0.400000
8946.904979,0.046745,0.043312,-1.540000,-0.380000
8947.005006,0.051381,0.032844,-1.470000,-0.340000
8947.105004,0.052946,0.045003,-1.600000,-0.410000
8947.205009,0.036665,0.017006,-1.640000,-0.480000
8947.304988,0.034757,0.041713,-1.760000,-0.550000
8947.405009,0.031588,0.033503,-1.820000,-0.570000
8947.505012,0.040328,0.016464,-1.920000,-0.530000
8947.605005,0.038899,0.016202,-2.000000,-0.530000
8947.704997,0.041698,0.026422,-2.080000,-0.340000
8947.805005,0.017921,0.019672,-2.080000,-0.440000
8947.904993,0.043101,0.036596,-2.140000,-0.410000
8948.005050,0.025339,0.024805,-2.050000,-0.420000
8948.105004,0.023968,0.024649,-1.960000,-0.520000
8948.204984,0.038121,0.053814,-2.000000,-0.420000
8948.305005,0.015681,0.053201,-1.990000,-0.400000
8948.404982,0.032336,0.022240,-1.900000,-0.510000
8948.505012,0.022063,0.030789,-1.840000,-0.510000
8948.605002,0.010014,0.045677,-1.840000,-0.520000
8948.705030,0.029118,0.056029,-1.890000,-0.520000
8948.805009,0.020207,0.041714,-1.900000,-0.550000
8948.905029,0.046558,0.047134,-1.860000,-0.560000
8949.005017,0.032578,0.042813,-1.800000,-0.580000
8949.105004,0.046225,0.012695,-1.750000,-0.660000
8949.205026,0.029015,0.011371,-1.710000,-0.660000
8949.305026,0.018410,0.026047,-1.820000,-0.620000
8949.404999,0.041699,0.035855,-1.830000,-0.600000
8949.505027,0.022621,0.017217,-1.820000,-0.560000
8949.604989,0.041581,0.052028,-1.860000,-0.510000
8949.705015,0.039445,0.021144,-1.750000,-0.590000
8949.805022,0.037541,0.022536,-1.760000,-0.620000
8949.904981,0.030718,0.032237,-1.700000,-0.720000
8950.004972,0.045885,0.038012,-1.700000,-0.770000
8950.105008,0.039063,0.041671,-1.740000,-0.620000
8950.205010,0.040822,0.015094,-1.690000,-0.630000
8950.305002,0.054044,0.034211,-1.770000,-0.530000
8950.404991,0.040334,0.031599,-1.780000,-0.430000
8950.504976,0.061618,0.021695,-1.720000,-0.530000
8950.605001,0.052581,0.030193,-1.570000,-0.470000
8950.705001,0.036619,0.009402,-1.140000,-0.490000
8950.805008,0.056181,-0.015707,-0.350000,-0.330000
8950.905024,0.024874,-0.027937,0.060000,0.010000
8951.004973,0.016267,-0.045117,-0.290000,0.570000
8951.105005,-0.017608,-0.054077,-0.890000,1.060000
8951.205004,-0.036022,-0.096695,-1.410000,1.230000
8951.304974,-0.086548,-0.083917,-1.730000,1.290000
8951.404978,-0.108948,-0.077543,-1.750000,1.010000
8951.504978,-0.128133,-0.050833,-1.820000,0.830000
8951.604989,-0.160362,-0.068615,-1.800000,0.480000
8951.705004,-0.164641,-0.049585,-1.890000,0.290000
8951.805002,-0.175832,-0.047871,-2.010000,0.000000
8951.905024,-0.159252,-0.027807,-2.540000,-0.520000
8952.004975,-0.169334,-0.041509,-3.050000,-1.350000
8952.104989,-0.157856,-0.024909,-3.280000,-2.210000
8952.205023,-0.098909,0.014366,-2.940000,-2.890000
8952.305004,-0.066388,0.020935,-2.370000,-3.080000
8952.405007,-0.035934,0.020782,-1.870000,-2.640000
8952.505002,-0.002818,0.022464,-1.620000,-1.840000
8952.605022,0.001949,0.014060,-1.370000,-1.030000
8952.704999,0.010928,0.004784,-1.270000,-0.210000
8952.805002,0.018266,-0.009782,-1.340000,0.400000
8952.905011,-0.014256,-0.024007,-1.520000,0.550000
8953.005005,-0.022930,0.003828,-1.850000,0.440000
8953.105001,-0.043642,-0.005527,-1.930000,0.020000
8953.205001,-0.043076,0.007534,-2.020000,-0.480000
8953.305006,-0.051726,0.025136,-2.090000,-0.830000
8953.405015,-0.026464,-0.014838,-2.030000,-1.160000
8953.504977,-0.009978,-0.002352,-1.950000,-1.320000
8953.605004,-0.011326,0.003089,-1.850000,-1.410000
8953.704995,0.013850,0.004515,-1.710000,-1.450000
8953.804982,0.014379,-0.002646,-1.600000,-1.390000
8953.905025,0.047010,0.002233,-1.620000,-1.350000
8954.004973,0.043574,-0.011126,-1.680000,-1.300000
8954.105005,0.056659,-0.002528,-1.790000,-1.110000
8954.205029,0.074155,-0.025101,-1.710000,-1.000000
8954.305003,0.079597,-0.028135,-1.700000,-0.780000
8954.405022,0.068353,-0.012569,-1.750000,-0.480000
8954.505020,0.066971,-0.048851,-1.780000,-0.340000
8954.604973,0.053979,-0.030696,-1.870000,-0.120000
8954.704990,0.049513,-0.016427,-1.860000,-0.210000
8954.804981,0.044315,0.001795,-1.880000,-0.210000
8954.904980,0.033726,0.005129,-1.900000,-0.260000
8955.005006,0.044543,-0.007140,-1.900000,-0.240000
8955.104982,0.027172,-0.033097,-1.810000,-0.360000
8955.205007,0.037703,-0.019812,-1.690000,-0.430000
8955.305006,0.006456,-0.030829,-1.720000,-0.400000
8955.405039,0.017798,-0.012223,-1.740000,-0.370000
8955.504986,0.019940,-0.019789,-1.730000,-0.440000
8955.604998,0.015911,-0.011856,-1.770000,-0.380000
8955.704993,0.005041,0.002706,-1.880000,-0.390000
8955.805011,0.022102,-0.026297,-1.730000,-0.410000
8955.905003,0.019718,-0.008979,-1.750000,-0.450000
8956.005007,0.021045,0.002086,-1.740000,-0.350000
8956.105001,0.010176,-0.024241,-1.800000,-0.240000
8956.205009,0.005491,-0.021422,-1.760000,-0.220000
8956.305026,-0.006954,-0.028516,-1.780000,-0.230000
8956.405040,0.008475,-0.024838,-1.730000,-0.230000
8956.505000,0.008207,-0.040985,-1.840000,-0.270000
8956.605015,-0.013765,-0.030151,-1.910000,-0.120000
8956.705000,-0.010349,-0.015448,-2.030000,-0.120000
8956.805006,-0.019408,-0.001731,-2.150000,-0.070000
8956.904987,-0.027941,0.000015,-2.180000,-0.070000
8957.005003,-0.045084,-0.009438,-2.160000,-0.080000
8957.104976,-0.038502,-0.009516,-2.020000,-0.200000
8957.205005,-0.033602,0.006114,-1.950000,-0.380000
8957.305063,-0.032868,0.019477,-1.920000,-0.530000
8957.405012,-0.037555,0.002556,-1.890000,-0.550000
8957.505008,-0.031774,0.007248,-1.820000,-0.600000
8957.605029,-0.039719,-0.018717,-1.820000,-0.620000
8957.705009,-0.035017,0.010987,-1.840000,-0.590000
8957.805014,-0.030523,0.003690,-1.810000,-0.720000
8957.905016,-0.018185,0.021119,-1.920000,-0.670000
8958.005000,-0.021240,-0.004056,-1.990000,-0.590000
8958.104999,-0.007671,0.003460,-2.070000,-0.540000
8958.205020,-0.014793,0.001510,-2.110000,-0.430000
8958.304983,-0.005794,0.020308,-2.170000,-0.320000
8958.405002,-0.024451,-0.003128,-2.240000,-0.240000
8958.504999,-0.020060,0.024488,-2.180000,-0.100000
8958.605003,-0.024949,0.008238,-2.090000,-0.110000
8958.704979,-0.007041,0.034630,-2.060000,-0.080000
8958.805006,-0.033306,0.004413,-2.050000,-0.090000
8958.905003,-0.038976,0.024710,-2.070000,-0.090000
8959.005001,-0.045018,0.039566,-1.980000,-0.160000
8959.104979,-0.033033,0.043115,-2.030000,-0.200000
8959.205004,-0.035138,0.018882,-2.080000,-0.380000
8959.304975,-0.047734,0.045122,-2.170000,-0.430000
8959.405013,-0.048283,0.029741,-2.060000,-0.530000
8959.504990,-0.036522,0.048956,-2.010000,-0.530000
8959.605035,-0.038457,0.044761,-2.060000,-0.370000
8959.705005,-0.042046,0.024383,-2.090000,-0.420000
8959.805015,-0.038752,0.045395,-2.050000,-0.410000
8959.905033,-0.045385,0.049491,-1.850000,-0.480000
8960.004987,-0.037588,0.042354,-1.830000,-0.510000
8960.105005,-0.039752,0.041062,-1.940000,-0.470000
8960.204980,-0.044711,0.038432,-2.060000,-0.540000
8960.305012,-0.037939,0.065119,-2.020000,-0.530000
8960.405004,-0.013414,0.032318,-1.940000,-0.710000
8960.505004,-0.033741,0.036330,-1.820000,-0.840000
8960.605009,-0.017216,0.053765,-1.750000,-0.860000
8960.704998,-0.022081,0.017413,-1.660000,-0.860000
8960.804976,-0.008371,0.034389,-1.750000,-0.760000
8960.904989,-0.026412,0.029047,-1.930000,-0.720000
8961.004999,-0.000623,0.035866,-1.910000,-0.650000
8961.104995,0.001241,0.026075,-1.610000,-0.710000
8961.205025,0.020085,0.045011,-1.280000,-0.790000
8961.304972,-0.002666,0.035549,-1.210000,-0.600000
8961.405012,0.020975,0.036795,-1.350000,-0.350000
8961.505027,0.006592,-0.000359,-1.430000,-0.150000
8961.604975,0.010180,0.018563,-1.410000,-0.130000
8961.705002,-0.003297,-0.004762,-1.270000,-0.310000
8961.804983,-0.010838,0.018253,-1.190000,-0.430000
8961.904991,-0.017445,-0.021722,-1.320000,-0.630000
8962.004989,-0.009959,-0.007936,-1.560000,-0.730000
8962.105001,-0.009120,-0.027108,-1.780000,-0.850000
8962.205001,-0.003853,0.002652,-1.900000,-0.660000
8962.304975,0.002498,0.001021,-1.860000,-0.620000
8962.405000,-0.003960,-0.000150,-1.770000,-0.850000
8962.505023,0.011313,-0.003458,-1.660000,-0.990000
8962.605005,0.013925,-0.002449,-1.680000,-0.990000
8962.704983,0.014754,-0.010194,-1.680000,-0.900000
8962.804975,0.038304,0.001614,-1.870000,-0.840000
8962.905006,0.013906,-0.000245,-2.090000,-0.730000
8963.005008,0.023506,0.004794,-2.110000,-0.480000
8963.105000,0.028312,0.004595,-1.980000,-0.470000
8963.205019,0.017994,0.011467,-1.630000,-0.700000
8963.305004,0.028226,0.010379,-1.340000,-0.900000
8963.405001,0.024536,0.000226,-1.450000,-1.080000
8963.505003,0.023235,0.001124,-1.530000,-1.240000
8963.605020,0.042999,-0.003313,-1.430000,-1.140000
8963.704973,0.040057,-0.007635,-1.620000,-0.780000
8963.805015,0.050840,-0.002861,-1.670000,-0.660000
8963.905012,0.042589,0.006934,-1.630000,-0.630000
8964.005016,0.048814,-0.012010,-1.630000,-0.670000
8964.105019,0.061722,-0.010405,-1.680000,-0.660000
8964.205014,0.040035,0.020085,-1.940000,-0.110000
8964.304997,0.034034,0.027467,-2.120000,0.430000
8964.405007,0.015803,0.033910,-1.810000,0.450000
8964.505002,0.015124,0.044224,-1.210000,0.110000
8964.605002,-0.004785,0.028095,-1.200000,-0.200000
8964.705001,-0.000584,0.023816,-1.240000,-0.440000
8964.805023,-0.015865,-0.006051,-1.040000,-0.700000
8964.905003,-0.008407,0.016816,-1.250000,-0.820000
8965.005002,0.002855,-0.004951,-1.280000,-0.960000
8965.104976,-0.044725,-0.031149,-1.400000,-0.480000
8965.205014,-0.020835,-0.026627,-1.630000,-0.240000
8965.305000,-0.012064,-0.010426,-1.800000,-0.200000
8965.405006,-0.018214,-0.013517,-1.770000,-0.010000
8965.505028,0.009911,-0.012732,-1.710000,0.090000
8965.604990,-0.007603,-0.017404,-1.690000,-0.070000
8965.705006,-0.017940,-0.017138,-1.640000,-0.060000
8965.805022,0.003101,-0.015835,-1.610000,-0.020000
8965.905026,-0.022857,-0.000906,-1.570000,-0.040000
8966.005043,-0.005116,-0.021476,-1.540000,-0.020000
8966.105007,-0.008511,-0.009658,-1.630000,0.010000
8966.205001,-0.011521,-0.019694,-1.630000,0.010000
8966.305007,-0.005046,-0.015896,-1.560000,0.000000
8966.405010,-0.009421,-0.002164,-1.550000,0.010000
8966.504999,-0.009424,-0.013744,-1.580000,0.020000
8966.604999,-0.007220,-0.013857,-1.580000,0.000000
8966.705006,-0.011407,-0.006150,-1.570000,0.010000
8966.804994,-0.006426,-0.013182,-1.570000,0.020000
8966.904992,-0.008001,-0.011742,-1.570000,0.010000
8967.005006,-0.001814,-0.013091,-1.560000,0.010000
8967.105005,-0.001922,-0.010797,-1.570000,0.000000
8967.205000,-0.010470,-0.009317,-1.560000,0.000000
8967.305001,-0.005530,-0.012578,-1.570000,0.000000
8967.404997,-0.008850,-0.011363,-1.570000,0.000000
8967.505004,-0.008683,-0.012074,-1.560000,0.010000
8967.605001,-0.009176,-0.009709,-1.570000,0.000000
8967.704986,-0.015419,-0.008809,-1.580000,0.010000
8967.805008,-0.013784,-0.007750,-1.570000,0.010000
8967.904998,-0.016395,-0.007043,-1.560000,0.010000
8968.004997,-0.011833,-0.009591,-1.570000,0.010000
8968.104968,-0.013243,-0.008293,-1.560000,0.010000
8968.204998,-0.012513,-0.006874,-1.550000,0.010000
8968.304992,-0.013242,-0.005563,-1.550000,0.010000
8968.404995,-0.011775,-0.004467,-1.540000,0.010000
8968.504993,-0.013281,-0.002812,-1.550000,0.010000
8968.604999,-0.014749,-0.001180,-1.540000,0.010000
8968.704992,-0.016108,-0.000874,-1.540000,0.010000
8968.805008,-0.015472,0.001238,-1.550000,0.020000
8968.905000,-0.016193,0.000779,-1.560000,0.020000
8969.004972,-0.016046,-0.000240,-1.560000,0.020000
8969.104992,-0.015114,0.000220,-1.560000,0.020000
8969.204969,-0.013968,-0.000445,-1.560000,0.010000
8969.304977,-0.012019,-0.000797,-1.560000,0.010000
8969.404997,-0.011515,-0.001358,-1.560000,0.000000
8969.504969,-0.010836,-0.000888,-1.550000,0.010000
8969.604969,-0.009569,-0.000275,-1.560000,0.000000
8969.705018,-0.008009,0.000782,-1.550000,0.000000
8969.805007,-0.006130,0.000145,-1.550000,0.000000
8969.904998,-0.004741,-0.000684,-1.560000,0.000000
8970.005002,-0.003097,-0.001487,-1.560000,0.000000
8970.104998,-0.000687,-0.003427,-1.550000,0.000000
8970.204995,0.001062,-0.004642,-1.540000,0.000000
8970.304968,0.000225,-0.005620,-1.550000,0.000000
8970.404992,0.000529,-0.007115,-1.540000,0.000000
8970.505000,0.001370,-0.007667,-1.540000,0.000000
8970.604967,0.003047,-0.006297,-1.540000,-0.010000
8970.704967,0.005144,-0.004987,-1.540000,-0.010000
8970.804997,0.006088,-0.003304,-1.540000,-0.020000
8970.905039,0.006682,-0.001643,-1.550000,-0.020000
8971.004994,0.007533,-0.002804,-1.550000,-0.020000
8971.104965,0.008340,0.000211,-1.550000,-0.020000
8971.204994,0.007459,0.000110,-1.550000,-0.020000
8971.304999,0.007193,-0.000049,-1.550000,-0.020000
8971.404980,0.006683,0.000519,-1.550000,-0.020000
8971.505026,0.006931,0.003356,-1.550000,-0.010000
8971.605002,0.005285,0.001340,-1.560000,-0.020000
8971.705024,0.005863,0.004838,-1.560000,-0.020000
8971.804998,0.007733,0.005293,-1.560000,-0.010000
8971.905003,0.007786,0.005715,-1.560000,-0.010000
8972.004967,0.008234,0.005402,-1.560000,-0.010000
8972.104998,0.007563,0.005262,-1.550000,-0.010000
8972.204994,0.006813,0.005055,-1.560000,-0.010000
8972.304994,0.007290,0.005723,-1.560000,-0.010000
8972.404991,0.009554,0.005896,-1.560000,-0.010000
8972.504969,0.011544,0.006187,-1.570000,-0.010000
8972.605004,0.010265,0.004287,-1.570000,-0.010000
8972.704991,0.009551,0.005888,-1.570000,-0.020000
8972.804975,0.010856,0.004906,-1.570000,-0.020000
8972.905000,0.010732,0.004117,-1.560000,-0.010000
8973.004989,0.012213,0.005777,-1.560000,-0.010000
8973.104999,0.014186,0.006650,-1.560000,-0.010000
8973.205010,0.016618,0.008468,-1.560000,-0.010000
8973.304994,0.016921,0.009191,-1.570000,-0.010000
8973.404973,0.017040,0.010101,-1.570000,-0.010000
8973.505008,0.018195,0.011908,-1.570000,-0.010000
8973.604992,0.018996,0.010764,-1.560000,-0.010000
8973.705002,0.015714,0.012960,-1.530000,0.000000
8973.805008,0.021070,0.016868,-1.520000,0.000000
8973.905056,0.016506,0.018700,-1.510000,-0.020000
8974.005011,0.016931,0.026415,-1.480000,-0.010000
8974.105009,0.023984,0.014130,-1.460000,0.000000
8974.205003,0.012812,0.024884,-1.400000,-0.010000
8974.305012,0.024976,0.006103,-1.340000,0.010000
8974.404978,0.027311,0.016678,-1.260000,0.010000
8974.504976,0.035326,0.014744,-1.140000,-0.010000
8974.605013,0.030457,0.005599,-0.940000,-0.110000
8974.705043,0.028156,-0.006544,-0.640000,0.000000
8974.805004,0.016778,-0.021603,-0.340000,0.260000
8974.905007,-0.017814,-0.032797,-0.220000,0.420000
8975.004996,-0.015286,-0.053128,-0.050000,-0.200000
8975.105003,-0.025728,-0.068533,-0.490000,-1.290000
8975.205024,-0.021043,-0.096106,-1.280000,-1.870000
8975.305060,0.020227,-0.095708,-1.950000,-1.440000
8975.404994,0.030755,-0.086202,-2.160000,-0.530000
8975.505007,0.031179,-0.080021,-2.200000,0.520000
8975.605027,0.010822,-0.065702,-2.330000,1.030000
8975.705020,-0.002442,-0.058077,-2.500000,1.060000
8975.805011,-0.034957,-0.035447,-2.600000,0.870000
8975.904978,-0.051463,-0.020688,-2.640000,0.530000
8976.005005,-0.072854,-0.010130,-2.720000,0.150000
8976.104981,-0.075600,0.026362,-2.610000,-0.310000
8976.205009,-0.071042,0.035484,-2.460000,-0.810000
8976.305017,-0.061740,0.039748,-2.180000,-1.140000
8976.404975,-0.045265,0.059935,-1.960000,-1.360000
8976.505038,-0.034515,0.045047,-1.840000,-1.380000
8976.605012,-0.014415,0.042137,-1.790000,-1.140000
8976.705001,-0.004305,0.039356,-1.730000,-0.740000
8976.805004,0.006281,0.036395,-1.780000,-0.410000
8976.905033,0.009506,0.024518,-1.880000,-0.200000
8977.004985,0.008956,0.038201,-1.950000,-0.070000
8977.105038,0.006219,0.054017,-1.850000,-0.070000
8977.205004,0.002532,0.045571,-1.610000,-0.200000
8977.305009,0.002474,0.055997,-1.480000,-0.280000
8977.405027,-0.004649,0.059210,-1.530000,-0.380000
8977.505015,-0.007798,0.058940,-1.630000,-0.490000
8977.604997,-0.005557,0.040146,-1.670000,-0.630000
8977.705023,0.004224,0.037317,-1.630000,-0.740000
8977.804976,0.005929,0.034195,-1.570000,-0.920000
8977.905001,0.014760,0.031858,-1.540000,-1.200000
8978.005001,0.026395,0.025872,-1.540000,-1.460000
8978.104990,0.040350,0.016785,-1.610000,-1.460000
8978.204993,0.051009,0.012871,-1.720000,-1.270000
8978.304992,0.071060,0.009872,-1.780000,-0.910000
8978.405003,0.082780,0.014465,-1.730000,-0.510000
8978.505006,0.071424,0.011288,-1.530000,-0.180000
8978.605009,0.071321,0.011400,-1.310000,-0.090000
8978.704982,0.066550,0.014144,-1.220000,-0.030000
8978.805018,0.056775,-0.009255,-1.220000,0.010000
8978.905006,0.054019,-0.019861,-1.230000,-0.020000
8979.005012,0.049664,-0.028038,-1.310000,0.000000
8979.105014,0.038947,-0.027383,-1.370000,0.140000
8979.205006,0.022281,-0.039119,-1.480000,0.380000
8979.305009,0.013542,-0.043615,-1.630000,0.610000
8979.405015,-0.007436,-0.053359,-1.800000,0.640000
8979.504987,-0.021870,-0.045269,-2.000000,0.520000
8979.605013,-0.039241,-0.046119,-2.150000,0.220000
8979.705014,-0.040727,-0.040746,-2.320000,-0.080000
8979.805005,-0.023168,-0.034962,-2.550000,-0.330000
8979.905006,-0.028384,-0.024405,-2.650000,-0.360000
8980.005008,-0.023970,-0.010448,-2.620000,-0.220000
8980.104994,-0.012503,-0.000961,-2.540000,-0.050000
8980.204976,-0.018508,0.013375,-2.540000,0.080000
8980.305010,-0.021672,0.027382,-2.540000,0.130000
8980.404990,-0.022132,0.044143,-2.540000,0.130000
8980.504980,-0.028010,0.048270,-2.400000,0.070000
8980.604983,-0.012392,0.061857,-2.140000,0.000000
8980.705010,-0.022406,0.056410,-1.900000,-0.020000
8980.804981,-0.023825,0.064268,-1.700000,0.020000
8980.904976,-0.021929,0.070860,-1.680000,0.110000
8981.004985,-0.041830,0.067922,-1.670000,0.100000
8981.105004,-0.052555,0.063486,-1.760000,-0.010000
8981.204981,-0.042673,0.073085,-1.860000,-0.370000
8981.305009,-0.044037,0.075230,-1.780000,-0.660000
8981.405006,-0.033846,0.080287,-1.570000,-0.800000
8981.505010,-0.035988,0.076110,-1.320000,-0.760000
8981.605000,-0.027794,0.066630,-1.020000,-0.550000
8981.704975,-0.026540,0.041726,-0.860000,-0.340000
8981.805001,-0.023443,0.040751,-0.890000,-0.090000
8981.904982,-0.036679,0.026116,-1.000000,-0.020000
8982.005002,-0.048439,0.027957,-1.100000,-0.260000
8982.105001,-0.048446,0.015103,-1.120000,-0.560000
8982.205022,-0.043572,0.004686,-1.150000,-0.900000
8982.305018,-0.024940,-0.003683,-1.100000,-1.170000
8982.404995,-0.017383,-0.023247,-0.990000,-1.320000
8982.504976,-0.005727,-0.034649,-0.970000,-1.280000
8982.605005,0.006392,-0.055033,-0.950000,-1.230000
8982.704976,0.028346,-0.065981,-1.060000,-0.990000
8982.804985,0.038900,-0.079224,-1.250000,-0.610000
8982.905010,0.035141,-0.082001,-1.550000,-0.220000
8983.004975,0.025634,-0.090516,-1.800000,-0.010000
8983.104975,0.026396,-0.083832,-2.010000,0.100000
8983.204995,0.023824,-0.079848,-2.140000,0.070000
8983.305002,0.012292,-0.077802,-2.210000,0.000000
8983.405002,0.013262,-0.070366,-2.230000,0.000000
8983.504977,0.018167,-0.060540,-2.180000,0.030000
8983.605009,0.007002,-0.049360,-2.150000,0.060000
8983.705001,0.003290,-0.043623,-2.070000,0.060000
8983.805009,0.002979,-0.030027,-2.010000,0.250000
8983.905006,-0.009174,-0.026731,-2.000000,0.380000
8984.004998,-0.034752,-0.027041,-1.950000,0.510000
8984.104974,-0.037542,-0.021727,-2.000000,0.470000
8984.205029,-0.059230,-0.012714,-2.040000,0.310000
8984.305037,-0.072740,-0.010223,-2.140000,0.030000
8984.405000,-0.066402,-0.014192,-2.180000,-0.330000
8984.505047,-0.068227,-0.008377,-2.080000,-0.610000
8984.605011,-0.060668,-0.003989,-2.010000,-0.930000
8984.704987,-0.047181,-0.017598,-2.010000,-1.260000
8984.804997,-0.021281,-0.010453,-2.030000,-1.380000
8984.905037,-0.006228,-0.007876,-2.060000,-1.320000
8985.005047,-0.000995,-0.021799,-2.110000,-1.120000
8985.105024,0.017141,-0.006026,-2.150000,-0.890000
8985.204979,0.021646,-0.007693,-2.160000,-0.640000
8985.305002,0.030922,0.000876,-2.200000,-0.450000
8985.404980,0.023189,-0.003866,-2.200000,-0.390000
8985.505052,0.036123,0.012736,-2.210000,-0.310000
8985.604993,0.030779,0.009942,-2.250000,-0.290000
8985.705005,0.022073,0.020099,-2.260000,-0.140000
8985.805005,0.023691,0.022267,-2.240000,-0.070000
8985.905006,0.016640,0.023011,-2.130000,-0.040000
8986.005005,0.015228,0.029568,-2.030000,-0.100000
8986.105005,0.006528,0.015616,-1.920000,-0.210000
8986.205006,0.001023,0.019741,-1.880000,-0.410000
8986.305015,0.004983,0.022953,-1.910000,-0.580000
8986.405000,0.009011,0.017067,-2.030000,-0.770000
8986.505007,0.013409,0.016201,-2.000000,-0.820000
8986.605004,0.025957,0.013599,-1.990000,-0.780000
8986.705003,0.026917,0.023773,-2.030000,-0.490000
8986.804993,0.034792,0.025776,-2.070000,-0.180000
8986.904999,0.024044,0.001886,-2.040000,0.080000
8987.005001,0.025058,0.013390,-1.990000,0.270000
8987.104999,0.016395,-0.003313,-1.970000,0.270000
8987.204997,-0.001254,-0.013632,-1.970000,0.160000
8987.305008,-0.006566,0.001667,-2.110000,-0.060000
8987.404980,-0.011945,0.000118,-2.340000,-0.280000
8987.505003,-0.022635,-0.007262,-2.460000,-0.350000
8987.605011,-0.012162,0.029147,-2.540000,-0.390000
8987.705004,0.003572,0.032959,-2.580000,-0.370000
8987.805006,0.007410,0.034696,-2.620000,-0.380000
8987.905014,0.008013,0.047627,-2.540000,-0.200000
8988.005004,0.004324,0.036576,-2.240000,-0.070000
8988.105003,0.002508,0.053759,-2.010000,0.120000
8988.205029,-0.002350,0.042378,-1.890000,0.150000
8988.305010,-0.011871,0.061539,-1.930000,0.130000
8988.405015,-0.018367,0.042775,-1.880000,0.030000
8988.505004,-0.014699,0.056529,-1.710000,-0.080000
8988.605009,-0.012509,0.040572,-1.590000,-0.150000
8988.705001,-0.016850,0.034704,-1.510000,-0.310000
8988.805007,-0.018953,0.023269,-1.320000,-0.480000
8988.905031,-0.029887,0.021081,-1.310000,-0.680000
8989.004993,-0.020030,-0.002007,-1.380000,-0.770000
8989.104995,-0.012882,0.007170,-1.530000,-0.780000
8989.205033,-0.012118,-0.000304,-1.610000,-0.690000
8989.304986,-0.007275,0.000499,-1.570000,-0.670000
8989.405015,0.002812,-0.000870,-1.410000,-0.580000
8989.505001,0.010452,-0.010705,-1.380000,-0.530000
8989.605004,0.002430,-0.027442,-1.470000,-0.510000
8989.704974,0.002015,-0.041311,-1.590000,-0.470000
8989.805000,-0.007414,-0.030210,-1.760000,-0.500000
8989.904985,0.004722,-0.028152,-1.820000,-0.390000
8990.005000,0.005473,-0.003873,-1.890000,-0.410000
8990.105002,0.003114,-0.038633,-1.810000,-0.420000
8990.204975,0.016204,-0.029929,-1.810000,-0.650000
8990.305012,0.025385,-0.018117,-2.000000,-0.620000
8990.405010,-0.004995,-0.030867,-2.400000,-0.510000
8990.505001,0.019741,0.005719,-3.050000,0.000000
8990.605016,0.008729,0.001071,-3.790000,0.450000
8990.704987,-0.014253,0.083185,-4.560000,1.060000
8990.804998,-0.045434,0.135965,-5.090000,1.450000
8990.904980,-0.034069,0.203716,-5.560000,1.870000
8991.004977,-0.092157,0.236974,-5.870000,2.120000
8991.105042,-0.138880,0.324278,-6.340000,2.390000
8991.205006,-0.174590,0.429083,-6.670000,2.470000
8991.305009,-0.207178,0.512737,-7.120000,2.610000
8991.405000,-0.250475,0.592021,-7.310000,2.500000
8991.505007,-0.294656,0.710794,-7.710000,2.600000
8991.605048,-0.329560,0.822165,-7.930000,2.720000
8991.704984,-0.346880,0.943679,-8.320000,3.130000
8991.805011,-0.435714,1.053143,-8.780000,3.650000
8991.905008,-0.446669,1.202597,-9.050000,4.270000
8992.005017,-0.505731,1.274445,-9.420000,4.690000
8992.105001,-0.588495,1.458937,-9.740000,5.290000
8992.205010,-0.661179,1.581131,-10.100000,5.740000
8992.305028,-0.705042,1.765483,-10.870000,6.170000
8992.405001,-0.803756,1.860929,-11.440000,6.560000
8992.505038,-0.914324,2.067652,-12.160000,7.060000
8992.605030,-0.971682,2.274876,-12.760000,7.660000
8992.705001,-1.094725,2.428735,-13.180000,7.920000
8992.805004,-1.217765,2.599899,-13.270000,8.170000
8992.905014,-1.254719,2.852470,-13.620000,8.450000
8993.005003,-1.384422,3.018871,-13.760000,8.310000
8993.105022,-1.469216,3.256608,-13.820000,7.890000
8993.205035,-1.587549,3.419819,-13.090000,7.260000
8993.304978,-1.670090,3.615570,-12.350000,6.440000
8993.405000,-1.728946,3.733281,-11.870000,5.810000
8993.505004,-1.811230,3.928904,-11.620000,5.450000
8993.605003,-1.843555,4.000525,-11.290000,5.390000
8993.704997,-1.902339,4.120290,-11.100000,5.410000
8993.805013,-1.924695,4.291965,-10.820000,5.650000
8993.905002,-1.991772,4.409071,-10.710000,5.970000
8994.004987,-2.077652,4.464412,-10.530000,5.870000
8994.105009,-2.111840,4.500543,-10.270000,6.070000
8994.204987,-2.189198,4.611592,-10.460000,6.260000
8994.305008,-2.275934,4.746262,-10.800000,6.350000
8994.404976,-2.364004,4.835631,-10.990000,5.910000
8994.505015,-2.471607,4.950540,-10.890000,5.020000
8994.605003,-2.486968,5.042937,-10.510000,4.070000
8994.704977,-2.512278,5.106485,-10.050000,2.890000
8994.804979,-2.541289,5.181129,-9.490000,1.860000
8994.904987,-2.494264,5.216535,-8.660000,0.780000
8995.005003,-2.506866,5.298800,-7.800000,0.160000
8995.105048,-2.459149,5.335528,-7.140000,0.080000
8995.205001,-2.389155,5.357445,-6.650000,0.410000
8995.305004,-2.382998,5.308005,-6.090000,0.590000
8995.405005,-2.345354,5.257187,-5.880000,0.760000
8995.504984,-2.365356,5.193809,-6.120000,0.770000
8995.605009,-2.395153,5.253103,-6.830000,1.140000
8995.705001,-2.400172,5.291714,-7.460000,1.570000
8995.805012,-2.382241,5.315974,-7.720000,1.750000
8995.905003,-2.359242,5.369278,-7.770000,1.660000
8996.005002,-2.397054,5.415115,-7.800000,1.980000
8996.105011,-2.425647,5.416801,-7.860000,2.060000
8996.205030,-2.383981,5.401582,-7.930000,1.930000
8996.305014,-2.379169,5.408575,-7.690000,1.540000
8996.405018,-2.431092,5.457925,-7.270000,1.400000
8996.505018,-2.463911,5.481297,-6.680000,1.520000
8996.605014,-2.419168,5.446955,-6.310000,1.700000
8996.704999,-2.369049,5.437896,-6.300000,1.600000
8996.805004,-2.374850,5.465299,-6.320000,1.460000
8996.905014,-2.432169,5.492237,-6.440000,1.350000
8997.004998,-2.396640,5.453727,-6.250000,1.370000
8997.104998,-2.367457,5.466609,-6.150000,1.060000
8997.205012,-2.374293,5.491879,-6.090000,0.780000
8997.305008,-2.389932,5.485402,-6.190000,0.830000
8997.405005,-2.370727,5.488315,-6.270000,1.240000
8997.505066,-2.351091,5.511213,-6.230000,1.450000
8997.604981,-2.354398,5.457633,-6.010000,1.640000
8997.705010,-2.308438,5.426388,-5.590000,1.530000
8997.805009,-2.279677,5.466359,-5.240000,1.750000
8997.904982,-2.335940,5.451220,-5.430000,1.970000
8998.004972,-2.338152,5.388679,-5.410000,2.360000
8998.105001,-2.353111,5.377696,-5.430000,2.450000
8998.204976,-2.369445,5.417872,-5.550000,2.800000
8998.304998,-2.381722,5.415443,-5.740000,2.750000
8998.404987,-2.374082,5.397901,-5.780000,2.540000
8998.505005,-2.400004,5.424714,-5.900000,2.280000
8998.605007,-2.472119,5.426669,-5.830000,2.110000
8998.705025,-2.453334,5.398529,-5.840000,2.030000
8998.805009,-2.406263,5.373065,-5.830000,1.750000
8998.905002,-2.390542,5.426188,-6.000000,1.290000
8999.004999,-2.407077,5.412140,-6.290000,1.490000
8999.105020,-2.401135,5.365384,-6.480000,1.770000
8999.205001,-2.351658,5.387729,-6.820000,2.160000
8999.305006,-2.367746,5.428984,-6.800000,2.280000
8999.405029,-2.383297,5.415550,-6.400000,1.640000
8999.505012,-2.374090,5.424843,-6.180000,1.450000
8999.605010,-2.355276,5.423533,-5.790000,0.980000
8999.704989,-2.398297,5.445148,-5.600000,1.280000
8999.805017,-2.387588,5.462232,-5.790000,2.080000
8999.905006,-2.342302,5.462073,-5.770000,3.000000
9000.005008,-2.360148,5.411787,-5.380000,3.480000
9000.104972,-2.409013,5.437800,-5.190000,3.520000
9000.205011,-2.462630,5.437684,-5.220000,3.330000
9000.305007,-2.524647,5.426297,-5.440000,2.990000
9000.405004,-2.485822,5.412419,-5.650000,2.440000
9000.505004,-2.471032,5.406631,-5.670000,1.900000
9000.605008,-2.500950,5.415687,-5.400000,1.530000
9000.705024,-2.518768,5.413143,-5.310000,1.540000
9000.805003,-2.512171,5.417860,-5.010000,1.360000
9000.904999,-2.506679,5.400039,-4.280000,1.040000
9001.005020,-2.461420,5.338160,-3.610000,0.470000
9001.105003,-2.397367,5.286552,-2.780000,-0.080000
9001.205007,-2.346210,5.254605,-1.880000,-0.510000
9001.305016,-2.377873,5.188011,-1.250000,-0.550000
9001.405000,-2.355200,5.048475,-0.810000,-0.890000
9001.504975,-2.294467,4.942735,-0.500000,-1.420000
9001.604975,-2.226667,4.910944,-0.070000,-1.400000
9001.704977,-2.226570,4.820007,0.440000,-1.380000
9001.805005,-2.156360,4.668845,0.820000,-1.760000
9001.905003,-2.093431,4.535250,1.020000,-2.240000
9002.005016,-1.978279,4.384069,1.540000,-2.810000
9002.104984,-1.955833,4.286438,1.990000,-2.930000
9002.204978,-1.873541,4.149296,2.850000,-2.930000
9002.304992,-1.841619,4.011673,3.280000,-2.940000
9002.404974,-1.769473,3.904656,3.390000,-3.090000
9002.505013,-1.698728,3.706798,3.480000,-3.320000
9002.604976,-1.644102,3.554979,3.630000,-3.900000
9002.704998,-1.519138,3.336021,4.360000,-4.590000
9002.805000,-1.473678,3.165133,5.180000,-5.140000
9002.905007,-1.335120,2.998508,6.100000,-5.290000
9003.005015,-1.257486,2.831497,7.120000,-4.460000
9003.104984,-1.127596,2.570697,8.140000,-3.930000
9003.204988,-1.063389,2.371282,9.050000,-2.860000
9003.305001,-1.051689,2.147285,9.830000,-1.890000
9003.405000,-0.974403,1.891602,10.190000,-1.530000
9003.505022,-0.938233,1.651504,10.340000,-1.850000
9003.605012,-0.915824,1.396802,10.230000,-2.220000
9003.705018,-0.882750,1.205823,10.260000,-2.540000
9003.804978,-0.831474,0.950497,10.600000,-2.580000
9003.905009,-0.774976,0.702695,11.230000,-2.530000
9004.005008,-0.742428,0.399646,11.850000,-2.530000
9004.104973,-0.695929,0.177202,12.180000,-2.650000
9004.204981,-0.678884,-0.054651,12.400000,-2.600000
9004.304976,-0.655839,-0.361843,12.840000,-2.660000
9004.405020,-0.645552,-0.654637,13.370000,-2.750000
9004.505014,-0.624918,-0.913779,13.860000,-2.570000
9004.604987,-0.610687,-1.184623,14.200000,-2.290000
9004.705002,-0.607217,-1.458242,14.540000,-2.000000
9004.804979,-0.613652,-1.768386,14.810000,-1.780000
9004.904986,-0.611886,-2.043104,15.060000,-1.470000
9005.004999,-0.620912,-2.319420,15.360000,-1.360000
9005.105000,-0.648611,-2.621473,15.420000,-1.380000
9005.204998,-0.660305,-2.908043,15.050000,-1.340000
9005.305012,-0.680843,-3.178482,14.520000,-1.480000
9005.404979,-0.688848,-3.422605,13.860000,-1.620000
9005.504976,-0.712529,-3.658925,13.230000,-1.600000
9005.605005,-0.704245,-3.877738,12.430000,-1.410000
9005.705001,-0.707708,-4.092253,11.490000,-1.300000
9005.805015,-0.734730,-4.259145,10.690000,-0.870000
9005.905003,-0.754134,-4.446208,10.060000,-0.630000
9006.005003,-0.757814,-4.573862,9.540000,-0.300000
9006.104998,-0.767412,-4.762203,9.320000,-0.090000
9006.205006,-0.775644,-4.856428,8.960000,-0.050000
9006.304982,-0.808742,-4.986095,8.840000,0.040000
9006.404979,-0.806580,-5.055197,8.740000,0.010000
9006.505035,-0.828531,-5.216306,8.650000,0.250000
9006.605007,-0.798115,-5.298222,8.590000,0.770000
9006.704991,-0.842014,-5.351671,8.390000,1.160000
9006.804978,-0.926354,-5.450009,8.180000,1.490000
9006.904978,-0.931279,-5.553100,7.780000,1.630000
9007.005002,-0.936551,-5.637226,7.550000,1.230000
9007.104976,-0.967975,-5.714278,7.290000,0.490000
9007.205005,-0.969923,-5.740202,6.720000,0.090000
9007.305010,-1.037919,-5.811536,6.470000,-0.190000
9007.405012,-0.952615,-5.869342,6.260000,-0.100000
9007.504977,-1.026418,-5.898202,5.710000,0.110000
9007.604975,-1.027237,-5.991767,4.830000,0.650000
9007.705008,-1.009240,-6.003473,4.140000,0.740000
9007.805002,-1.086891,-5.974101,3.310000,0.800000
9007.905005,-1.068331,-6.036500,2.810000,0.650000
9008.004977,-1.035353,-5.952434,2.750000,-0.140000
9008.104999,-1.058573,-5.990559,2.720000,-0.970000
9008.205008,-1.033466,-6.035091,3.210000,-1.150000
9008.305005,-1.024372,-5.957557,3.160000,-0.920000
9008.405000,-1.019383,-5.990719,3.280000,-0.170000
9008.505003,-1.021801,-5.995201,3.630000,0.340000
9008.605013,-1.055502,-6.008298,3.330000,0.850000
9008.704978,-1.022670,-6.040805,2.890000,1.230000
9008.805000,-1.063320,-5.953987,2.440000,0.580000
9008.905006,-1.086438,-6.012317,2.400000,-0.580000
9009.004987,-1.071790,-6.013069,2.690000,-1.040000
9009.105005,-1.008360,-6.019578,3.030000,-1.670000
9009.205023,-1.030090,-6.015163,3.200000,-1.380000
9009.305003,-0.973429,-6.034888,2.880000,-1.050000
9009.405000,-0.955229,-5.969307,2.340000,-0.630000
9009.505004,-0.965297,-6.008354,1.930000,-0.160000
9009.605022,-0.976652,-6.020858,1.660000,0.790000
9009.705000,-0.927845,-6.022029,1.790000,1.050000
9009.805046,-0.942746,-5.949681,1.510000,1.030000
9009.904977,-0.975378,-5.926922,0.970000,0.300000
9010.005000,-0.991264,-5.947073,1.160000,-0.300000
9010.104980,-0.939787,-5.907648,1.730000,-0.590000
9010.205009,-0.878268,-5.829613,1.890000,-0.370000
9010.304977,-0.928644,-5.861506,1.700000,0.120000
9010.404980,-0.971975,-5.911408,1.550000,0.690000
9010.505007,-0.920162,-5.801930,1.440000,0.880000
9010.605012,-0.937473,-5.734647,1.920000,0.800000
9010.705032,-0.966778,-5.826945,2.120000,0.990000
9010.805000,-0.979386,-5.804163,2.230000,0.590000
9010.905006,-1.030310,-5.791509,2.280000,0.680000
9011.004993,-0.996040,-5.818494,2.420000,0.600000
9011.104980,-0.978115,-5.787283,2.420000,0.760000
9011.205001,-1.002558,-5.833768,2.520000,0.890000
9011.305002,-1.074327,-5.804168,2.720000,0.950000
9011.405000,-0.986555,-5.855341,2.750000,0.890000
9011.505001,-1.048071,-5.808146,2.350000,0.730000
9011.604981,-1.088308,-5.873184,2.300000,0.930000
9011.705002,-1.072972,-5.826117,1.860000,1.110000
9011.805002,-1.083295,-5.863307,1.770000,1.220000
9011.905005,-1.086702,-5.853842,2.040000,0.900000
9012.005011,-1.164725,-5.824625,1.830000,0.650000
9012.105010,-1.106416,-5.822109,1.330000,0.220000
9012.205021,-1.113833,-5.817387,1.010000,-0.630000
9012.304977,-1.152012,-5.801345,1.120000,-1.130000
9012.404978,-1.102897,-5.768136,1.030000,-1.620000
9012.504976,-1.040280,-5.718943,0.240000,-2.230000
9012.604993,-1.076121,-5.718074,-0.740000,-2.290000
9012.704999,-1.053808,-5.675292,-0.990000,-1.560000
9012.805005,-1.035344,-5.599076,-0.850000,-0.910000
9012.905002,-0.930670,-5.550460,-1.260000,-0.860000
9013.004980,-0.895696,-5.515381,-2.300000,-0.830000
9013.105059,-0.894728,-5.451865,-3.350000,-0.790000
9013.205005,-0.839126,-5.331174,-4.240000,-0.910000
9013.305015,-0.819689,-5.188769,-4.930000,-0.830000
9013.405017,-0.828841,-5.054230,-5.600000,-0.340000
9013.504979,-0.762275,-4.945044,-5.500000,-0.040000
9013.604996,-0.782690,-4.831866,-5.380000,-0.110000
9013.704979,-0.811011,-4.733969,-5.390000,-0.070000
9013.805035,-0.726887,-4.599492,-5.120000,-0.130000
9013.905005,-0.779009,-4.475395,-5.200000,-0.540000
9014.004980,-0.696324,-4.368890,-5.460000,-0.910000
9014.105002,-0.638487,-4.268848,-5.250000,-1.330000
9014.204976,-0.628103,-4.141206,-5.680000,-1.380000
9014.305007,-0.546345,-4.033573,-6.370000,-1.400000
9014.405005,-0.531116,-3.878096,-8.010000,-1.360000
9014.505001,-0.452904,-3.713944,-9.360000,-1.640000
9014.604975,-0.409494,-3.517503,-10.530000,-2.200000
9014.705003,-0.327342,-3.327832,-11.440000,-2.970000
9014.805006,-0.247419,-3.132070,-12.250000,-3.880000
9014.904991,-0.131304,-2.893525,-13.000000,-4.850000
9015.005005,-0.053738,-2.713641,-13.330000,-5.450000
9015.104994,0.070811,-2.455177,-13.320000,-6.010000
9015.205001,0.235596,-2.285532,-12.870000,-6.820000
9015.304995,0.352030,-2.099264,-11.930000,-7.820000
9015.405009,0.491437,-1.934781,-10.750000,-8.870000
9015.505005,0.666256,-1.782768,-10.190000,-9.590000
9015.604980,0.820651,-1.633044,-9.630000,-10.230000
9015.705004,1.031395,-1.506714,-9.270000,-10.910000
9015.805049,1.226399,-1.386351,-8.950000,-11.310000
9015.904981,1.431755,-1.304163,-8.480000,-11.920000
9016.005036,1.625924,-1.185504,-8.340000,-12.570000
9016.105016,1.877916,-1.123128,-8.020000,-13.610000
9016.205013,2.119620,-1.039207,-7.950000,-14.510000
9016.304977,2.385505,-0.990413,-7.850000,-15.070000
9016.405000,2.640955,-0.861100,-7.500000,-15.570000
9016.505009,2.882788,-0.806577,-7.100000,-16.110000
9016.605006,3.179839,-0.799470,-6.880000,-16.320000
9016.704990,3.448081,-0.747782,-6.760000,-15.950000
9016.805010,3.705087,-0.726089,-6.510000,-15.060000
9016.905000,3.940435,-0.726964,-6.160000,-13.860000
9017.004973,4.137425,-0.689853,-5.560000,-12.580000
9017.104986,4.324437,-0.699166,-4.910000,-11.660000
9017.205003,4.458039,-0.712336,-4.060000,-10.830000
9017.304979,4.588668,-0.662542,-3.810000,-10.050000
9017.404975,4.729011,-0.676930,-3.550000,-10.030000
9017.505001,4.833817,-0.709866,-3.710000,-9.990000
9017.605026,4.920574,-0.670211,-3.840000,-9.970000
9017.705017,5.064917,-0.731708,-3.550000,-9.970000
9017.805014,5.185196,-0.750061,-3.420000,-10.140000
9017.905009,5.302080,-0.736855,-3.330000,-9.940000
9018.004978,5.378005,-0.802473,-3.270000,-9.620000
9018.105005,5.496756,-0.767167,-3.160000,-9.430000
9018.205030,5.603964,-0.853387,-2.880000,-9.150000
9018.305010,5.669364,-0.798693,-2.820000,-8.770000
9018.404991,5.743078,-0.853948,-2.970000,-8.560000
9018.505002,5.787903,-0.807521,-3.720000,-8.200000
9018.605002,5.851987,-0.860472,-4.250000,-7.450000
9018.704999,5.895658,-0.821294,-4.170000,-6.550000
9018.805003,5.895099,-0.778111,-3.840000,-5.600000
9018.905006,5.872515,-0.818251,-3.110000,-4.600000
9019.005015,5.866477,-0.865470,-2.460000,-3.770000
9019.104976,5.934267,-0.845321,-1.900000,-3.990000
9019.205004,5.913340,-0.810935,-1.810000,-5.290000
9019.305026,5.819343,-0.849312,-2.140000,-6.580000
9019.405004,5.874957,-0.943302,-2.130000,-6.970000
9019.505002,5.950109,-0.954848,-2.020000,-6.650000
9019.604979,5.967005,-0.921426,-2.050000,-6.210000
9019.705003,5.996732,-0.964746,-1.920000,-6.100000
9019.805000,5.968647,-0.992590,-1.690000,-6.300000
9019.904980,6.022165,-1.058239,-1.730000,-7.100000
9020.004991,6.029059,-1.002506,-2.220000,-7.320000
9020.105028,6.005430,-1.077812,-2.420000,-7.250000
9020.205026,6.019058,-1.095396,-2.890000,-6.710000
9020.305025,6.062791,-1.066686,-3.090000,-6.170000
9020.405003,6.073014,-1.118959,-3.010000,-5.730000
9020.504993,6.123585,-1.041218,-2.920000,-5.260000
9020.604998,6.045683,-1.012723,-3.080000,-4.670000
9020.704976,6.008986,-1.134776,-3.250000,-4.570000
9020.804986,6.075067,-1.115887,-3.430000,-4.820000
9020.905002,6.098826,-1.063329,-3.230000,-5.370000
9021.005011,6.021037,-1.001395,-3.130000,-5.810000
9021.105000,5.992756,-1.086992,-3.160000,-5.890000
9021.204995,6.029187,-1.095958,-3.040000,-5.890000
9021.305004,6.078842,-1.040471,-2.880000,-5.870000
9021.404989,6.049806,-1.019719,-2.550000,-5.510000
9021.505058,6.068472,-1.074904,-2.140000,-5.300000
9021.605007,6.058239,-1.026790,-2.030000,-5.170000
9021.704972,6.006989,-1.074575,-2.170000,-4.900000
9021.805000,6.045960,-1.124880,-2.190000,-4.920000
9021.904980,6.083926,-1.059989,-2.050000,-4.750000
9022.005006,5.979870,-1.037067,-2.230000,-4.970000
9022.105000,5.992447,-1.159927,-2.100000,-5.480000
9022.205006,6.076670,-1.085542,-2.210000,-5.500000
9022.305013,6.028374,-1.065116,-2.240000,-4.870000
9022.405009,5.943484,-1.151654,-2.390000,-4.630000
9022.504973,5.985679,-1.197259,-2.590000,-4.300000
9022.605002,6.023583,-1.131880,-2.580000,-3.980000
9022.705008,5.932270,-1.113158,-2.890000,-4.210000
9022.805038,5.940515,-1.158488,-2.930000,-3.950000
9022.905003,5.943488,-1.139107,-2.740000,-3.650000
9023.005029,5.839692,-1.137897,-2.780000,-3.910000
9023.105012,5.914469,-1.108347,-2.950000,-4.240000
9023.205011,5.947307,-1.083089,-3.090000,-4.580000
9023.305030,5.865908,-1.088334,-3.400000,-5.140000
9023.405010,5.889347,-1.116406,-3.380000,-5.400000
9023.505010,5.931856,-1.133138,-3.090000,-5.030000
9023.605004,5.981702,-1.088085,-2.920000,-4.510000
9023.705004,5.998186,-1.066383,-2.600000,-4.450000
9023.805004,5.946806,-0.989587,-2.580000,-4.310000
9023.904977,5.897854,-1.013457,-2.520000,-3.710000
9024.005007,5.896021,-1.094409,-2.330000,-3.790000
9024.104998,5.916515,-1.109853,-2.250000,-3.460000
9024.204991,5.948450,-1.062906,-1.910000,-3.180000
9024.305005,5.905114,-1.071400,-1.700000,-3.680000
9024.404999,5.917900,-1.082559,-1.660000,-4.400000
9024.504992,5.893178,-1.018566,-1.960000,-4.900000
9024.604982,5.879906,-1.110639,-1.840000,-5.130000
9024.704999,5.896639,-1.078645,-2.050000,-5.150000
9024.804974,5.910374,-1.097081,-2.030000,-4.690000
9024.905016,5.875880,-1.150086,-2.030000,-3.860000
9025.004996,5.905192,-1.181575,-2.140000,-2.990000
9025.104996,5.926308,-1.135263,-1.840000,-3.210000
9025.205006,5.825826,-1.107952,-1.910000,-3.960000
9025.305009,5.874044,-1.188912,-1.910000,-4.710000
9025.405024,5.876614,-1.143710,-2.340000,-4.830000
9025.505003,5.825692,-1.103148,-3.150000,-4.440000
9025.605007,5.801669,-1.173994,-3.270000,-3.670000
9025.704982,5.787377,-1.166727,-3.420000,-3.540000
9025.805005,5.775475,-1.134042,-3.410000,-3.990000
9025.905008,5.769801,-1.112774,-3.520000,-4.590000
9026.005000,5.775123,-1.090412,-3.350000,-5.020000
9026.105018,5.806201,-1.054568,-3.180000,-5.480000
9026.205000,5.808491,-1.107100,-3.080000,-5.480000
9026.305005,5.844106,-1.052729,-2.720000,-5.680000
9026.405004,5.853454,-1.086806,-2.820000,-5.300000
9026.505007,5.866711,-1.041103,-3.020000,-4.940000
9026.605004,5.876343,-1.096585,-3.320000,-4.380000
9026.704985,5.882616,-1.010716,-3.150000,-4.510000
9026.805026,5.859489,-1.082539,-2.640000,-4.400000
9026.905013,5.858515,-1.042961,-1.760000,-4.540000
9027.004977,5.811388,-1.074020,-1.780000,-4.780000
9027.104974,5.813118,-1.097151,-1.850000,-5.570000
9027.204987,5.835465,-1.176291,-2.300000,-5.600000
9027.305018,5.847370,-1.071356,-2.540000,-5.360000
9027.404988,5.843013,-1.109483,-2.860000,-4.960000
9027.504994,5.834200,-1.084597,-3.010000,-5.180000
9027.604989,5.795314,-1.151667,-3.180000,-4.650000
9027.705006,5.811460,-1.163768,-3.290000,-4.470000
9027.804975,5.816307,-1.059830,-3.920000,-4.690000
9027.905001,5.796112,-1.032130,-3.950000,-5.390000
9028.004998,5.774736,-1.079679,-3.410000,-6.110000
9028.105002,5.828474,-1.055796,-2.840000,-6.320000
9028.205000,5.811364,-1.027493,-2.780000,-6.240000
9028.304977,5.850071,-1.116536,-2.620000,-5.760000
9028.404980,5.926777,-1.069984,-2.560000,-5.430000
9028.505034,5.914910,-0.992660,-2.190000,-5.290000
9028.605007,5.857772,-1.055577,-1.510000,-5.270000
9028.704997,5.891336,-1.108132,-1.590000,-5.390000
9028.804988,5.956389,-1.058096,-2.250000,-5.930000
9028.904987,5.950695,-1.101585,-2.840000,-6.140000
9029.004994,5.950537,-1.117055,-3.050000,-5.640000
9029.105001,5.975130,-1.078062,-3.150000,-5.000000
9029.204992,5.961591,-1.153243,-2.870000,-4.160000
9029.305009,5.994098,-1.115421,-2.740000,-3.330000
9029.404988,5.942702,-1.162065,-2.560000,-2.550000
9029.504975,5.906771,-1.088930,-2.300000,-1.890000
9029.604987,5.851972,-1.126415,-2.350000,-0.880000
9029.705031,5.772119,-1.102986,-2.630000,0.020000
9029.805006,5.761828,-1.124889,-2.880000,0.460000
9029.904980,5.653088,-1.125261,-3.290000,1.000000
9030.005010,5.580918,-1.076630,-3.640000,1.360000
9030.104978,5.455665,-1.063355,-4.110000,2.000000
9030.205027,5.333288,-1.036446,-4.560000,2.700000
9030.305006,5.258173,-0.972166,-4.880000,3.490000
9030.405012,5.108487,-0.879494,-5.040000,4.210000
9030.504997,4.963695,-0.815750,-4.890000,4.990000
9030.605004,4.829910,-0.771984,-4.260000,5.540000
9030.704980,4.677340,-0.725865,-3.420000,6.170000
9030.805011,4.524974,-0.717782,-2.590000,6.820000
9030.904975,4.341677,-0.700196,-2.210000,7.250000
9031.004982,4.179683,-0.656237,-2.350000,7.630000
9031.105008,3.983713,-0.610066,-2.730000,7.610000
9031.205003,3.748408,-0.483976,-3.510000,7.620000
9031.304981,3.619125,-0.470055,-4.350000,7.710000
9031.405013,3.428801,-0.398881,-4.930000,7.600000
9031.504973,3.271119,-0.330335,-5.510000,8.230000
9031.604990,3.063166,-0.192439,-6.010000,9.120000
9031.705001,2.919523,-0.109883,-6.610000,10.080000
9031.805007,2.675499,0.029943,-7.010000,10.560000
9031.905034,2.481698,0.167475,-6.900000,10.200000
9032.005003,2.334935,0.274850,-6.530000,9.430000
9032.104984,2.132936,0.399175,-6.590000,8.280000
9032.205008,1.970445,0.499000,-7.690000,7.490000
9032.305003,1.819516,0.615459,-8.770000,7.080000
9032.405004,1.694861,0.774987,-9.780000,6.790000
9032.505015,1.577393,0.962432,-10.640000,6.900000
9032.605011,1.455909,1.137510,-11.060000,7.120000
9032.705001,1.319371,1.330585,-11.410000,7.260000
9032.804997,1.169217,1.529906,-12.120000,7.410000
9032.905004,1.054251,1.727275,-13.230000,7.240000
9033.005006,0.966256,1.976879,-14.460000,6.920000
9033.105041,0.839756,2.195574,-15.390000,6.480000
9033.204979,0.774072,2.443403,-16.200000,5.950000
9033.305004,0.669237,2.703573,-16.750000,5.670000
9033.405013,0.634036,2.925810,-17.030000,4.720000
9033.505002,0.567095,3.214675,-17.130000,3.660000
9033.605003,0.565674,3.484305,-16.960000,2.530000
9033.704981,0.565079,3.669250,-16.530000,1.710000
9033.805002,0.535940,3.925146,-16.000000,1.290000
9033.904981,0.554732,4.101496,-15.310000,1.000000
9034.005002,0.604583,4.285725,-14.820000,0.840000
9034.104977,0.619975,4.427722,-14.340000,1.030000
9034.204978,0.652862,4.614663,-13.720000,1.350000
9034.304974,0.639531,4.798102,-13.370000,1.900000
9034.404999,0.602985,4.915539,-13.450000,2.560000
9034.505004,0.580441,5.019552,-13.190000,2.770000
9034.605002,0.582552,5.192618,-12.860000,2.410000
9034.704986,0.559227,5.336156,-12.430000,1.540000
9034.805000,0.545359,5.381329,-12.150000,0.810000
9034.905002,0.602700,5.499275,-11.830000,0.470000
9035.005020,0.614861,5.640242,-11.590000,0.780000
9035.104987,0.551519,5.716871,-11.370000,1.070000
9035.205008,0.620877,5.772959,-11.220000,1.390000
9035.305017,0.584054,5.832308,-10.870000,1.200000
9035.404980,0.588503,5.901519,-10.530000,0.740000
9035.505004,0.608232,6.007838,-10.160000,0.200000
9035.605017,0.590086,6.068078,-9.390000,-0.410000
9035.705015,0.593020,6.133880,-8.860000,-0.660000
9035.805000,0.630744,6.113832,-8.130000,-0.950000
9035.905010,0.734848,6.090689,-7.180000,-1.130000
9036.004979,0.703783,6.125324,-6.460000,-1.290000
9036.104974,0.708153,6.137554,-6.300000,-1.410000
9036.204980,0.761319,6.119676,-6.620000,-0.940000
9036.304984,0.748227,6.063655,-6.740000,-0.560000
9036.405025,0.773471,6.041359,-6.900000,-0.610000
9036.505001,0.834169,6.082828,-7.120000,-0.260000
9036.604977,0.775484,6.082316,-7.300000,-0.100000
9036.705057,0.847490,6.088571,-7.360000,-0.230000
9036.805009,0.797738,6.142704,-7.570000,-0.420000
9036.904977,0.778530,6.137938,-7.640000,-0.700000
9037.005003,0.860409,6.140365,-7.190000,-0.850000
9037.105001,0.830869,6.115418,-6.890000,-0.620000
9037.204975,0.837763,6.070475,-6.840000,-0.640000
9037.304978,0.913401,6.042195,-6.790000,-0.430000
9037.405006,0.883647,6.085167,-6.810000,-0.120000
9037.505001,0.871218,6.085378,-6.730000,-0.180000
9037.605005,0.875659,6.087793,-6.480000,-0.140000
9037.705006,0.876963,6.116413,-6.200000,0.280000
9037.804976,0.816797,6.072377,-5.810000,0.630000
9037.905006,0.846279,6.020219,-5.560000,0.540000
9038.005038,0.852621,6.028783,-5.520000,0.620000
9038.105027,0.830001,5.977886,-5.920000,0.510000
9038.204978,0.849035,5.998433,-6.410000,0.680000
9038.305007,0.777019,6.001204,-6.600000,0.610000
9038.405022,0.793456,5.992111,-6.490000,0.060000
9038.504973,0.801341,5.998337,-6.230000,-0.370000
9038.604977,0.829421,5.990227,-6.150000,-0.360000
9038.705006,0.854844,5.965312,-6.030000,-0.010000
9038.805002,0.817851,5.944737,-5.830000,-0.040000
9038.905018,0.836950,5.930244,-5.890000,-0.330000
9039.004975,0.800204,5.977839,-6.290000,-0.350000
9039.105001,0.764255,5.959834,-6.030000,-0.210000
9039.205003,0.739269,5.946168,-5.510000,-0.060000
9039.305007,0.799868,5.896723,-5.220000,0.090000
9039.405002,0.834540,5.928150,-4.910000,-0.120000
9039.504998,0.801554,5.904993,-5.040000,-0.710000
9039.605010,0.795143,5.913412,-5.410000,-0.780000
9039.705021,0.808907,5.847195,-5.650000,-1.110000
9039.805007,0.787234,5.810032,-6.050000,-0.900000
9039.905005,0.910771,5.794041,-6.520000,-1.040000
9040.005009,0.837875,5.778063,-6.650000,-0.770000
9040.104997,0.942516,5.765310,-6.800000,-0.010000
9040.205010,0.856445,5.793360,-7.140000,0.780000
9040.305003,0.923825,5.785564,-7.170000,0.820000
9040.404999,0.869766,5.833771,-6.630000,0.510000
9040.505002,0.891211,5.807157,-5.760000,-0.050000
9040.604985,0.904280,5.815352,-4.620000,-0.270000
9040.705000,0.851788,5.775939,-3.910000,-0.230000
9040.805015,0.842823,5.676626,-3.030000,-0.190000
9040.904996,0.895730,5.605210,-1.690000,0.360000
9041.005008,0.785555,5.517472,-0.540000,0.700000
9041.104998,0.784258,5.435397,0.570000,1.120000
9041.205009,0.808254,5.341655,1.700000,1.300000
9041.304991,0.751974,5.270154,2.770000,0.450000
9041.405009,0.610333,5.030356,4.090000,-0.420000
9041.505053,0.682660,4.807214,4.490000,-1.200000
9041.605003,0.691271,4.707992,4.330000,-1.570000
9041.705018,0.775497,4.502367,3.780000,-1.820000
9041.805005,0.763292,4.400178,2.870000,-0.870000
9041.905022,0.649708,4.287440,1.780000,0.770000
9042.004979,0.654493,4.134828,0.870000,3.030000
9042.104985,0.591145,4.039448,1.390000,4.430000
9042.204994,0.540843,3.902384,2.100000,5.070000
9042.305013,0.387767,3.816881,2.720000,4.930000
9042.405000,0.327072,3.652421,3.780000,4.900000
9042.504979,0.248286,3.496201,5.060000,4.380000
9042.605002,0.122794,3.333691,6.450000,4.380000
9042.705005,0.015767,3.133956,7.670000,4.670000
9042.805062,-0.114730,2.916337,8.530000,5.740000
9042.904982,-0.214639,2.712100,9.000000,6.910000
9043.004980,-0.378491,2.490612,8.890000,7.820000
9043.105001,-0.515981,2.346749,7.900000,8.530000
9043.204989,-0.591581,2.163469,6.890000,9.040000
9043.305003,-0.777140,1.981043,6.150000,9.130000
9043.405017,-0.921719,1.880477,5.690000,9.400000
9043.504972,-1.086621,1.765943,5.130000,9.880000
9043.604996,-1.264745,1.638543,4.640000,10.760000
9043.705001,-1.472181,1.545227,4.450000,11.770000
9043.805001,-1.698603,1.392102,4.550000,12.450000
9043.905014,-1.912954,1.279177,4.920000,12.390000
9044.005009,-2.127437,1.224350,4.810000,12.320000
9044.105002,-2.366988,1.094443,4.430000,12.680000
9044.205006,-2.511712,1.038784,4.160000,13.590000
9044.305007,-2.806072,0.920740,4.140000,14.470000
9044.405004,-3.037471,0.850820,4.420000,15.160000
9044.505009,-3.275288,0.772889,4.280000,15.470000
9044.605006,-3.556795,0.738807,3.880000,15.280000
9044.704999,-3.750350,0.673023,3.060000,14.560000
9044.805013,-3.991757,0.677178,2.110000,13.970000
9044.904976,-4.143919,0.652462,1.710000,13.110000
9045.005020,-4.338493,0.668128,1.560000,12.650000
9045.104976,-4.518833,0.693245,1.720000,12.640000
9045.204999,-4.697918,0.679113,1.640000,12.870000
9045.304992,-4.889941,0.584177,1.580000,12.970000
9045.404997,-4.980973,0.655317,1.130000,12.700000
9045.505006,-5.122709,0.641474,1.030000,11.960000
9045.605000,-5.240480,0.746372,0.990000,11.230000
9045.705016,-5.421537,0.645911,1.130000,10.730000
9045.805022,-5.423770,0.681300,1.280000,10.430000
9045.905047,-5.566281,0.691551,1.600000,10.410000
9046.005004,-5.690144,0.734692,1.670000,10.390000
9046.105021,-5.773120,0.707505,1.320000,9.600000
9046.204993,-5.837163,0.638511,0.630000,8.970000
9046.305020,-5.819080,0.692436,0.080000,7.980000
9046.404988,-5.969928,0.657542,-0.180000,7.670000
9046.505003,-5.905613,0.737229,-0.170000,8.320000
9046.605008,-6.045792,0.752504,0.250000,8.150000
9046.705000,-6.117342,0.712866,0.280000,7.450000
9046.805002,-6.116729,0.755999,-0.140000,6.900000
9046.904986,-6.114944,0.794027,-0.450000,5.610000
9047.005058,-6.187982,0.709885,-0.470000,4.720000
9047.105059,-6.174102,0.709993,-0.620000,3.850000
9047.205005,-6.052214,0.766102,-0.910000,3.830000
9047.305002,-6.092649,0.753339,-0.950000,3.890000
9047.405003,-6.020126,0.778536,-0.530000,4.910000
9047.504976,-6.112568,0.723564,-0.400000,4.920000
9047.605006,-6.036363,0.632369,-0.830000,4.740000
9047.704974,-6.018570,0.679854,-1.280000,4.940000
9047.805003,-6.044381,0.677975,-1.790000,5.120000
9047.904981,-6.118299,0.625580,-1.930000,5.060000
9048.005009,-6.047279,0.638837,-2.060000,5.060000
9048.105002,-6.051943,0.709901,-2.340000,5.900000
9048.205007,-5.999691,0.735082,-2.900000,6.700000
9048.304976,-6.022192,0.768609,-2.920000,6.890000
9048.404996,-6.106273,0.800566,-3.170000,7.040000
9048.504973,-6.143145,0.768233,-3.210000,6.570000
9048.604988,-6.142258,0.887979,-3.620000,5.760000
9048.705027,-6.161885,0.956420,-3.710000,4.770000
9048.805002,-6.195171,0.914476,-3.420000,3.980000
9048.904989,-6.198370,0.958280,-3.100000,3.340000
9049.004975,-6.165627,0.979992,-3.260000,3.160000
9049.104991,-6.013424,0.981961,-3.220000,2.760000
9049.204974,-6.068844,1.023220,-3.420000,2.490000
9049.304981,-6.051028,1.025707,-3.100000,1.740000
9049.404978,-5.969518,1.026041,-2.680000,0.650000
9049.504986,-5.840088,1.038550,-1.900000,-0.140000
9049.605005,-5.744623,1.022246,-1.420000,-0.800000
9049.705028,-5.695484,0.962689,-1.510000,-1.230000
9049.805042,-5.624068,0.947346,-2.070000,-1.830000
9049.904997,-5.576396,0.908964,-2.510000,-2.490000
9050.005007,-5.488747,0.872156,-2.730000,-3.610000
9050.105025,-5.328354,0.811258,-2.600000,-4.200000
9050.204972,-5.121367,0.730616,-2.360000,-5.060000
9050.304985,-5.000640,0.762548,-2.640000,-5.890000
9050.405000,-4.814745,0.690894,-3.060000,-6.530000
9050.505002,-4.654549,0.738235,-3.380000,-6.880000
9050.605002,-4.483569,0.708584,-3.150000,-7.400000
9050.705024,-4.285450,0.690278,-2.930000,-7.900000
9050.804995,-4.133425,0.639981,-2.990000,-7.810000
9050.904978,-3.930233,0.585124,-3.110000,-7.500000
9051.005000,-3.690825,0.605149,-3.480000,-7.150000
9051.104998,-3.587363,0.568104,-3.650000,-6.920000
9051.205030,-3.410380,0.592105,-3.430000,-7.400000
9051.305004,-3.192092,0.506321,-3.360000,-8.610000
9051.404999,-3.025996,0.545369,-3.610000,-10.220000
9051.504989,-2.802908,0.491505,-3.520000,-12.220000
9051.605032,-2.559000,0.431661,-3.390000,-13.700000
9051.705011,-2.289022,0.413589,-3.120000,-13.530000
9051.805002,-2.050277,0.294561,-2.990000,-12.280000
9051.905010,-1.838665,0.296579,-3.080000,-9.940000
9052.005011,-1.702928,0.253877,-3.170000,-7.230000
9052.104999,-1.522955,0.241269,-3.020000,-4.430000
9052.205009,-1.487397,0.237216,-3.070000,-2.420000
9052.305008,-1.428216,0.251807,-3.250000,-1.540000
9052.405010,-1.388794,0.272839,-3.200000,-0.760000
9052.505003,-1.360234,0.267211,-2.910000,-0.120000
9052.605026,-1.351326,0.318609,-2.540000,0.890000
9052.705015,-1.406076,0.307123,-1.940000,1.950000
9052.805003,-1.435602,0.325518,-1.360000,2.930000
9052.905001,-1.488333,0.338134,-0.890000,3.950000
9053.005012,-1.563259,0.286298,-0.530000,4.620000
9053.105001,-1.643619,0.317309,-0.490000,5.490000
9053.205000,-1.786195,0.346314,-0.650000,6.380000
9053.305015,-1.872016,0.362243,-0.620000,7.030000
9053.405003,-2.011597,0.358737,-0.400000,7.690000
9053.504976,-2.131523,0.388868,-0.470000,8.460000
9053.605004,-2.326771,0.353594,-0.630000,9.380000
9053.704996,-2.493029,0.429273,-0.880000,10.550000
9053.804986,-2.673563,0.473236,-1.140000,11.470000
9053.905007,-2.841424,0.509177,-1.430000,12.370000
9054.005007,-3.054661,0.560280,-1.810000,12.630000
9054.104998,-3.241689,0.617226,-1.970000,12.670000
9054.205000,-3.434636,0.596558,-1.960000,12.180000
9054.305027,-3.645949,0.685398,-1.970000,11.650000
9054.404988,-3.822630,0.730766,-2.010000,10.730000
9054.505009,-3.975732,0.813134,-2.000000,9.840000
9054.605019,-4.104314,0.816691,-2.070000,9.500000
9054.704971,-4.217158,0.882422,-2.110000,9.110000
9054.804980,-4.315316,0.891675,-2.060000,8.880000
9054.904980,-4.462920,0.944895,-2.180000,8.800000
9055.005025,-4.580061,0.961404,-2.130000,8.790000
9055.104998,-4.670100,0.978137,-2.440000,8.570000
9055.205007,-4.779556,0.985611,-2.540000,8.630000
9055.305044,-4.873004,1.107324,-2.650000,8.620000
9055.405000,-4.981751,1.073339,-2.690000,8.630000
9055.504973,-5.013817,1.129977,-2.560000,8.390000
9055.604976,-5.112949,1.176027,-2.580000,7.920000
9055.705004,-5.220169,1.175052,-2.510000,7.470000
9055.805052,-5.269706,1.240726,-2.750000,7.140000
9055.905002,-5.370734,1.234684,-2.930000,6.640000
9056.005023,-5.425876,1.207271,-2.670000,5.950000
9056.104973,-5.464154,1.310202,-2.720000,5.300000
9056.204976,-5.493256,1.293522,-2.960000,4.750000
9056.304991,-5.460944,1.224734,-2.950000,4.130000
9056.404999,-5.431872,1.379654,-3.120000,4.170000
9056.505006,-5.477887,1.392951,-2.870000,4.250000
9056.605006,-5.499068,1.295942,-2.500000,4.520000
9056.705005,-5.543404,1.293019,-2.320000,4.240000
9056.805007,-5.543910,1.402461,-2.620000,4.380000
9056.905081,-5.497995,1.388926,-2.880000,4.960000
9057.004975,-5.476112,1.357154,-2.510000,5.100000
9057.104989,-5.532665,1.446948,-2.220000,5.610000
9057.204984,-5.603272,1.423549,-1.730000,5.420000
9057.304980,-5.655528,1.401007,-1.700000,5.310000
9057.404975,-5.640974,1.428975,-1.510000,5.100000
9057.505009,-5.641877,1.432400,-1.260000,4.770000
9057.605004,-5.641556,1.395251,-1.100000,4.590000
9057.705007,-5.653610,1.406064,-1.240000,3.600000
9057.804986,-5.715489,1.343184,-1.680000,2.630000
9057.905022,-5.583399,1.373756,-2.190000,2.020000
9058.004998,-5.666983,1.407916,-2.010000,2.880000
9058.104976,-5.560620,1.435511,-1.630000,4.640000
9058.204974,-5.624014,1.403575,-1.130000,5.440000
9058.304991,-5.571384,1.429878,-1.080000,6.440000
9058.404980,-5.709573,1.407927,-1.310000,6.970000
9058.504973,-5.752912,1.448782,-1.450000,6.950000
9058.604976,-5.804206,1.439163,-1.310000,6.080000
9058.704986,-5.840631,1.400620,-0.790000,4.590000
9058.804999,-5.827450,1.453092,-0.510000,3.400000
9058.905006,-5.778814,1.404709,-0.380000,2.840000
9059.004978,-5.772228,1.387622,-0.310000,2.440000
9059.104998,-5.838283,1.351874,-0.170000,2.170000
9059.205005,-5.703846,1.314022,-0.180000,2.560000
9059.305003,-5.649493,1.286143,-0.530000,3.050000
9059.405049,-5.720536,1.321670,-0.820000,3.180000
9059.505019,-5.684258,1.276264,-1.430000,3.330000
9059.605030,-5.638027,1.272937,-1.520000,3.970000
9059.705004,-5.642981,1.223641,-1.050000,3.620000
9059.804978,-5.637485,1.311069,-1.140000,2.830000
9059.904978,-5.652891,1.279698,-1.240000,1.500000
9060.005005,-5.543147,1.202968,-1.140000,0.280000
9060.105007,-5.451267,1.203409,-1.010000,-0.300000
9060.205003,-5.400551,1.219366,-1.210000,-0.900000
9060.305006,-5.250730,1.213871,-1.080000,-1.390000
9060.405022,-5.243231,1.145664,-0.770000,-2.200000
9060.504987,-5.128273,1.078972,-0.840000,-2.950000
9060.604976,-4.957826,1.047758,-0.820000,-3.650000
9060.705020,-4.898037,1.060488,-0.870000,-4.440000
9060.804976,-4.758652,1.015246,-1.410000,-5.240000
9060.905007,-4.558103,0.968048,-2.330000,-5.450000
9061.004980,-4.470064,0.950534,-2.860000,-5.070000
9061.104991,-4.335415,0.937883,-2.710000,-5.050000
9061.205016,-4.156429,0.961810,-2.240000,-4.770000
9061.305028,-4.015545,0.895232,-1.410000,-5.170000
9061.405000,-3.860183,0.882796,-0.240000,-6.250000
9061.504995,-3.748357,0.804967,0.470000,-7.490000
9061.605004,-3.578621,0.703304,1.190000,-8.480000
9061.704972,-3.388805,0.607087,1.870000,-9.650000
9061.804991,-3.192266,0.514517,2.430000,-10.450000
9061.905023,-2.961427,0.406839,3.000000,-11.050000
9062.005004,-2.771013,0.271913,4.130000,-11.250000
9062.105002,-2.579179,0.128766,4.840000,-10.170000
9062.205005,-2.410929,-0.074334,5.130000,-8.800000
9062.305024,-2.274300,-0.231279,4.960000,-8.160000
9062.405008,-2.142808,-0.348528,4.360000,-8.330000
9062.505003,-1.968335,-0.504411,4.050000,-8.960000
9062.604976,-1.801718,-0.636320,4.830000,-9.670000
9062.704982,-1.638541,-0.782921,5.950000,-9.900000
9062.804979,-1.486738,-0.975130,7.570000,-9.370000
9062.905002,-1.370364,-1.193198,8.670000,-8.410000
9063.005006,-1.223708,-1.411752,9.440000,-7.370000
9063.105046,-1.144356,-1.594212,9.910000,-6.520000
9063.205001,-1.084378,-1.848223,10.660000,-6.570000
9063.305008,-1.014104,-2.051937,11.340000,-6.560000
9063.405009,-0.973507,-2.284700,11.870000,-6.570000
9063.504990,-0.915840,-2.544930,12.500000,-6.610000
9063.605003,-0.829953,-2.781165,12.970000,-6.630000
9063.704998,-0.799244,-3.042346,13.340000,-6.640000
9063.805006,-0.740500,-3.317540,13.510000,-6.280000
9063.905028,-0.715363,-3.536726,13.140000,-5.600000
9064.005001,-0.695060,-3.787671,12.610000,-4.910000
9064.105008,-0.675794,-3.987656,11.940000,-4.340000
9064.205005,-0.658329,-4.221167,11.200000,-3.590000
9064.305031,-0.695799,-4.423188,10.460000,-2.960000
9064.404996,-0.684337,-4.536758,9.920000,-2.340000
9064.505008,-0.725085,-4.678432,9.510000,-1.370000
9064.605022,-0.709264,-4.810294,9.250000,-1.020000
9064.704991,-0.767762,-4.965801,8.870000,-0.750000
9064.805004,-0.738154,-5.103032,8.750000,-1.070000
9064.905018,-0.774922,-5.161105,8.550000,-1.570000
9065.005002,-0.789875,-5.286005,8.310000,-1.860000
9065.104977,-0.749795,-5.414314,8.090000,-2.020000
9065.204998,-0.749847,-5.473951,7.620000,-1.940000
9065.305016,-0.773634,-5.584217,7.240000,-1.800000
9065.405024,-0.787225,-5.679797,6.860000,-1.380000
9065.505001,-0.744304,-5.759320,6.700000,-1.350000
9065.605009,-0.751416,-5.796376,6.370000,-0.890000
9065.704981,-0.817336,-5.863718,6.130000,-0.340000
9065.804977,-0.816649,-5.912717,5.500000,0.270000
9065.905026,-0.773909,-5.962052,4.900000,0.690000
9066.005006,-0.850811,-5.963640,4.120000,0.590000
9066.105002,-0.869432,-5.982379,3.270000,0.590000
9066.204981,-0.916178,-6.015766,2.980000,0.370000
9066.304976,-0.913329,-5.977731,2.820000,0.200000
9066.404996,-0.953200,-6.005680,3.350000,-0.130000
9066.504991,-0.861277,-6.020692,3.780000,-0.310000
9066.605001,-0.940477,-6.008770,3.850000,-0.320000
9066.704975,-0.919792,-6.031933,3.810000,-0.110000
9066.804992,-0.960699,-6.024814,3.530000,0.060000
9066.905003,-0.895383,-6.050869,3.620000,-0.020000
9067.004986,-0.955698,-6.047726,3.200000,0.050000
9067.104995,-0.981903,-6.085729,2.870000,0.460000
9067.204976,-0.955318,-6.077457,2.720000,0.740000
9067.304975,-0.988189,-6.071988,3.100000,0.650000
9067.404991,-0.980088,-6.087252,3.080000,0.510000
9067.505003,-1.072914,-6.121633,2.790000,0.320000
9067.605009,-0.957061,-6.076315,2.420000,0.360000
9067.705001,-1.043738,-6.059644,2.040000,0.020000
9067.805004,-1.100681,-6.112111,2.040000,0.530000
9067.905002,-0.976303,-6.071548,2.090000,0.600000
9068.004979,-1.099786,-6.015182,1.920000,0.680000
9068.104985,-1.072222,-6.057571,1.700000,1.050000
9068.204999,-1.073838,-6.048888,1.730000,0.920000
9068.304978,-1.068258,-5.959795,1.580000,0.950000
9068.404979,-1.142644,-5.990737,1.570000,0.730000
9068.504975,-1.112438,-5.969899,1.600000,0.570000
9068.605004,-1.110088,-5.977762,1.840000,-0.300000
9068.704980,-1.120687,-5.933622,1.710000,-0.940000
9068.804999,-1.078691,-5.920280,1.680000,-1.530000
9068.904976,-1.132148,-5.943767,1.680000,-1.750000
9069.005010,-1.053536,-5.908480,1.680000,-1.240000
9069.105002,-0.984389,-5.910222,1.720000,-1.110000
9069.205005,-1.059484,-5.880000,1.920000,-0.390000
9069.304997,-1.009117,-5.919821,2.300000,-0.310000
9069.405017,-1.070017,-5.865564,2.260000,-0.020000
9069.505001,-0.987435,-5.904526,2.050000,-0.180000
9069.605004,-1.026475,-5.857660,1.930000,-0.090000
9069.705041,-0.989716,-5.843606,1.880000,-0.450000
9069.804974,-1.069977,-5.834705,1.940000,-0.650000
9069.904979,-1.006469,-5.862194,1.900000,-0.620000
9070.004987,-1.021160,-5.879168,1.800000,-0.430000
9070.104983,-0.974492,-5.870152,1.970000,-0.130000
9070.205002,-1.037819,-5.825212,1.920000,-0.200000
9070.305040,-1.016986,-5.848053,2.170000,-0.400000
9070.405002,-1.061551,-5.848585,2.180000,-0.290000
9070.504995,-0.986937,-5.915967,2.460000,-0.540000
9070.605008,-0.998603,-5.829367,2.260000,-0.310000
9070.704999,-1.068989,-5.848778,2.150000,-0.350000
9070.805001,-1.038314,-5.885494,1.480000,-0.270000
9070.904988,-0.964136,-5.861996,1.060000,-0.470000
9071.005010,-1.032945,-5.792009,0.100000,-0.530000
9071.105058,-1.000016,-5.766258,-0.630000,-0.490000
9071.205006,-1.023573,-5.718163,-1.680000,-0.130000
9071.304984,-0.964383,-5.706724,-2.370000,-0.220000
9071.405011,-0.918734,-5.578148,-2.900000,-0.080000
9071.505031,-0.907779,-5.465380,-3.650000,-0.500000
9071.604979,-0.892675,-5.344172,-4.420000,-0.340000
9071.704990,-0.877567,-5.267375,-5.130000,-0.060000
9071.805004,-0.856150,-5.183157,-5.290000,0.400000
9071.905002,-0.833555,-5.028026,-5.670000,0.810000
9072.005007,-0.787803,-4.883860,-5.990000,1.150000
9072.104989,-0.794200,-4.794752,-6.480000,0.920000
9072.204999,-0.719810,-4.664815,-6.960000,0.790000
9072.305001,-0.736634,-4.514760,-7.710000,1.020000
9072.405043,-0.699409,-4.342273,-8.570000,1.590000
9072.504997,-0.690968,-4.161125,-9.240000,1.980000
9072.605003,-0.711666,-3.996797,-9.780000,1.790000
9072.704977,-0.671452,-3.808015,-10.530000,0.970000
9072.805012,-0.605951,-3.612897,-11.170000,-0.480000
9072.905047,-0.531369,-3.420443,-11.660000,-2.160000
9073.005004,-0.464336,-3.237515,-12.100000,-3.730000
9073.104998,-0.369730,-3.045443,-12.680000,-4.850000
9073.205000,-0.221811,-2.801442,-13.240000,-5.640000
9073.304991,-0.049804,-2.612326,-13.410000,-5.930000
9073.404980,0.099454,-2.419228,-13.050000,-6.360000
9073.505021,0.262124,-2.265730,-12.320000,-6.610000
9073.605017,0.433333,-2.089641,-11.470000,-7.260000
9073.705009,0.616634,-1.931400,-10.740000,-7.770000
9073.805000,0.750614,-1.790177,-10.280000,-8.270000
9073.904978,0.920263,-1.690945,-9.810000,-8.800000
9074.004976,1.113036,-1.534410,-9.480000,-9.220000
9074.104979,1.307624,-1.456066,-9.110000,-9.620000
9074.204998,1.517400,-1.391947,-8.970000,-10.130000
9074.304978,1.710770,-1.302862,-9.060000,-10.810000
9074.405003,1.892976,-1.198249,-9.120000,-11.730000
9074.505012,2.117148,-1.140646,-9.120000,-12.520000
9074.604974,2.378278,-1.103155,-9.220000,-13.330000
9074.705004,2.578187,-1.042007,-9.380000,-13.580000
9074.805017,2.825860,-0.979414,-9.560000,-13.880000
9074.905039,3.105438,-0.904857,-9.700000,-14.050000
9075.005024,3.337059,-0.868653,-9.430000,-13.940000
9075.105008,3.576314,-0.808192,-9.000000,-13.750000
9075.205012,3.782235,-0.795976,-8.230000,-13.760000
9075.304981,4.001344,-0.713502,-7.690000,-13.580000
9075.405003,4.256912,-0.755273,-7.050000,-13.340000
9075.505008,4.415206,-0.770301,-6.540000,-12.900000
9075.604993,4.583382,-0.734714,-5.950000,-12.550000
9075.705035,4.753253,-0.792404,-5.200000,-12.320000
9075.805008,4.889114,-0.828996,-4.860000,-11.960000
9075.905002,5.042538,-0.802446,-4.860000,-11.670000
9076.005004,5.154435,-0.865923,-4.990000,-11.190000
9076.104982,5.241770,-0.833127,-5.430000,-10.660000
9076.204973,5.381702,-0.912635,-5.500000,-10.290000
9076.304988,5.528271,-0.862296,-5.620000,-9.860000
9076.405010,5.607224,-0.904251,-5.320000,-9.780000
9076.504996,5.638952,-0.907043,-5.240000,-9.670000
9076.604990,5.769228,-0.883874,-5.230000,-9.360000
9076.705032,5.747360,-0.856485,-5.570000,-8.830000
9076.805011,5.839824,-0.933334,-5.570000,-8.650000
9076.904976,5.912232,-0.842933,-5.610000,-8.080000
9077.005008,5.932937,-0.920772,-5.030000,-7.710000
9077.104976,6.000107,-0.906185,-4.770000,-7.130000
9077.205002,6.055034,-0.963983,-4.580000,-6.480000
9077.305027,6.035835,-0.924877,-4.660000,-5.660000
9077.404977,6.031833,-0.946137,-4.590000,-5.190000
9077.505002,6.061930,-0.916480,-4.710000,-4.760000
9077.604994,6.042909,-0.889574,-4.280000,-4.700000
9077.705017,5.993512,-0.932894,-3.980000,-5.480000
9077.804974,6.072834,-0.902688,-4.210000,-6.270000
9077.905003,6.063801,-0.977760,-4.390000,-6.430000
9078.005010,6.053774,-1.001204,-4.660000,-6.250000
9078.104994,6.124403,-0.954732,-4.280000,-6.040000
9078.205004,6.152713,-0.981799,-3.770000,-5.570000
9078.305001,6.082491,-0.998293,-3.590000,-4.980000
9078.405016,6.131254,-1.037860,-3.720000,-4.690000
9078.504998,6.059161,-0.981584,-3.890000,-4.590000
9078.604986,6.086106,-1.069878,-3.910000,-5.050000
9078.704976,6.081508,-1.082753,-4.080000,-5.230000
9078.805006,6.048504,-1.019154,-4.290000,-5.410000
9078.904978,6.123019,-1.043885,-4.240000,-5.430000
9079.005016,6.098896,-1.056193,-4.110000,-5.020000
9079.104998,6.043733,-1.029979,-4.090000,-4.890000
9079.204980,6.120742,-1.092911,-3.980000,-4.610000
9079.304996,6.067528,-1.081127,-3.810000,-4.140000
9079.404978,6.025425,-1.067250,-3.450000,-4.500000
9079.505005,6.045435,-1.128413,-3.460000,-4.640000
9079.605003,5.994252,-1.050801,-3.550000,-4.920000
9079.705023,6.068885,-1.160856,-3.780000,-4.960000
9079.804996,6.056972,-1.058383,-4.060000,-4.580000
9079.905011,6.010206,-1.186019,-4.150000,-4.500000
9080.005003,6.065910,-1.080284,-4.260000,-4.220000
9080.104999,5.972996,-1.160058,-3.900000,-4.040000
9080.205008,6.003661,-1.087657,-3.510000,-4.310000
9080.305018,6.011257,-1.133710,-3.340000,-4.200000
9080.404988,5.949419,-1.176290,-3.640000,-4.090000
9080.505003,5.980448,-1.118732,-4.180000,-3.530000
9080.605001,5.877721,-1.220124,-4.720000,-3.140000
9080.705000,5.944000,-1.104806,-5.120000,-2.920000
9080.805003,5.857744,-1.165853,-5.080000,-2.640000
9080.904977,5.919929,-1.099065,-4.880000,-2.870000
9081.005003,5.857846,-1.120209,-4.450000,-2.670000
9081.105002,5.841943,-1.084351,-4.120000,-3.370000
9081.204980,5.862873,-1.094213,-4.170000,-3.650000
9081.304983,5.820246,-1.019201,-4.260000,-3.920000
9081.405002,5.805696,-1.069446,-4.420000,-4.090000
9081.504999,5.858373,-1.019713,-4.370000,-4.180000
9081.605022,5.837908,-0.983236,-4.210000,-3.970000
9081.704981,5.803724,-0.991909,-3.780000,-4.090000
9081.805013,5.803940,-0.978907,-3.820000,-4.110000
9081.905036,5.832659,-0.995124,-3.580000,-4.270000
9082.005004,5.754766,-0.957598,-3.700000,-4.540000
9082.104987,5.804989,-1.064124,-3.630000,-4.820000
9082.205005,5.783626,-0.971691,-3.740000,-4.750000
9082.305012,5.745697,-1.066054,-3.710000,-4.600000
9082.405005,5.809829,-1.045931,-3.470000,-4.810000
9082.504991,5.855415,-1.070819,-3.400000,-4.610000
9082.605005,5.862288,-1.082218,-3.110000,-4.620000
9082.705005,5.812563,-1.050420,-3.170000,-4.440000
9082.804977,5.857516,-1.104182,-3.310000,-4.090000
9082.905003,5.869165,-1.017164,-3.460000,-3.660000
9083.005000,5.776933,-1.051827,-3.590000,-3.480000
9083.105030,5.752353,-1.090886,-3.730000,-3.490000
9083.205010,5.816097,-1.073198,-3.430000,-3.650000
9083.304995,5.796214,-1.081232,-3.090000,-3.550000
9083.405009,5.771019,-1.082988,-2.730000,-3.580000
9083.505007,5.680744,-1.040466,-3.030000,-3.760000
9083.605005,5.735393,-1.132871,-3.470000,-4.180000
9083.704976,5.782897,-1.050092,-3.690000,-5.000000
9083.805006,5.738012,-1.075712,-3.890000,-5.690000
9083.904998,5.812228,-1.090348,-3.570000,-5.870000
9084.005009,5.819990,-1.110454,-3.330000,-5.300000
9084.105000,5.817770,-1.057384,-3.010000,-4.860000
9084.204998,5.805022,-1.129157,-2.830000,-4.450000
9084.305041,5.843638,-1.096691,-3.020000,-4.180000
9084.405025,5.868766,-1.114716,-3.210000,-4.210000
9084.505004,5.824852,-1.105757,-3.490000,-4.110000
9084.605001,5.819319,-1.136452,-3.630000,-4.410000
9084.704980,5.821032,-1.164345,-3.990000,-4.540000
9084.805006,5.882846,-1.182872,-4.260000,-4.520000
9084.905003,5.870802,-1.180529,-4.350000,-4.230000
9085.005003,5.917965,-1.138952,-4.210000,-3.600000
9085.104984,5.871768,-1.129351,-4.130000,-3.080000
9085.205015,5.850188,-1.112860,-3.980000,-2.960000
9085.304978,5.778183,-1.048541,-3.990000,-3.110000
9085.405048,5.802931,-1.149835,-3.880000,-3.500000
9085.504994,5.862132,-1.083324,-3.810000,-3.970000
9085.605000,5.776075,-1.033713,-3.750000,-3.960000
9085.705011,5.782816,-1.050040,-3.960000,-3.960000
9085.805005,5.813154,-1.040199,-4.210000,-3.770000
9085.905003,5.822507,-1.091656,-3.910000,-3.680000
9086.004989,5.843744,-1.000143,-3.610000,-3.530000
9086.105001,5.787968,-1.071599,-3.470000,-3.230000
9086.205007,5.816109,-1.068776,-3.600000,-3.040000
9086.304981,5.783573,-1.095031,-3.790000,-2.780000
9086.405014,5.758518,-1.039646,-3.520000,-2.990000
9086.504998,5.734529,-1.064559,-3.610000,-3.670000
9086.605009,5.775920,-1.014824,-3.450000,-4.250000
9086.705025,5.717786,-1.080961,-3.990000,-5.070000
9086.805019,5.824296,-1.040514,-4.360000,-4.880000
9086.905002,5.811209,-1.006571,-4.720000,-3.830000
9087.005007,5.815147,-0.965214,-4.510000,-3.520000
9087.104975,5.778414,-0.889961,-3.950000,-4.250000
9087.205003,5.781101,-1.028758,-2.850000,-5.310000
9087.305020,5.813001,-0.971672,-2.330000,-6.070000
9087.405011,5.860473,-0.980439,-2.590000,-5.910000
9087.505006,5.841074,-1.040155,-3.220000,-5.200000
9087.605007,5.838574,-0.991500,-3.680000,-4.650000
9087.705008,5.806659,-1.070053,-3.710000,-4.030000
9087.805003,5.816181,-1.045479,-3.060000,-3.200000
9087.905006,5.808153,-1.089489,-2.510000,-2.000000
9088.004999,5.771165,-1.041718,-2.040000,-0.840000
9088.104987,5.607855,-1.035142,-2.120000,-0.140000
9088.205002,5.596375,-1.059195,-1.980000,0.630000
9088.305007,5.469090,-1.047825,-1.710000,1.020000
9088.404998,5.462612,-0.956785,-1.900000,1.390000
9088.505001,5.281130,-0.961218,-1.830000,1.920000
9088.605032,5.213312,-0.998857,-1.540000,2.640000
9088.704977,5.039347,-1.028737,-1.270000,3.430000
9088.805018,4.979776,-0.978648,-1.110000,3.500000
9088.904977,4.793415,-0.936469,-1.560000,3.520000
9089.005002,4.708422,-0.961347,-2.050000,3.650000
9089.104988,4.608811,-0.929312,-2.700000,4.830000
9089.205028,4.441852,-0.888922,-2.900000,5.660000
9089.305005,4.238356,-0.856111,-2.620000,6.550000
9089.404981,4.070342,-0.791473,-2.690000,7.300000
9089.505009,3.888992,-0.715491,-3.410000,7.920000
9089.605008,3.702547,-0.653549,-4.310000,8.380000
9089.705009,3.518260,-0.639156,-5.630000,9.160000
9089.804988,3.267136,-0.452497,-6.630000,9.730000
9089.904999,3.123287,-0.374056,-7.320000,10.020000
9090.005007,2.911823,-0.250845,-7.620000,9.950000
9090.104977,2.780183,-0.132851,-7.710000,9.850000
9090.205003,2.548753,0.043166,-7.940000,9.800000
9090.304981,2.394215,0.184686,-8.260000,9.870000
9090.404979,2.200758,0.356203,-8.330000,9.410000
9090.504980,2.072518,0.529438,-8.950000,8.700000
9090.605009,1.921522,0.705526,-9.870000,8.720000
9090.704996,1.786558,0.838677,-10.390000,8.810000
9090.805013,1.677152,1.054287,-10.630000,9.100000
9090.905026,1.550991,1.252042,-10.860000,8.870000
9091.005001,1.409636,1.471922,-11.170000,8.590000
9091.104998,1.291825,1.679553,-11.940000,8.560000
9091.205005,1.207807,1.866422,-12.650000,8.220000
9091.305035,1.128348,2.081465,-13.380000,8.070000
9091.405002,1.021895,2.285082,-14.210000,8.220000
9091.505025,0.941530,2.543497,-15.130000,8.470000
9091.605014,0.889628,2.835071,-15.670000,8.670000
9091.705001,0.815548,3.049570,-15.780000,8.760000
9091.805002,0.736180,3.321070,-15.720000,8.400000
9091.904973,0.723192,3.531263,-15.290000,7.590000
9092.004979,0.659232,3.735047,-14.950000,6.660000
9092.104983,0.624348,3.987211,-14.680000,5.750000
9092.204987,0.607552,4.126686,-14.530000,4.920000
9092.305013,0.625442,4.331938,-14.260000,4.210000
9092.404980,0.602168,4.550493,-14.090000,3.580000
9092.504984,0.594758,4.695286,-14.000000,3.340000
9092.605004,0.607316,4.866384,-13.440000,3.120000
9092.705014,0.667553,4.992570,-13.260000,3.520000
9092.805016,0.715533,5.134973,-13.010000,3.740000
9092.904975,0.696580,5.294410,-12.570000,4.130000
9093.005007,0.640938,5.416882,-12.400000,4.510000
9093.105011,0.609942,5.529652,-12.020000,4.440000
9093.205002,0.627945,5.604795,-11.690000,4.090000
9093.305012,0.627309,5.731360,-11.440000,3.660000
9093.405008,0.624211,5.817636,-11.010000,3.380000
9093.505007,0.614890,5.900723,-10.560000,2.770000
9093.604987,0.624209,5.947377,-10.110000,2.560000
9093.705008,0.682247,6.003367,-9.460000,2.200000
9093.805003,0.649615,6.067624,-8.680000,2.010000
9093.905007,0.641588,6.067008,-8.070000,1.900000
9094.005002,0.569658,6.070406,-7.190000,1.520000
9094.105003,0.611365,6.025038,-6.900000,1.310000
9094.205003,0.713314,6.035067,-6.580000,0.850000
9094.305008,0.707080,6.044262,-6.760000,0.960000
9094.405005,0.617723,6.034502,-6.740000,0.700000
9094.504994,0.641485,6.106973,-7.290000,0.670000
9094.605024,0.680971,6.063796,-8.050000,0.620000
9094.705035,0.710269,6.060056,-8.440000,0.500000
9094.805009,0.752349,6.013367,-8.640000,0.590000
9094.904999,0.794664,6.022832,-8.670000,0.440000
9095.004979,0.830274,6.083068,-8.640000,0.600000
9095.105013,0.841819,6.157779,-8.280000,0.830000
9095.205007,0.810871,6.185927,-7.620000,1.160000
9095.305017,0.823308,6.167314,-6.960000,1.190000
9095.405005,0.828111,6.160460,-6.750000,1.160000
9095.505028,0.837610,6.182538,-6.570000,0.880000
9095.605000,0.822694,6.215095,-6.140000,0.420000
9095.705003,0.806629,6.215314,-5.600000,0.030000
9095.805023,0.850632,6.102801,-5.090000,-0.140000
9095.905026,0.862068,6.116790,-5.240000,0.350000
9096.005014,0.871472,6.089399,-5.520000,0.920000
9096.104974,0.833434,6.099896,-5.150000,1.250000
9096.205020,0.796906,6.093679,-4.890000,1.130000
9096.304977,0.797327,6.075102,-5.130000,0.740000
9096.404977,0.820121,6.042367,-5.440000,0.590000
9096.504972,0.822057,5.963564,-5.130000,0.200000
9096.605003,0.811939,5.952246,-5.160000,0.040000
9096.704975,0.855335,5.965124,-5.430000,0.450000
9096.805006,0.789114,5.923813,-5.820000,0.830000
9096.904984,0.836712,5.924555,-6.250000,0.950000
9097.005000,0.821129,5.950081,-6.430000,0.840000
9097.105000,0.762748,5.952908,-6.290000,0.370000
9097.205000,0.777180,5.951006,-6.420000,-0.170000
9097.304981,0.849697,5.920765,-6.350000,-0.450000
9097.404978,0.853047,5.918300,-6.280000,-0.330000
9097.504975,0.885298,5.925833,-6.190000,0.030000
9097.605008,0.895057,5.922723,-6.180000,0.410000
9097.704994,0.914355,5.911838,-6.210000,0.570000
9097.805009,0.927645,5.911073,-5.940000,0.490000
9097.904985,0.945913,5.933692,-5.630000,0.360000
9098.005006,0.933427,5.935848,-5.590000,0.380000
9098.104973,0.908556,5.926977,-5.580000,0.600000
9098.205001,0.923551,5.916106,-5.270000,0.610000
9098.304977,0.913736,5.911782,-4.750000,0.790000
9098.405003,0.911379,5.897567,-4.110000,0.790000
9098.505002,0.830478,5.910347,-3.990000,1.170000
9098.604980,0.902638,5.846544,-4.140000,1.530000
9098.705001,0.923771,5.800616,-3.890000,1.400000
9098.805009,0.845502,5.766980,-3.590000,1.400000
9098.905005,0.806504,5.695986,-3.080000,0.990000
9099.004976,0.823007,5.690706,-2.900000,0.630000
9099.105002,0.756261,5.651501,-2.440000,0.380000
9099.204977,0.677598,5.584282,-2.000000,-0.090000
9099.305010,0.763617,5.501855,-1.330000,-0.100000
9099.404999,0.798069,5.401019,-0.470000,0.070000
9099.505029,0.737962,5.350594,0.390000,0.230000
9099.605018,0.700014,5.238159,1.220000,-0.100000
9099.705004,0.666420,5.051713,1.710000,-0.510000
9099.805005,0.683088,4.951981,2.260000,-0.910000
9099.905018,0.675425,4.828392,2.960000,-1.280000
9100.005005,0.621766,4.690982,3.620000,-1.680000
9100.105014,0.609460,4.537209,4.400000,-1.800000
9100.204999,0.539936,4.308062,5.340000,-1.730000
9100.305024,0.564168,4.093435,6.030000,-1.610000
9100.404975,0.497699,3.863967,6.960000,-0.620000
9100.505015,0.481116,3.680771,7.600000,0.680000
9100.605002,0.384068,3.474181,8.060000,2.680000
9100.705020,0.296562,3.291224,8.480000,3.970000
9100.805000,0.126734,3.143516,8.220000,4.260000
9100.905004,0.009787,2.970805,7.520000,3.320000
9101.004982,-0.072402,2.746427,6.940000,1.490000
9101.104977,-0.117550,2.571794,6.810000,0.280000
9101.204974,-0.202373,2.449515,6.930000,0.900000
9101.304976,-0.279038,2.244704,6.820000,3.010000
9101.404992,-0.363179,2.070075,6.020000,5.570000
9101.505016,-0.502779,2.026124,4.990000,7.850000
9101.604975,-0.675763,1.952116,4.570000,9.480000
9101.704974,-0.879604,1.846537,5.310000,10.730000
9101.804998,-1.078458,1.777756,6.570000,11.300000
9101.905002,-1.319549,1.668817,7.690000,11.220000
9102.004983,-1.549322,1.529485,8.490000,11.050000
9102.105012,-1.750063,1.428818,8.770000,11.140000
9102.205004,-2.002105,1.281369,8.970000,11.550000
9102.305005,-2.264933,1.207478,8.960000,12.040000
9102.405007,-2.489559,1.095010,8.980000,12.500000
9102.505001,-2.782797,0.953709,8.850000,12.790000
9102.604981,-3.004996,0.892332,8.060000,13.070000
9102.704995,-3.286874,0.874975,7.480000,13.200000
9102.805013,-3.513787,0.804750,7.160000,13.260000
9102.905003,-3.759507,0.764512,6.730000,12.530000
9103.004999,-3.959230,0.725298,6.030000,11.900000
9103.104982,-4.155870,0.672768,5.270000,11.140000
9103.204978,-4.381486,0.663167,4.790000,10.670000
9103.304991,-4.538021,0.640025,4.160000,10.420000
9103.405059,-4.606951,0.677753,3.620000,10.210000
9103.505000,-4.797757,0.702888,3.360000,10.830000
9103.605014,-4.968177,0.657673,3.040000,10.970000
9103.705032,-5.064607,0.732464,3.010000,11.180000
9103.805009,-5.193154,0.704840,3.070000,10.740000
9103.905001,-5.311693,0.711084,2.580000,10.160000
9104.004979,-5.414643,0.734479,2.380000,9.350000
9104.104974,-5.558332,0.751887,2.380000,8.860000
9104.204995,-5.594538,0.746374,2.740000,8.250000
9104.305009,-5.677147,0.763095,3.370000,7.590000
9104.404976,-5.837503,0.696362,3.640000,7.350000
9104.504976,-5.802495,0.691313,3.180000,7.100000
9104.605006,-5.839509,0.707655,2.490000,6.230000
9104.705028,-5.985756,0.650843,1.810000,5.460000
9104.805023,-5.912584,0.655556,1.150000,5.240000
9104.905008,-6.010315,0.685976,0.760000,5.510000
9105.004990,-6.023521,0.654044,0.210000,5.530000
9105.105005,-6.000663,0.685329,-0.180000,6.000000
9105.204998,-6.066803,0.638971,-0.610000,6.220000
9105.305017,-6.034694,0.714999,-1.180000,6.180000
9105.405002,-6.095232,0.708253,-1.320000,6.150000
9105.505023,-6.067657,0.803434,-1.190000,5.920000
9105.605006,-6.094189,0.788019,-0.810000,5.160000
9105.705013,-6.055642,0.775391,-0.260000,4.780000
9105.804989,-6.039756,0.831296,0.010000,4.330000
9105.904984,-6.088958,0.861174,-0.160000,4.200000
9106.005015,-6.112020,0.857686,-0.160000,4.140000
9106.104985,-6.102236,0.914456,-0.360000,4.290000
9106.204972,-6.123755,0.865745,-0.490000,4.210000
9106.304977,-6.133162,0.855761,-0.100000,3.620000
9106.404978,-6.054132,0.871319,-0.210000,3.350000
9106.505002,-6.017661,0.888519,-0.430000,2.970000
9106.604973,-6.079099,0.849425,-0.540000,2.920000
9106.705001,-5.949378,0.841286,-0.770000,3.210000
9106.805055,-6.055429,0.794144,-0.930000,3.110000
9106.905022,-5.966612,0.838842,-1.290000,4.060000
9107.005004,-6.007664,0.863135,-1.730000,5.510000
9107.105014,-5.956508,0.916903,-1.640000,6.310000
9107.205045,-6.060638,0.928404,-1.350000,5.860000
9107.304978,-6.044469,0.957997,-0.990000,4.690000
9107.405002,-6.037549,0.981503,-1.140000,3.390000
9107.505009,-6.045516,0.984046,-1.410000,2.100000
9107.605000,-5.991586,1.040741,-1.650000,0.720000
9107.705035,-5.946107,0.989831,-1.780000,-0.930000
9107.805004,-5.856947,0.915360,-1.820000,-1.830000
9107.905000,-5.675942,0.867071,-1.640000,-2.420000
9108.005003,-5.607682,0.881077,-1.840000,-2.830000
9108.105016,-5.536479,0.846362,-2.110000,-3.190000
9108.205009,-5.393827,0.777521,-2.830000,-3.390000
9108.305037,-5.210454,0.745930,-3.400000,-3.510000
9108.404997,-5.147758,0.692923,-3.680000,-3.560000
9108.504978,-4.980851,0.684501,-4.250000,-3.440000
9108.605006,-4.830601,0.699015,-4.560000,-3.360000
9108.705004,-4.735997,0.695425,-5.090000,-3.320000
9108.804974,-4.577255,0.676064,-5.430000,-3.890000
9108.905000,-4.424744,0.751708,-5.660000,-4.930000
9109.005006,-4.287891,0.735563,-5.570000,-5.730000
9109.105013,-4.104844,0.696415,-4.720000,-6.410000
9109.204972,-3.917400,0.682379,-3.880000,-7.210000
9109.305006,-3.740140,0.640364,-3.630000,-8.130000
9109.405007,-3.535536,0.569555,-3.770000,-9.040000
9109.505002,-3.293649,0.583368,-4.420000,-9.430000
9109.604973,-3.125909,0.538694,-4.730000,-10.100000
9109.704979,-2.896891,0.475697,-4.930000,-10.170000
9109.805021,-2.654404,0.488798,-5.550000,-10.010000
9109.904995,-2.446658,0.434534,-6.000000,-9.970000
9110.005006,-2.249674,0.368825,-6.110000,-9.960000
9110.104990,-2.036565,0.405130,-5.900000,-9.640000
9110.204993,-1.804883,0.335765,-5.540000,-9.090000
9110.305005,-1.666936,0.283056,-4.920000,-8.260000
9110.404987,-1.491978,0.254859,-4.250000,-7.000000
9110.505002,-1.359352,0.284859,-3.980000,-6.480000
9110.605004,-1.205946,0.232139,-4.170000,-6.510000
9110.705001,-1.061490,0.143876,-4.270000,-6.870000
9110.805038,-0.950812,0.164840,-4.400000,-6.480000
9110.904989,-0.797560,0.142639,-4.300000,-6.270000
9111.005046,-0.703388,0.106927,-4.130000,-6.070000
9111.105004,-0.563972,0.109433,-4.190000,-5.930000
9111.204983,-0.472014,0.051692,-3.910000,-5.910000
9111.304991,-0.369624,0.001162,-3.840000,-5.800000
9111.405004,-0.227746,0.021296,-3.660000,-5.380000
9111.504997,-0.160451,0.007366,-3.420000,-4.660000
9111.604995,-0.101486,-0.017789,-3.130000,-4.150000
9111.705004,-0.010565,-0.067876,-2.900000,-3.570000
9111.805003,0.036701,-0.043375,-2.640000,-2.660000
9111.905016,0.054219,-0.065995,-2.520000,-1.820000
9112.004979,0.114561,-0.063235,-2.720000,-1.240000
9112.105004,0.104909,-0.070354,-2.670000,-1.100000
9112.205003,0.114770,-0.067897,-2.640000,-0.970000
9112.305005,0.159442,-0.100693,-2.410000,-0.800000
9112.405047,0.135291,-0.087503,-2.270000,-0.320000
9112.505030,0.152842,-0.074861,-2.090000,-0.180000
9112.605000,0.119442,-0.075420,-2.110000,-0.130000
9112.705000,0.163798,-0.080194,-2.270000,-0.200000
9112.805002,0.126045,-0.109809,-2.200000,-0.330000
9112.904999,0.126354,-0.132533,-2.260000,-0.440000
9113.005004,0.133883,-0.108233,-2.390000,-0.520000
9113.104992,0.137441,-0.082856,-2.640000,-0.610000
9113.204997,0.136228,-0.093062,-2.960000,-0.490000
9113.304980,0.135261,-0.093905,-3.270000,-0.350000
9113.405002,0.154844,-0.131901,-3.350000,-0.260000
9113.505000,0.160487,-0.108710,-3.300000,0.000000
9113.604973,0.158204,-0.061586,-3.040000,0.370000
9113.704979,0.142503,-0.043205,-2.590000,0.680000
9113.805043,0.108190,-0.030398,-2.310000,1.060000
9113.904979,0.125698,-0.032152,-2.300000,1.340000
9114.004994,0.060211,-0.074000,-2.280000,1.340000
9114.105004,0.044137,-0.030597,-2.470000,1.220000
9114.205023,0.020939,-0.000518,-2.590000,0.900000
9114.305006,0.029750,0.008023,-2.840000,0.510000
9114.404977,-0.025485,0.012864,-2.790000,0.200000
9114.505013,-0.002710,0.016485,-2.540000,0.140000
9114.605011,-0.014174,0.027517,-2.410000,0.040000
9114.704978,0.006500,0.003651,-2.510000,-0.350000
9114.804982,-0.024698,-0.020596,-2.600000,-0.680000
9114.904975,-0.000551,-0.021125,-2.770000,-0.860000
9115.005014,0.024427,-0.009198,-2.860000,-0.890000
9115.105010,0.034439,-0.026514,-2.910000,-0.850000
9115.205004,0.033972,-0.013762,-3.100000,-0.570000
9115.305040,0.062280,0.000504,-3.220000,-0.130000
9115.405011,0.067170,-0.004426,-3.280000,0.080000
9115.505000,0.056614,0.014392,-3.140000,0.500000
9115.604978,0.054066,0.042088,-3.030000,0.910000
9115.705005,0.049532,0.058188,-2.860000,1.250000
9115.804996,0.014468,0.044967,-2.750000,1.200000
9115.904975,0.008870,0.085889,-2.700000,1.070000
9116.005028,-0.005495,0.096534,-2.450000,0.560000
9116.105004,-0.000923,0.116599,-2.310000,0.170000
9116.205012,-0.002597,0.071447,-2.230000,-0.160000
9116.305009,-0.014742,0.094941,-2.300000,-0.070000
9116.405023,0.000162,0.096369,-2.310000,-0.170000
9116.504974,0.003650,0.093316,-2.350000,-0.110000
9116.605010,-0.014030,0.047411,-2.240000,-0.200000
9116.705004,0.014807,0.050984,-2.480000,-0.170000
9116.805002,0.007224,0.069800,-2.560000,-0.190000
9116.904999,0.030999,0.067176,-2.720000,-0.020000
9117.005000,0.010407,0.055986,-2.780000,0.110000
9117.104984,0.003440,0.031633,-2.600000,0.330000
9117.205016,0.044259,0.031389,-2.600000,0.580000
9117.305002,0.031686,0.063973,-2.490000,0.790000
9117.404992,0.050801,0.072964,-2.180000,0.870000
9117.505002,0.026203,0.082042,-1.890000,0.680000
9117.605001,0.030831,0.099190,-1.770000,0.610000
9117.704992,0.030208,0.057257,-1.840000,0.410000
9117.805014,-0.016807,0.055846,-1.840000,0.330000
9117.905008,0.005241,0.054788,-1.840000,0.730000
9118.005004,-0.000049,0.075812,-1.720000,0.950000
9118.105007,0.006912,0.077863,-1.700000,1.060000
9118.204971,0.007332,0.085759,-1.710000,0.970000
9118.305004,0.003141,0.103370,-1.710000,0.830000
9118.405006,0.016602,0.100394,-1.660000,0.800000
9118.505004,-0.013780,0.097690,-1.600000,0.680000
9118.604992,-0.022519,0.087437,-1.510000,0.660000
9118.705025,-0.030870,0.105022,-1.540000,0.490000
9118.805011,-0.023869,0.115100,-1.490000,0.260000
9118.904999,0.013581,0.094793,-1.460000,0.040000
9119.004987,-0.009844,0.116211,-1.320000,0.000000
9119.105024,0.007369,0.105706,-1.190000,0.170000
9119.204972,-0.015045,0.091455,-1.000000,0.060000
9119.304993,-0.024828,0.057197,-0.850000,-0.020000
9119.405023,-0.066948,0.075200,-0.830000,-0.130000
9119.504983,-0.044523,0.075873,-0.960000,0.010000
9119.605014,-0.040387,0.058199,-1.030000,-0.020000
9119.705006,-0.038906,0.060059,-1.060000,0.100000
9119.805028,-0.038809,0.051855,-1.120000,0.300000
9119.905011,-0.054408,0.055555,-1.140000,0.410000
9120.005013,-0.070591,0.031662,-1.240000,0.340000
9120.104996,-0.092924,0.039430,-1.230000,0.290000
9120.204979,-0.054006,0.025891,-1.190000,0.400000
9120.305012,-0.019262,0.034210,-1.080000,0.370000
9120.405020,-0.026295,0.025709,-0.900000,0.250000
9120.505004,-0.042757,0.026977,-0.900000,0.120000
9120.605004,-0.038745,0.022363,-0.880000,0.030000
9120.705003,-0.060772,0.012069,-0.670000,-0.170000
9120.804992,-0.063155,0.011934,-0.520000,-0.150000
9120.904983,-0.049911,0.027186,-0.570000,-0.070000
9121.005002,-0.039627,0.035185,-0.690000,-0.170000
9121.104973,-0.041582,0.029252,-0.740000,-0.460000
9121.205006,-0.047966,0.009883,-0.700000,-0.820000
9121.305010,-0.060553,-0.002007,-0.500000,-1.070000
9121.405008,-0.066472,-0.026133,-0.300000,-0.880000
9121.504972,-0.066069,-0.062683,-0.190000,-0.420000
9121.605003,-0.070639,-0.068403,-0.140000,0.140000
9121.704984,-0.089099,-0.068755,-0.250000,0.630000
9121.804974,-0.097820,-0.052926,-0.330000,0.900000
9121.904978,-0.098102,-0.031422,-0.190000,0.750000
9122.005001,-0.106113,-0.027173,0.020000,0.410000
9122.104994,-0.122494,-0.011629,0.420000,0.000000
9122.205003,-0.133995,0.002152,1.090000,-0.240000
9122.305008,-0.170194,0.002094,1.870000,-0.300000
9122.405003,-0.214907,0.008054,2.600000,-0.290000
9122.505002,-0.295075,0.015573,3.130000,-0.390000
9122.604989,-0.358762,0.017079,3.550000,-0.590000
9122.705001,-0.429429,0.024548,4.010000,-0.740000
9122.804986,-0.530614,0.035248,4.400000,-0.840000
9122.904997,-0.627320,0.020955,4.900000,-1.040000
9123.005000,-0.725422,0.028175,5.410000,-1.330000
9123.105008,-0.856585,0.029468,5.940000,-1.510000
9123.205006,-0.967105,0.041471,6.240000,-1.750000
9123.305009,-1.046020,0.049025,6.460000,-1.690000
9123.405016,-1.181639,0.041761,6.920000,-1.840000
9123.505009,-1.328451,0.066760,7.450000,-1.630000
9123.604995,-1.495828,0.088192,8.000000,-1.930000
9123.705003,-1.587709,0.093954,8.440000,-2.180000
9123.805014,-1.751647,0.089011,9.100000,-2.570000
9123.904992,-1.959633,0.087338,9.840000,-2.920000
9124.004998,-2.105605,0.090819,10.480000,-3.250000
9124.104977,-2.297807,0.081082,11.050000,-3.600000
9124.204980,-2.511278,0.069136,11.900000,-4.090000
9124.305020,-2.765770,0.060961,12.790000,-4.570000
9124.405003,-2.997463,0.056248,13.340000,-4.750000
9124.504973,-3.254563,0.056678,13.430000,-4.770000
9124.604987,-3.509055,0.056574,13.170000,-4.500000
9124.705010,-3.722817,0.066382,12.460000,-4.100000
9124.804999,-3.934516,0.053202,11.460000,-3.680000
9124.905027,-4.105137,0.039654,10.310000,-3.600000
9125.005000,-4.313039,0.019648,9.290000,-3.350000
9125.105005,-4.413940,0.004820,8.730000,-3.110000
9125.205024,-4.587486,-0.015013,8.830000,-2.130000
9125.304979,-4.683121,-0.064006,9.320000,-1.710000
9125.405001,-4.751271,0.011580,9.510000,-1.340000
9125.505032,-4.901895,0.011664,9.680000,-1.710000
9125.605005,-5.022892,-0.009824,9.700000,-1.940000
9125.705007,-5.150244,0.024888,9.680000,-1.930000
9125.805005,-5.269933,-0.024322,9.520000,-1.680000
9125.905021,-5.387402,-0.048863,9.240000,-1.370000
9126.005010,-5.457822,0.027044,8.620000,-1.090000
9126.105003,-5.593399,0.024933,8.090000,-0.950000
9126.204986,-5.669178,0.014987,7.660000,-0.430000
9126.305025,-5.733775,0.055518,7.030000,-0.120000
9126.405008,-5.807258,0.021144,6.300000,-0.110000
9126.504993,-5.833374,0.037956,5.320000,0.240000
9126.604978,-5.869745,0.127936,4.820000,0.350000
9126.705004,-5.888056,0.129039,4.300000,0.160000
9126.805091,-5.926570,0.122400,3.960000,-0.130000
9126.905011,-5.969288,0.162433,3.700000,-0.480000
9127.005003,-5.951686,0.065773,3.470000,-0.890000
9127.105004,-5.922796,0.127934,3.300000,-1.070000
9127.204974,-5.929378,0.096202,3.330000,-1.110000
9127.304978,-5.992636,0.109007,3.590000,-0.900000
9127.405009,-5.986519,0.117053,4.020000,-0.610000
9127.504972,-5.967669,0.061802,4.360000,-0.340000
9127.604972,-5.965449,0.125243,4.460000,-0.200000
9127.705004,-6.013297,0.167074,4.410000,-0.190000
9127.805014,-6.049096,0.158128,4.190000,-0.390000
9127.904999,-6.067729,0.168124,4.150000,-0.640000
9128.005007,-6.075742,0.118776,3.970000,-1.050000
9128.104980,-6.051914,0.110899,3.650000,-1.230000
9128.204986,-6.099129,0.172494,3.480000,-1.220000
9128.305019,-6.110133,0.089816,3.440000,-1.310000
9128.405008,-6.105957,0.142420,3.430000,-1.450000
9128.505004,-6.105248,0.080392,3.590000,-1.590000
9128.604998,-6.153828,0.074440,3.450000,-1.400000
9128.704977,-6.140567,0.009218,3.140000,-0.960000
9128.805004,-6.126543,0.061863,2.820000,-0.760000
9128.905020,-6.104959,0.041308,2.460000,-0.400000
9129.005001,-6.125869,0.089543,2.570000,-0.150000
9129.105003,-6.118369,0.043508,2.390000,0.040000
9129.205004,-6.126871,0.105191,2.370000,-0.040000
9129.305009,-6.064652,0.008575,2.340000,-0.170000
9129.404976,-6.048497,0.066064,2.600000,-0.610000
9129.504984,-6.025516,-0.001475,2.510000,-0.800000
9129.605019,-6.044259,0.051282,2.470000,-0.860000
9129.704981,-6.031446,0.014455,2.560000,-0.720000
9129.805004,-6.010628,0.085819,2.710000,-0.370000
9129.904976,-6.028480,0.013796,2.920000,-0.280000
9130.005004,-6.029906,0.016070,3.040000,-0.070000
9130.105003,-6.016698,0.020145,2.960000,-0.300000
9130.205006,-5.959114,0.047828,2.820000,-0.280000
9130.305003,-5.993915,0.093035,2.790000,-0.420000
9130.404981,-6.015799,0.052289,2.570000,-0.240000
9130.504982,-5.997660,0.008217,2.480000,-0.270000
9130.605015,-5.945267,0.059753,2.190000,-0.350000
9130.705020,-5.959947,0.042233,2.120000,-0.280000
9130.804982,-6.026999,0.072546,2.380000,-0.250000
9130.905003,-6.001386,-0.002044,2.520000,-0.250000
9131.005008,-5.947212,0.022647,2.310000,-0.200000
9131.105046,-5.914926,0.014553,1.880000,0.110000
9131.205022,-5.959707,0.073328,1.950000,0.310000
9131.304975,-5.919405,0.032295,2.130000,0.340000
9131.404980,-5.933330,0.073078,2.480000,-0.180000
9131.504998,-5.931671,0.000298,2.690000,-0.490000
9131.604995,-5.929523,0.026719,2.830000,-0.920000
9131.704979,-5.915250,0.016367,2.880000,-0.770000
9131.804992,-5.915930,0.054712,2.670000,-0.340000
9131.904994,-5.914447,0.029015,2.850000,0.090000
9132.004979,-5.937351,0.015458,2.660000,0.390000
9132.104978,-5.915241,0.032568,1.940000,0.750000
9132.204997,-5.908432,0.087590,1.280000,0.720000
9132.305007,-5.864888,0.087296,0.320000,0.860000
9132.405005,-5.819448,0.057282,-0.360000,0.830000
9132.505001,-5.777648,0.092397,-1.250000,0.970000
9132.604972,-5.665319,0.077958,-2.180000,0.720000
9132.705003,-5.605898,0.139787,-2.990000,0.270000
9132.805002,-5.528797,0.070697,-3.500000,0.000000
9132.904999,-5.419813,0.071611,-3.960000,-0.040000
9133.005003,-5.267072,-0.009810,-5.070000,0.210000
9133.105027,-5.179317,0.041886,-6.060000,0.880000
9133.205002,-5.038311,-0.009733,-6.660000,1.760000
9133.305006,-4.863381,0.031005,-7.030000,2.350000
9133.404990,-4.696056,-0.010484,-7.320000,2.890000
9133.505013,-4.581896,0.000407,-7.620000,2.760000
9133.605006,-4.335768,-0.009695,-8.070000,2.590000
9133.705007,-4.172468,0.041595,-8.150000,2.210000
9133.805038,-4.043174,0.011686,-8.580000,2.590000
9133.904996,-3.845007,0.025909,-8.720000,2.960000
9134.005032,-3.670922,0.041661,-9.400000,3.420000
9134.105005,-3.470073,0.028902,-10.060000,3.820000
9134.205002,-3.263616,0.052123,-10.690000,4.150000
9134.305015,-3.051839,0.063521,-10.940000,4.130000
9134.405008,-2.824581,0.106111,-11.190000,3.890000
9134.504997,-2.578124,0.096518,-11.490000,3.290000
9134.605000,-2.398504,0.093051,-11.650000,2.780000
9134.705008,-2.200513,0.098259,-11.800000,2.360000
9134.805000,-1.946861,0.067046,-12.090000,2.160000
9134.904975,-1.735604,0.046366,-12.390000,1.760000
9135.005002,-1.559870,0.024662,-12.560000,1.720000
9135.105023,-1.363961,0.007771,-12.420000,1.610000
9135.204973,-1.126574,-0.022122,-12.410000,1.810000
9135.305026,-0.929255,-0.033937,-12.550000,2.030000
9135.405009,-0.708654,-0.048618,-12.440000,2.200000
9135.504972,-0.509605,-0.079904,-12.150000,2.210000
9135.605003,-0.325231,-0.079282,-11.710000,1.980000
9135.705002,-0.113990,-0.110883,-11.620000,1.830000
9135.804977,0.085578,-0.110586,-11.600000,1.630000
9135.904974,0.257249,-0.141609,-11.600000,1.450000
9136.005011,0.430724,-0.152080,-11.560000,1.280000
9136.105022,0.600532,-0.177652,-11.580000,1.110000
9136.205007,0.768643,-0.206639,-11.560000,1.070000
9136.305004,0.942036,-0.247079,-11.650000,1.010000
9136.405003,1.109072,-0.271090,-11.770000,1.140000
9136.505006,1.278781,-0.289025,-12.030000,1.180000
9136.605007,1.466869,-0.332195,-12.380000,1.350000
9136.704993,1.618842,-0.355992,-12.720000,1.400000
9136.805010,1.770526,-0.389696,-13.210000,1.570000
9136.905012,2.001116,-0.427376,-13.750000,1.790000
9137.004976,2.218969,-0.450086,-14.410000,2.010000
9137.105000,2.422494,-0.474038,-15.070000,2.490000
9137.204991,2.597934,-0.462361,-15.600000,2.880000
9137.305024,2.830380,-0.505094,-15.920000,2.960000
9137.404988,3.067998,-0.521207,-15.900000,2.970000
9137.504978,3.301272,-0.521044,-15.450000,2.410000
9137.604973,3.520802,-0.549261,-14.670000,1.530000
9137.704994,3.704990,-0.557250,-14.020000,0.870000
9137.805005,3.853559,-0.623360,-13.430000,-0.070000
9137.904989,4.068176,-0.661929,-12.850000,-0.420000
9138.004989,4.156305,-0.707119,-12.440000,-0.360000
9138.105012,4.328900,-0.801331,-11.920000,0.000000
9138.205001,4.414525,-0.815581,-11.620000,0.330000
9138.305002,4.533097,-0.815010,-11.110000,0.690000
9138.405024,4.680867,-0.830499,-10.660000,1.020000
9138.504973,4.775434,-0.875723,-10.610000,1.170000
9138.604994,4.847834,-0.899167,-10.640000,1.210000
9138.705005,4.944277,-0.898041,-10.530000,1.020000
9138.805003,5.027349,-0.917145,-10.380000,0.900000
9138.905005,5.077387,-0.908416,-10.100000,0.620000
9139.005009,5.174070,-0.948177,-9.950000,0.300000
9139.104982,5.274297,-0.923144,-9.940000,0.230000
9139.204975,5.358057,-0.923437,-9.900000,0.140000
9139.304999,5.423869,-0.910131,-10.020000,0.340000
9139.405009,5.453346,-0.948717,-9.700000,0.450000
9139.504979,5.501550,-0.994416,-9.160000,0.390000
9139.605004,5.566885,-1.019183,-8.960000,0.420000
9139.704980,5.640126,-1.014269,-8.650000,0.370000
9139.804974,5.690649,-0.995825,-8.120000,0.140000
9139.905019,5.715585,-1.010670,-7.710000,-0.010000
9140.005076,5.693829,-1.076182,-7.260000,-0.200000
9140.105025,5.718473,-1.101871,-6.940000,-0.290000
9140.204981,5.741516,-1.108578,-6.970000,0.290000
9140.304977,5.707624,-1.103064,-7.120000,0.960000
9140.404978,5.705120,-1.108498,-7.300000,1.230000
9140.504998,5.767272,-1.109918,-7.500000,1.160000
9140.605018,5.807623,-1.113321,-7.700000,1.160000
9140.705007,5.856854,-1.059762,-7.680000,1.020000
9140.804990,5.835713,-1.078612,-7.370000,0.590000
9140.905003,5.897748,-1.060854,-7.000000,0.350000
9141.005007,5.921343,-1.058435,-6.360000,0.220000
9141.105005,5.898990,-1.043788,-6.000000,-0.050000
9141.205003,5.837149,-1.123329,-6.040000,-0.550000
9141.305007,5.885819,-1.153730,-6.300000,-0.700000
9141.404975,5.941974,-1.161149,-6.470000,-0.560000
9141.504986,5.922344,-1.138359,-6.380000,-0.100000
9141.605012,5.878274,-1.136392,-5.960000,0.130000
9141.705017,5.845860,-1.148237,-5.420000,0.620000
9141.804999,5.893708,-1.132255,-5.100000,0.880000
9141.904972,5.892780,-1.143615,-5.500000,1.140000
9142.004975,5.915528,-1.149840,-5.910000,1.040000
9142.105004,5.881828,-1.088969,-6.150000,1.070000
9142.205007,5.832521,-1.101288,-6.380000,1.020000
9142.305003,5.845901,-1.092916,-6.210000,0.490000
9142.405001,5.835234,-1.081073,-5.960000,0.300000
9142.504998,5.855817,-1.091255,-6.120000,0.150000
9142.605001,5.862662,-1.100723,-6.020000,0.010000
9142.705000,5.843263,-1.107732,-5.860000,-0.110000
9142.805008,5.876536,-1.103589,-5.740000,0.020000
9142.904993,5.864179,-1.088346,-5.850000,0.090000
9143.005012,5.854361,-1.069631,-5.990000,0.070000
9143.105004,5.834455,-1.070390,-6.200000,-0.010000
9143.204999,5.822575,-1.103582,-6.300000,-0.030000
9143.304998,5.818635,-1.118077,-6.090000,-0.090000
9143.404981,5.833703,-1.116617,-5.890000,-0.070000
9143.504974,5.838376,-1.116677,-5.550000,-0.060000
9143.604991,5.843366,-1.122499,-5.160000,-0.080000
9143.704974,5.867923,-1.104472,-5.030000,0.180000
9143.805001,5.873144,-1.075601,-4.870000,0.240000
9143.904973,5.857607,-1.039910,-4.620000,0.010000
9144.004982,5.814337,-1.034856,-4.670000,-0.510000
9144.105009,5.769387,-1.082635,-5.070000,-0.830000
9144.205006,5.781724,-1.121542,-5.420000,-0.990000
9144.304973,5.836685,-1.106469,-5.500000,-1.000000
9144.405007,5.847197,-1.085148,-5.350000,-0.990000
9144.504975,5.766442,-1.099620,-5.180000,-1.210000
9144.605003,5.714226,-1.140590,-5.170000,-1.290000
9144.705002,5.742011,-1.236213,-5.340000,-1.110000
9144.805033,5.793290,-1.215370,-5.510000,-0.490000
9144.904977,5.816247,-1.131925,-5.550000,0.110000
9145.005016,5.756621,-1.139287,-5.590000,0.450000
9145.105000,5.727900,-1.165669,-5.460000,0.560000
9145.205000,5.766852,-1.164306,-5.380000,0.450000
9145.305007,5.786749,-1.119834,-5.240000,0.160000
9145.405007,5.792927,-1.071268,-5.410000,0.010000
9145.504975,5.733928,-1.071791,-5.580000,0.310000
9145.604987,5.683669,-1.143612,-5.750000,0.530000
9145.704999,5.705674,-1.181830,-6.340000,0.410000
9145.805003,5.784101,-1.202639,-6.850000,0.120000
9145.904996,5.831505,-1.194185,-6.440000,-0.300000
9146.004990,5.778888,-1.185579,-5.970000,-0.420000
9146.104982,5.767957,-1.194919,-5.460000,-0.080000
9146.204972,5.764808,-1.182417,-5.180000,0.580000
9146.305004,5.726584,-1.212735,-5.320000,1.280000
9146.405007,5.708308,-1.234813,-5.450000,1.360000
9146.504997,5.743324,-1.198744,-5.650000,1.660000
9146.605012,5.764207,-1.156901,-5.770000,1.610000
9146.705011,5.778323,-1.138005,-5.720000,1.790000
9146.804994,5.820837,-1.098244,-5.910000,1.890000
9146.905004,5.780011,-1.089836,-5.910000,2.030000
9147.004979,5.750141,-1.103451,-5.740000,2.090000
9147.104975,5.704711,-1.134639,-5.650000,2.150000
9147.204976,5.704562,-1.155584,-5.820000,2.010000
9147.304994,5.738675,-1.103880,-6.000000,1.880000
9147.405001,5.768037,-1.072490,-5.950000,2.020000
9147.504998,5.753915,-1.043685,-6.010000,2.340000
9147.604976,5.775512,-1.025192,-6.210000,2.200000
9147.704983,5.731635,-1.007769,-6.290000,1.830000
9147.805029,5.683042,-0.996012,-6.540000,1.300000
9147.905005,5.720592,-1.013780,-6.630000,1.410000
9148.005017,5.772274,-1.023973,-6.300000,1.570000
9148.105005,5.816346,-0.970822,-6.260000,2.120000
9148.205000,5.767997,-0.974468,-6.530000,2.700000
9148.305003,5.748442,-0.977523,-6.770000,2.770000
9148.405009,5.760403,-0.951554,-6.960000,2.220000
9148.504980,5.806509,-0.957142,-6.830000,1.310000
9148.605019,5.809414,-0.966965,-6.590000,0.570000
9148.704998,5.822056,-0.981529,-6.480000,0.550000
9148.805012,5.797934,-0.960089,-6.570000,0.750000
9148.905010,5.776839,-1.016713,-6.780000,0.790000
9149.004997,5.805012,-1.035983,-6.690000,0.790000
9149.105007,5.825799,-1.019402,-6.640000,0.760000
9149.205004,5.843705,-1.008415,-6.430000,0.640000
9149.305002,5.862868,-0.991186,-6.170000,0.470000
9149.405002,5.820603,-1.007787,-6.140000,0.410000
9149.505029,5.805065,-1.044475,-6.170000,0.250000
9149.604974,5.817166,-1.046013,-6.130000,-0.090000
9149.705005,5.864833,-1.017883,-6.260000,-0.150000
9149.805007,5.814985,-1.030640,-6.340000,0.290000
9149.905000,5.790806,-1.110306,-6.600000,1.010000
9150.005008,5.841627,-1.106045,-6.630000,1.390000
9150.105007,5.880217,-1.097167,-6.550000,1.430000
9150.204991,5.922207,-1.067395,-6.600000,1.210000
9150.305004,5.905859,-1.040449,-6.590000,0.980000
9150.405026,5.845301,-1.065504,-6.540000,0.600000
9150.505015,5.879962,-1.100693,-6.490000,0.800000
9150.604976,5.938439,-1.136668,-6.280000,1.120000
9150.704986,5.930489,-1.110709,-6.080000,1.590000
9150.804978,5.897467,-1.118809,-6.030000,2.000000
9150.904999,5.904821,-1.090850,-5.790000,2.030000
9151.005009,5.868640,-1.095101,-5.660000,1.990000
9151.105053,5.840043,-1.134080,-5.810000,1.820000
9151.205008,5.863193,-1.133178,-5.990000,1.890000
9151.305004,5.866741,-1.069405,-5.830000,1.730000
9151.405034,5.846807,-1.058217,-5.570000,1.290000
9151.504998,5.858521,-1.057491,-5.430000,1.210000
9151.604998,5.904488,-1.036404,-5.430000,1.030000
9151.705006,5.900946,-1.018147,-5.700000,1.000000
9151.805003,5.836169,-1.042437,-5.710000,0.900000
9151.905000,5.807835,-1.061466,-5.460000,0.750000
9152.005004,5.814211,-1.068395,-5.250000,0.980000
9152.104999,5.853868,-1.020024,-5.330000,0.970000
9152.204992,5.788280,-1.012884,-5.540000,0.980000
9152.304998,5.762959,-1.025936,-5.730000,0.960000
9152.405005,5.831225,-0.992092,-6.140000,0.950000
9152.504998,5.875661,-0.934980,-6.410000,0.780000
9152.604974,5.852808,-0.911349,-6.610000,0.610000
9152.705001,5.820011,-1.036155,-6.350000,0.380000
9152.804976,5.809912,-1.070426,-6.610000,-0.150000
9152.905015,5.840163,-1.037606,-7.140000,-0.460000
9153.005010,5.819574,-1.062963,-7.070000,-1.020000
9153.104994,5.881695,-1.113038,-7.190000,-0.790000
9153.205004,5.915839,-1.137894,-7.060000,-0.220000
9153.305006,5.898597,-1.077335,-6.570000,0.220000
9153.405016,5.926834,-1.074237,-6.600000,0.860000
9153.505005,5.932846,-1.120701,-6.850000,1.560000
9153.605000,5.968577,-1.075864,-6.550000,1.550000
9153.704974,5.956739,-1.022593,-6.170000,1.330000
9153.804977,5.912795,-1.037334,-5.750000,1.080000
9153.904980,5.890133,-1.084498,-5.310000,0.800000
9154.005009,5.907962,-1.082753,-4.740000,0.320000
9154.105018,5.961940,-1.010336,-4.300000,0.100000
9154.204976,5.922285,-1.025372,-4.300000,-0.470000
9154.304973,5.872256,-1.073564,-4.850000,-0.290000
9154.405050,5.869080,-1.018204,-5.490000,0.540000
9154.504999,5.821627,-1.047909,-6.310000,1.330000
9154.604976,5.839752,-1.046564,-6.960000,1.740000
9154.704976,5.890769,-1.016128,-6.780000,1.160000
9154.805002,5.890937,-0.994000,-5.770000,0.230000
9154.905013,5.822346,-1.007109,-3.950000,-0.980000
9155.004975,5.811558,-1.012340,-2.630000,-1.740000
9155.105012,5.783987,-0.997508,-1.780000,-1.970000
9155.205004,5.689167,-1.013941,-1.070000,-1.790000
9155.304973,5.594222,-1.049230,-0.510000,-1.630000
9155.405004,5.473359,-1.058565,0.280000,-1.760000
9155.505002,5.376665,-1.100015,1.150000,-1.690000
9155.604984,5.277290,-1.101713,1.820000,-1.280000
9155.705017,5.179781,-1.035448,2.450000,-0.630000
9155.805014,4.992809,-0.965476,3.200000,-0.420000
9155.905002,4.784354,-0.959049,4.150000,-0.290000
9156.004986,4.643117,-0.974604,5.060000,-0.080000
9156.105015,4.477007,-0.858310,5.950000,0.430000
9156.205008,4.307199,-0.849454,6.480000,0.210000
9156.305002,4.162336,-0.686792,6.800000,0.210000
9156.404994,3.964726,-0.679795,6.720000,-0.100000
9156.504986,3.744614,-0.662093,6.630000,-0.870000
9156.605010,3.533012,-0.614608,6.640000,-1.810000
9156.705006,3.424592,-0.594682,6.540000,-2.450000
9156.804999,3.221459,-0.603720,6.620000,-3.050000
9156.905002,2.982780,-0.598535,7.140000,-3.430000
9157.005017,2.819058,-0.572543,7.500000,-3.010000
9157.105009,2.622166,-0.535352,7.790000,-2.010000
9157.205004,2.426066,-0.555166,8.010000,-1.010000
9157.305001,2.217464,-0.491184,7.840000,-0.320000
9157.404998,2.057437,-0.425020,7.270000,0.460000
9157.504973,1.849937,-0.381280,6.740000,0.720000
9157.605026,1.726835,-0.332531,6.510000,0.520000
9157.704985,1.558985,-0.281923,6.320000,0.210000
9157.804976,1.380687,-0.235849,6.070000,-0.430000
9157.904977,1.269452,-0.165493,5.700000,-0.950000
9158.004976,1.155020,-0.168612,5.610000,-1.570000
9158.105007,0.981029,-0.139339,5.510000,-1.880000
9158.204998,0.858999,-0.147047,5.230000,-1.930000
9158.305002,0.753234,-0.113794,5.090000,-1.960000
9158.405025,0.634365,-0.120366,4.780000,-1.560000
9158.505013,0.490081,-0.107963,4.520000,-1.200000
9158.605017,0.392935,-0.087570,4.010000,-0.990000
9158.704978,0.306119,-0.073881,3.620000,-0.880000
9158.805009,0.221217,-0.046445,3.230000,-1.030000
9158.905013,0.153631,-0.052321,2.830000,-1.150000
9159.005008,0.086499,-0.031845,2.420000,-1.190000
9159.105034,0.027162,-0.025668,2.030000,-1.170000
9159.204997,-0.020322,-0.036406,1.700000,-0.910000
9159.305048,-0.062338,-0.023102,1.250000,-0.620000
9159.405017,-0.101763,-0.025185,0.670000,-0.320000
9159.505002,-0.142322,-0.014222,0.110000,-0.070000
9159.604972,-0.168760,0.010139,-0.190000,0.030000
9159.704979,-0.176963,0.005747,-0.250000,0.020000
9159.805005,-0.192631,0.016246,-0.110000,0.060000
9159.904971,-0.200798,0.024642,0.010000,0.010000
9160.005007,-0.202553,0.033551,0.080000,0.010000
9160.105019,-0.218993,0.036662,0.080000,0.020000
9160.204973,-0.228260,0.052938,0.000000,0.010000
9160.304982,-0.228476,0.051907,-0.090000,0.010000
9160.404976,-0.261193,0.082451,-0.210000,-0.120000
9160.504978,-0.262704,0.061294,-0.470000,-0.240000
9160.605012,-0.269066,0.071134,-0.690000,-0.300000
9160.705007,-0.279631,0.062959,-0.940000,-0.410000
9160.804995,-0.258558,0.056671,-1.260000,-0.370000
9160.904994,-0.246953,0.041673,-1.500000,-0.150000
9161.005000,-0.271199,0.047748,-1.630000,-0.010000
9161.105016,-0.251583,0.051244,-1.750000,0.250000
9161.204997,-0.220202,0.063115,-1.830000,0.360000
9161.305004,-0.195072,0.037511,-1.880000,0.380000
9161.405016,-0.185998,0.047435,-1.730000,0.410000
9161.504985,-0.169335,0.051808,-1.660000,0.360000
9161.605000,-0.178628,0.064408,-1.540000,0.270000
9161.704999,-0.163723,0.075304,-1.570000,0.190000
9161.805005,-0.141033,0.070809,-1.470000,0.040000
9161.904998,-0.101786,0.072095,-1.550000,-0.030000
9162.004975,-0.138448,0.043219,-1.530000,-0.070000
9162.104977,-0.124592,0.059951,-1.710000,0.060000
9162.204972,-0.099479,0.051900,-1.850000,0.110000
9162.304999,-0.090287,0.060041,-1.870000,0.240000
9162.404986,-0.087352,0.039122,-1.800000,0.190000
9162.504982,-0.051087,0.059360,-1.730000,0.240000
9162.604986,-0.048400,0.038457,-1.700000,0.290000
9162.705032,-0.065252,0.059720,-1.630000,0.320000
9162.805007,-0.055854,0.049844,-1.730000,0.380000
9162.904999,-0.028335,0.062234,-1.720000,0.320000
9163.005011,0.006586,0.051126,-1.670000,0.300000
9163.105001,-0.015879,0.070768,-1.580000,0.190000
9163.205005,0.002462,0.056905,-1.580000,0.150000
9163.304999,-0.005700,0.070236,-1.500000,-0.080000
9163.404985,0.025482,0.056262,-1.500000,-0.100000
9163.505003,-0.009287,0.056382,-1.410000,-0.160000
9163.604979,-0.000650,0.055990,-1.560000,-0.110000
9163.705004,0.025147,0.059561,-1.560000,-0.180000
9163.805001,0.035343,0.050406,-1.640000,-0.220000
9163.905006,0.026185,0.038796,-1.590000,-0.200000
9164.004982,0.020627,0.023970,-1.630000,-0.080000
9164.105009,0.034090,0.027870,-1.530000,0.040000
9164.205003,0.041066,0.022976,-1.490000,0.060000
9164.305002,0.062940,0.031115,-1.430000,0.190000
9164.405001,0.041227,0.029964,-1.410000,0.150000
9164.505000,0.013492,0.018245,-1.410000,0.170000
9164.605005,0.036760,0.028630,-1.570000,0.170000
9164.705004,0.060789,0.027823,-1.600000,0.190000
9164.805010,0.070855,0.043705,-1.670000,0.140000
9164.905000,0.092249,0.036517,-1.680000,0.230000
9165.004980,0.061043,0.028074,-1.580000,0.090000
9165.104978,0.043657,0.014109,-1.420000,-0.050000
9165.205006,0.064491,0.027852,-1.350000,-0.180000
9165.304980,0.070404,0.020717,-1.130000,-0.300000
9165.405002,0.066108,0.023880,-1.060000,-0.430000
9165.505004,0.075314,0.014211,-1.060000,-0.360000
9165.604996,0.019271,0.008753,-1.060000,-0.400000
9165.705004,0.020368,0.008817,-1.170000,-0.110000
9165.805015,0.046393,-0.000800,-1.180000,0.000000
9165.904974,0.064858,0.018625,-1.140000,0.160000
9166.005028,0.040205,0.003799,-1.210000,0.220000
9166.105005,0.004885,0.015850,-1.170000,0.230000
9166.205007,0.018586,0.008478,-1.320000,0.260000
9166.304974,0.020347,0.018550,-1.280000,0.170000
9166.405025,0.040076,0.016331,-1.310000,0.160000
9166.505000,0.019175,0.022319,-1.300000,0.130000
9166.605012,-0.008209,0.020936,-1.420000,0.050000
9166.705004,0.018050,0.022350,-1.500000,0.110000
9166.804975,0.038565,0.024234,-1.460000,0.010000
9166.904974,0.057384,0.030567,-1.500000,0.040000
9167.004985,0.008325,0.022642,-1.520000,-0.100000
9167.104977,0.013647,0.023422,-1.590000,-0.100000
9167.205043,0.034387,0.008930,-1.620000,-0.280000
9167.304975,0.045200,0.011584,-1.560000,-0.310000
9167.404977,0.061697,0.014110,-1.550000,-0.320000
9167.505008,0.037915,-0.001777,-1.480000,-0.230000
9167.605003,0.003138,0.004434,-1.460000,-0.230000
9167.705017,0.048304,-0.018707,-1.550000,-0.070000
9167.805001,0.056991,-0.003241,-1.450000,-0.150000
9167.904990,0.067828,-0.012782,-1.430000,-0.180000
9168.005003,0.058158,0.002652,-1.450000,-0.220000
9168.105003,0.027392,-0.022241,-1.450000,-0.300000
9168.204973,0.018659,-0.016497,-1.460000,-0.250000
9168.304988,0.034385,-0.027033,-1.520000,-0.170000
9168.405022,0.033303,-0.013463,-1.450000,-0.200000
9168.504976,0.041063,-0.015899,-1.440000,-0.260000
9168.604976,0.046325,-0.011528,-1.370000,-0.200000
9168.705007,0.052799,-0.027495,-1.430000,-0.230000
9168.804998,0.027957,-0.047485,-1.330000,-0.190000
9168.905008,0.013972,-0.033910,-1.360000,-0.210000
9169.004972,0.034490,-0.036207,-1.360000,-0.090000
9169.105012,0.048035,-0.025557,-1.370000,-0.220000
9169.205001,0.059903,-0.048956,-1.410000,-0.320000
9169.305006,0.052262,-0.031650,-1.360000,-0.360000
9169.405020,0.041567,-0.052447,-1.380000,-0.370000
9169.505014,0.004344,-0.041718,-1.300000,-0.360000
9169.605001,0.011263,-0.058556,-1.390000,-0.270000
9169.704974,0.028457,-0.049207,-1.450000,-0.060000
9169.804991,0.026612,-0.046526,-1.430000,-0.070000
9169.904998,0.041829,-0.050551,-1.420000,0.050000
9170.004994,0.037559,-0.040084,-1.410000,0.090000
9170.105003,0.056511,-0.046740,-1.400000,0.130000
9170.204987,0.053241,-0.035679,-1.330000,0.120000
9170.305002,0.019763,-0.047254,-1.200000,0.070000
9170.405017,0.014043,-0.033344,-1.150000,0.000000
9170.505011,0.029939,-0.016385,-1.200000,-0.160000
9170.604998,0.028427,-0.033219,-1.170000,-0.290000
9170.705001,0.033565,-0.031977,-1.260000,-0.350000
9170.804999,0.028708,-0.038372,-1.320000,-0.360000
9170.905025,0.019801,-0.019367,-1.330000,-0.430000
9171.005034,-0.005333,-0.031999,-1.410000,-0.480000
9171.105006,0.000351,-0.042204,-1.470000,-0.390000
9171.205007,0.012272,-0.049492,-1.500000,-0.480000
9171.305006,0.028440,-0.067386,-1.460000,-0.320000
9171.404980,0.023666,-0.055627,-1.380000,-0.190000
9171.504977,0.003261,-0.068765,-1.290000,-0.140000
9171.604996,0.001619,-0.051730,-1.290000,0.020000
9171.705013,0.011857,-0.081068,-1.300000,0.000000
9171.805021,0.013906,-0.052809,-1.310000,0.140000
9171.904974,-0.023019,-0.058887,-1.360000,0.110000
9172.005011,0.008816,-0.033823,-1.510000,0.250000
9172.105001,0.021799,-0.048316,-1.480000,0.160000
9172.204982,0.028910,-0.059393,-1.450000,0.240000
9172.305019,0.019650,-0.052958,-1.360000,0.150000
9172.405002,-0.001872,-0.052027,-1.270000,0.110000
9172.505007,0.019069,-0.024608,-1.270000,0.100000
9172.605010,0.034407,-0.037909,-1.210000,0.070000
9172.705024,0.014721,-0.019093,-1.150000,0.130000
9172.804997,-0.012149,-0.036011,-1.140000,0.150000
9172.904988,0.006145,-0.020038,-1.170000,0.220000
9173.004998,0.012823,-0.007733,-1.160000,0.110000
9173.105004,0.009858,-0.018291,-1.170000,0.070000
9173.205001,-0.013692,0.000301,-1.270000,-0.110000
9173.304990,0.015027,-0.014978,-1.300000,-0.230000
9173.405002,0.027041,-0.020572,-1.430000,-0.230000
9173.504999,-0.017947,-0.039329,-1.370000,-0.180000
9173.604998,-0.000874,-0.013658,-1.440000,-0.100000
9173.705021,0.010388,-0.034137,-1.480000,0.030000
9173.805011,-0.020877,-0.020361,-1.390000,0.060000
9173.905002,0.004120,-0.030026,-1.530000,0.200000
9174.005025,0.012622,-0.017424,-1.420000,0.180000
9174.105001,-0.015412,-0.053304,-1.340000,0.240000
9174.205006,0.003196,-0.022492,-1.370000,0.410000
9174.304992,0.002162,-0.018252,-1.240000,0.310000
9174.405006,-0.008621,-0.013409,-1.060000,0.320000
9174.505017,-0.021449,0.003351,-1.120000,0.270000
9174.605023,0.025795,-0.009003,-1.120000,0.240000
9174.705016,0.004765,-0.001036,-1.270000,0.370000
9174.805037,-0.020392,0.001967,-1.340000,0.430000
9174.904975,-0.003211,0.024762,-1.400000,0.570000
9175.005005,0.016043,0.020528,-1.400000,0.390000
9175.105015,0.026879,0.010743,-1.490000,0.330000
9175.204998,-0.004773,0.027781,-1.390000,0.150000
9175.304974,0.006617,0.035739,-1.560000,0.060000
9175.404980,0.030964,0.021461,-1.720000,-0.140000
9175.505004,0.031799,0.032721,-1.980000,-0.200000
9175.605028,0.021391,0.000998,-2.170000,-0.040000
9175.705001,0.003112,0.018416,-2.070000,0.120000
9175.804995,0.033925,-0.000181,-1.910000,0.290000
9175.904974,0.042085,0.006261,-1.510000,0.270000
9176.004985,0.049284,0.014426,-1.190000,0.150000
9176.105027,0.020289,-0.022685,-0.870000,0.050000
9176.204996,0.037336,0.000131,-0.830000,0.080000
9176.305017,0.057970,-0.015668,-0.690000,0.000000
9176.404978,0.014730,0.006008,-0.650000,0.050000
9176.505002,-0.007473,-0.006836,-0.580000,0.120000
9176.604973,-0.013989,0.001376,-0.630000,0.250000
9176.705002,-0.005455,-0.005451,-0.690000,0.370000
9176.805007,-0.031555,0.007223,-0.780000,0.480000
9176.904995,-0.071029,0.009600,-1.000000,0.490000
9177.005011,-0.038043,0.010217,-1.170000,0.620000
9177.105003,-0.026989,0.024947,-1.280000,0.510000
9177.204996,-0.014474,0.011440,-1.450000,0.470000
9177.305013,-0.048403,0.026702,-1.440000,0.250000
9177.405015,-0.049068,0.010205,-1.510000,0.190000
9177.505004,-0.043949,0.042622,-1.620000,0.160000
9177.604985,-0.015177,0.031241,-1.570000,0.220000
9177.705004,-0.008326,0.026915,-1.620000,0.000000
9177.805000,0.010402,0.021423,-1.670000,-0.130000
9177.905011,0.003524,0.013259,-1.810000,-0.400000
9178.005010,-0.033265,-0.000738,-1.790000,-0.450000
9178.105015,-0.015454,-0.039366,-1.830000,-0.280000
9178.204973,-0.010907,-0.019795,-1.770000,0.050000
9178.304983,0.019754,-0.040839,-1.690000,0.340000
9178.404980,0.018927,-0.035315,-1.530000,0.320000
9178.504981,0.030287,-0.038571,-1.380000,0.300000
9178.605001,0.027075,-0.041772,-1.370000,0.190000
9178.705016,-0.011270,-0.032373,-1.300000,0.040000
9178.805003,-0.001599,-0.061998,-1.330000,0.120000
9178.905006,0.023752,-0.045923,-1.310000,0.400000
9179.005009,0.026975,-0.056093,-1.230000,0.730000
9179.104974,0.017953,-0.035505,-1.220000,0.960000
9179.205009,0.028961,-0.024424,-1.140000,1.350000
9179.305005,0.021520,-0.012007,-1.000000,1.460000
9179.405002,-0.000858,-0.001495,-0.740000,1.540000
9179.505000,-0.012577,0.024301,-0.780000,1.500000
9179.605006,-0.003621,0.049549,-0.910000,1.450000
9179.705072,0.027780,0.033746,-0.990000,1.110000
9179.805037,0.019615,0.065458,-0.940000,0.780000
9179.905002,0.031452,0.051286,-0.860000,0.530000
9180.004988,0.025271,0.075488,-0.870000,0.300000
9180.105000,-0.028065,0.078422,-0.730000,0.120000
9180.205001,-0.036366,0.049568,-0.840000,0.000000
9180.305035,-0.018218,0.056793,-0.990000,0.140000
9180.405001,-0.024641,0.056868,-0.990000,0.330000
9180.504991,-0.015139,0.032846,-1.140000,0.470000
9180.605001,-0.008176,0.053834,-1.120000,0.570000
9180.705001,-0.003581,0.037470,-1.200000,0.700000
9180.805005,0.006178,0.061638,-1.290000,0.750000
9180.904980,0.018568,0.063563,-1.350000,0.780000
9181.004993,0.012745,0.068868,-1.420000,0.590000
9181.105017,-0.005552,0.071795,-1.390000,0.500000
9181.204977,0.006571,0.045011,-1.420000,0.470000
9181.305001,-0.005084,0.071138,-1.350000,0.520000
9181.405007,-0.007931,0.065016,-1.390000,0.590000
9181.505006,-0.015976,0.070415,-1.470000,0.560000
9181.605009,-0.001953,0.078426,-1.460000,0.450000
9181.705030,0.013841,0.060592,-1.450000,0.170000
9181.805040,0.011336,0.080078,-1.270000,0.060000
9181.905005,0.031244,0.074636,-0.980000,0.040000
9182.005000,0.013778,0.061817,-0.700000,-0.260000
9182.105002,0.018360,0.061414,-0.490000,-0.500000
9182.205009,-0.021740,0.019991,-0.510000,-0.680000
9182.305009,-0.042634,0.036034,-0.790000,-0.470000
9182.405006,-0.018121,0.006519,-1.000000,-0.320000
9182.504994,-0.012080,0.010148,-1.320000,-0.070000
9182.605008,-0.057502,-0.003029,-1.410000,0.130000
9182.705006,-0.042390,0.002503,-1.620000,0.380000
9182.804977,-0.009760,-0.001196,-1.570000,0.520000
9182.905010,-0.007858,-0.001149,-1.630000,0.650000
9183.004983,-0.038907,-0.023015,-1.510000,0.600000
9183.105017,-0.029547,0.001737,-1.610000,0.570000
9183.205000,-0.006184,-0.010723,-1.590000,0.530000
9183.304999,0.015694,0.001940,-1.620000,0.710000
9183.404989,-0.014335,-0.008568,-1.530000,0.800000
9183.505010,-0.018533,0.008743,-1.550000,0.810000
9183.604986,0.010396,0.004918,-1.470000,0.790000
9183.705021,0.004484,0.022583,-1.270000,0.630000
9183.804998,0.016584,0.009561,-1.150000,0.610000
9183.905014,-0.008465,0.029033,-1.220000,0.710000
9184.005006,-0.011379,0.005449,-1.460000,0.640000
9184.104979,0.007032,0.033581,-1.570000,0.600000
9184.204999,0.031734,0.013648,-1.480000,0.520000
9184.305006,0.038395,0.039370,-1.110000,0.540000
9184.405027,0.047536,0.016315,-0.930000,0.540000
9184.504983,0.047518,0.050347,-0.840000,0.750000
9184.604997,0.052974,0.024359,-0.870000,0.800000
9184.705003,0.002054,0.046137,-0.760000,0.660000
9184.805005,0.014014,0.023690,-0.770000,0.450000
9184.904978,0.014399,0.052149,-0.600000,0.350000
9185.004998,0.007288,0.019421,-0.430000,0.190000
9185.105011,-0.012885,0.049161,-0.270000,0.300000
9185.205015,-0.038190,0.033973,-0.310000,0.330000
9185.304974,-0.029404,0.062666,-0.370000,0.500000
9185.404981,-0.045102,0.062796,-0.430000,0.450000
9185.505000,-0.048754,0.052359,-0.530000,0.440000
9185.605002,-0.087134,0.073548,-0.730000,0.240000
9185.705034,-0.050288,0.050514,-0.770000,0.140000
9185.805008,-0.055901,0.057551,-1.060000,0.260000
9185.905000,-0.080698,0.044049,-1.470000,0.490000
9186.005004,-0.049022,0.072708,-1.730000,0.710000
9186.105007,-0.045510,0.038415,-1.740000,0.790000
9186.205003,-0.056906,0.070300,-1.530000,0.730000
9186.305003,-0.065603,0.059058,-1.410000,0.480000
9186.405007,-0.040176,0.083638,-1.390000,0.220000
9186.505010,-0.024082,0.058719,-1.460000,0.060000
9186.604972,-0.047747,0.080559,-1.390000,-0.060000
9186.705013,-0.038151,0.045830,-1.390000,-0.030000
9186.805021,-0.051346,0.060883,-1.430000,0.020000
9186.904998,-0.047895,0.038093,-1.640000,0.100000
9187.004987,-0.062741,0.059861,-1.810000,0.310000
9187.105018,-0.031833,0.042629,-1.840000,0.470000
9187.204995,-0.014889,0.065251,-1.610000,0.380000
9187.305004,0.004195,0.063916,-1.440000,0.210000
9187.405001,-0.018040,0.034755,-1.280000,0.000000
9187.504999,-0.035558,0.052642,-1.310000,-0.190000
9187.604990,-0.029771,0.023925,-1.350000,-0.350000
9187.705014,-0.030867,0.037915,-1.370000,-0.360000
9187.805001,-0.024963,0.024707,-1.450000,-0.330000
9187.904977,-0.055429,0.003802,-1.470000,-0.260000
9188.004971,-0.044148,0.016885,-1.610000,-0.010000
9188.105000,-0.023557,0.005661,-1.620000,-0.120000
9188.205008,0.005775,-0.002588,-1.620000,-0.210000
9188.305016,-0.029733,-0.004185,-1.520000,-0.410000
9188.404977,-0.028905,-0.010270,-1.550000,-0.260000
9188.504974,-0.020776,-0.028754,-1.500000,-0.150000
9188.604997,-0.029808,-0.027065,-1.500000,0.020000
9188.704986,-0.054570,-0.016553,-1.680000,0.210000
9188.805009,-0.021268,-0.030089,-1.670000,0.130000
9188.904975,-0.010835,-0.008532,-1.710000,0.120000
9189.004973,-0.024574,-0.002619,-1.880000,-0.010000
9189.104982,-0.029315,-0.029603,-1.940000,-0.120000
9189.205003,-0.018190,-0.037209,-1.990000,-0.280000
9189.304999,-0.022868,-0.020411,-2.100000,-0.200000
9189.405005,0.023450,-0.026566,-2.080000,-0.230000
9189.504977,-0.022787,-0.054952,-1.960000,0.040000
9189.605003,0.017191,-0.053295,-1.920000,0.180000
9189.705004,0.026262,-0.043459,-1.920000,0.410000
9189.804980,0.018068,-0.031760,-1.960000,0.360000
9189.904974,0.024504,-0.043157,-1.930000,0.200000
9190.004972,-0.001753,-0.042460,-1.870000,0.090000
9190.104983,0.034647,-0.047361,-1.840000,-0.040000
9190.205018,0.008456,-0.062478,-1.690000,-0.130000
9190.305009,0.038324,-0.033571,-1.710000,0.040000
9190.405006,0.032023,-0.041154,-1.720000,0.120000
9190.504976,0.038494,-0.027143,-1.760000,0.260000
9190.605012,0.049039,-0.025804,-1.540000,0.400000
9190.705003,0.019484,-0.037410,-1.270000,0.490000
9190.805001,0.038643,-0.044785,-1.080000,0.430000
9190.905025,0.011816,-0.011717,-1.140000,0.500000
9191.005001,0.011274,-0.002832,-1.270000,0.550000
9191.105003,0.006523,0.005168,-1.400000,0.480000
9191.205001,0.018370,-0.000651,-1.580000,0.440000
9191.305000,-0.009453,0.010127,-1.970000,0.480000
9191.405033,0.023728,0.004410,-2.150000,0.380000
9191.504975,0.008766,-0.009034,-2.160000,0.280000
9191.604998,0.014303,0.014208,-2.130000,0.250000
9191.705036,0.022614,0.008995,-2.090000,0.170000
9191.805013,0.046852,0.020084,-2.070000,0.120000
9191.905002,0.046812,0.006362,-1.990000,0.110000
9192.005010,0.045146,-0.003038,-1.740000,0.110000
9192.104990,0.048588,0.010810,-1.460000,0.140000
9192.205005,0.062777,0.009467,-1.170000,0.090000
9192.305003,0.040486,0.022704,-1.160000,0.260000
9192.405002,0.051445,-0.002986,-1.220000,0.310000
9192.505006,0.012449,0.017220,-1.280000,0.330000
9192.604977,0.026218,0.018338,-1.470000,0.320000
9192.704975,0.030686,0.031667,-1.640000,0.310000
9192.805008,0.037037,0.018681,-1.660000,0.410000
9192.904991,0.029585,0.032783,-1.690000,0.650000
9193.004998,0.032820,0.042180,-1.590000,0.610000
9193.105006,0.056683,0.038997,-1.530000,0.510000
9193.204982,0.036368,0.048964,-1.460000,0.330000
9193.305002,0.032945,0.067199,-1.580000,0.060000
9193.405041,0.050365,0.059304,-1.630000,-0.140000
9193.504997,0.073310,0.059834,-1.560000,-0.210000
9193.605016,0.031388,0.048515,-1.400000,-0.220000
9193.704974,0.027119,0.052465,-1.440000,-0.020000
9193.804976,0.052432,0.041623,-1.410000,0.120000
9193.904999,0.047580,0.059657,-1.370000,0.310000
9194.005003,0.063340,0.063728,-1.180000,0.370000
9194.104977,0.063199,0.070273,-1.090000,0.320000
9194.205000,0.056223,0.076158,-1.010000,0.080000
9194.305004,0.029497,0.091130,-1.040000,-0.080000
9194.405043,0.041595,0.088837,-1.050000,-0.300000
9194.504999,0.031642,0.085622,-1.070000,-0.440000
9194.605000,0.021580,0.081785,-1.040000,-0.520000
9194.705007,0.021482,0.067770,-0.950000,-0.680000
9194.804986,0.018856,0.070380,-0.920000,-0.740000
9194.905002,0.019951,0.071454,-1.020000,-0.690000
9195.004977,0.007704,0.053795,-1.190000,-0.630000
9195.105002,-0.002130,0.035721,-1.310000,-0.550000
9195.204998,0.004628,0.036262,-1.390000,-0.560000
9195.304984,-0.016708,0.035762,-1.480000,-0.750000
9195.405001,-0.026530,0.011867,-1.440000,-0.870000
9195.504975,-0.036510,0.005914,-1.390000,-1.010000
9195.605001,-0.040173,-0.006441,-1.320000,-0.960000
9195.704997,-0.045863,-0.010197,-1.220000,-0.980000
9195.804990,-0.051460,-0.029054,-1.100000,-0.950000
9195.905005,-0.042833,-0.027336,-1.170000,-0.900000
9196.004974,-0.061562,-0.052967,-1.250000,-0.650000
9196.104976,-0.066881,-0.045948,-1.360000,-0.240000
9196.204976,-0.076462,-0.050830,-1.380000,0.050000
9196.305002,-0.063751,-0.034322,-1.270000,0.200000
9196.405001,-0.051107,-0.034496,-1.250000,0.250000
9196.504991,-0.068510,-0.044889,-1.270000,0.270000
9196.604998,-0.097880,-0.010635,-1.340000,0.300000
9196.705000,-0.081745,0.000259,-1.460000,0.510000
9196.805004,-0.065015,0.007994,-1.440000,0.600000
9196.905004,-0.059606,0.019234,-1.500000,0.510000
9197.005000,-0.060148,0.035989,-1.530000,0.460000
9197.104975,-0.034927,0.039027,-1.560000,0.310000
9197.205008,-0.060022,0.067067,-1.710000,-0.010000
9197.304980,-0.027520,0.044752,-1.870000,-0.160000
9197.405008,-0.036926,0.061914,-1.780000,-0.410000
9197.504985,-0.014314,0.054374,-1.730000,-0.430000
9197.605008,-0.044779,0.042153,-1.720000,-0.450000
9197.705000,-0.041484,0.046528,-1.850000,-0.260000
9197.804996,-0.019024,0.048635,-1.800000,-0.040000
9197.905003,-0.013622,0.044596,-1.740000,0.060000
9198.005001,-0.000260,0.045945,-1.620000,0.060000
9198.105008,-0.040470,0.045374,-1.560000,-0.270000
9198.205011,-0.021476,0.054291,-1.710000,-0.390000
9198.305000,-0.009455,0.043401,-1.870000,-0.620000
9198.405007,-0.004411,0.036674,-1.990000,-0.680000
9198.505001,0.008363,0.032349,-2.100000,-0.620000
9198.605016,-0.030392,0.019173,-2.160000,-0.630000
9198.705007,-0.019876,0.000952,-2.270000,-0.470000
9198.805022,0.008187,0.015363,-2.280000,-0.350000
9198.904973,0.028039,-0.016980,-2.190000,-0.280000
9199.005009,0.027791,0.005583,-2.030000,-0.250000
9199.104989,0.038434,0.003226,-1.930000,-0.110000
9199.205010,0.020077,0.001322,-1.870000,-0.050000
9199.304999,-0.000325,0.003233,-1.720000,0.060000
9199.404993,0.016745,0.000256,-1.670000,0.240000
9199.504997,0.023365,0.021881,-1.430000,0.210000
9199.605003,0.041388,0.003038,-1.290000,0.130000
9199.705013,0.017915,0.026443,-1.270000,-0.030000
9199.804977,-0.015134,0.005471,-1.300000,-0.250000
9199.905001,-0.000687,0.038256,-1.510000,-0.310000
9200.005001,0.016602,0.015058,-1.550000,-0.420000
9200.105009,0.001672,0.022285,-1.710000,-0.390000
9200.204972,-0.020147,0.014469,-1.760000,-0.300000
9200.305041,-0.025635,-0.002193,-1.970000,-0.200000
9200.405000,0.008063,0.002252,-2.190000,-0.150000
9200.504998,0.017396,0.001696,-2.240000,-0.270000
9200.604991,0.018275,-0.004046,-2.170000,-0.300000
9200.704996,0.033609,0.004871,-2.030000,-0.130000
9200.805005,-0.010444,-0.014975,-1.800000,-0.160000
9200.905009,-0.001952,-0.018444,-1.460000,0.050000
9201.004972,0.017921,-0.012352,-1.290000,0.140000
9201.104977,0.018740,-0.006851,-1.270000,0.050000
9201.204978,-0.014454,-0.002186,-1.260000,-0.020000
9201.304994,-0.035230,0.018741,-1.310000,-0.100000
9201.404976,-0.001943,-0.001801,-1.310000,-0.160000
9201.505007,-0.017001,0.031263,-1.260000,-0.050000
9201.605006,-0.060125,0.002380,-1.160000,0.130000
9201.704972,-0.064253,0.049007,-1.250000,0.460000
9201.804989,-0.036149,0.029346,-1.280000,0.370000
9201.905010,-0.036284,0.045317,-1.530000,0.270000
9202.005001,-0.073582,0.045405,-1.800000,-0.010000
9202.105008,-0.062900,0.047050,-2.360000,0.000000
9202.205004,-0.038182,0.053684,-2.590000,-0.170000
9202.304987,-0.016010,0.048672,-2.630000,-0.270000
9202.405021,-0.009745,0.047712,-2.620000,-0.230000
9202.505002,-0.033709,0.034323,-2.570000,-0.230000
9202.605003,0.007110,0.032319,-2.470000,-0.200000
9202.704976,0.039628,0.022274,-2.300000,-0.330000
9202.805006,0.006909,-0.001209,-2.090000,-0.310000
9202.904974,0.006854,0.004374,-1.970000,-0.210000
9203.005001,0.032986,0.016556,-1.780000,-0.270000
9203.105009,0.050117,-0.012680,-1.710000,-0.100000
9203.204988,-0.000387,0.019696,-1.520000,-0.010000
9203.305008,0.007952,0.015102,-1.710000,-0.010000
9203.404977,0.038446,0.010321,-1.730000,-0.230000
9203.505010,0.037440,0.023400,-1.780000,-0.440000
9203.604971,-0.011514,0.004346,-1.690000,-0.770000
9203.705006,-0.025577,0.011164,-1.820000,-0.840000
9203.805039,0.012687,-0.024002,-1.950000,-0.880000
9203.904978,0.008553,-0.003217,-2.090000,-0.830000
9204.004998,0.012215,-0.049667,-2.260000,-0.650000
9204.104975,-0.031136,-0.036840,-2.220000,-0.730000
9204.204973,0.003811,-0.055034,-2.370000,-0.570000
9204.305036,0.011974,-0.056746,-2.340000,-0.470000
9204.404978,0.019817,-0.057116,-2.200000,-0.400000
9204.505052,0.047429,-0.066346,-2.030000,-0.260000
9204.605021,0.012186,-0.071879,-1.870000,-0.180000
9204.705012,0.023802,-0.057341,-1.800000,0.090000
9204.805004,0.029319,-0.080154,-1.720000,0.010000
9204.904977,0.044137,-0.043810,-1.590000,0.080000
9205.004987,0.034824,-0.061830,-1.600000,0.120000
9205.104989,-0.013608,-0.047139,-1.480000,0.080000
9205.205007,0.004513,-0.037521,-1.610000,0.220000
9205.304980,0.019469,-0.015052,-1.650000,0.200000
9205.404982,0.041152,-0.030679,-1.680000,0.100000
9205.505008,0.023662,0.006997,-1.570000,0.150000
9205.604998,0.018505,-0.018254,-1.560000,0.110000
9205.704972,0.004569,0.006382,-1.570000,0.110000
9205.804979,-0.021870,0.007619,-1.590000,0.010000
9205.905014,-0.005070,0.049168,-1.700000,-0.020000
9206.004972,0.004484,0.020853,-1.750000,-0.190000
9206.105008,0.005952,0.035624,-1.700000,-0.370000
9206.205028,-0.003841,0.028484,-1.750000,-0.490000
9206.305002,0.013906,0.045716,-1.760000,-0.640000
9206.404995,-0.043535,0.013951,-1.780000,-0.870000
9206.504977,-0.024379,0.022013,-1.880000,-0.840000
9206.605006,-0.012669,0.008211,-1.860000,-1.030000
9206.704975,-0.007175,0.009304,-1.870000,-0.900000
9206.804976,-0.070671,-0.013195,-1.850000,-0.950000
9206.905013,-0.050966,-0.006292,-1.990000,-0.660000
9207.004998,-0.015155,-0.005969,-1.940000,-0.760000
9207.105001,-0.027456,-0.011607,-1.930000,-0.580000
9207.205000,-0.056536,-0.031029,-2.050000,-0.540000
9207.304979,-0.053585,-0.027240,-2.050000,-0.490000
9207.404975,-0.018976,-0.001529,-2.140000,-0.510000
9207.504976,-0.025285,-0.029015,-1.980000,-0.640000
9207.604998,-0.018408,-0.051744,-1.960000,-0.580000
9207.704986,-0.067303,-0.021311,-1.890000,-0.620000
9207.805015,-0.076989,-0.043965,-1.240000,-0.390000
9207.904990,-0.065481,0.002152,-0.380000,0.100000
9208.004998,-0.065584,0.014626,0.100000,0.290000
9208.104982,-0.145865,0.024870,0.720000,0.330000
9208.204999,-0.169164,0.049209,2.190000,-0.010000
9208.304979,-0.278031,0.068066,4.440000,-0.450000
9208.405009,-0.370326,0.071945,6.870000,-1.040000
9208.504984,-0.531157,0.112747,8.660000,-1.220000
9208.605002,-0.675348,0.162793,9.210000,-1.220000
9208.704973,-0.868616,0.198104,8.810000,-1.040000
9208.804991,-1.054799,0.253387,8.010000,-0.810000
9208.905002,-1.190798,0.276806,6.320000,-0.380000
9209.005001,-1.270813,0.318732,3.790000,0.140000
9209.105007,-1.347270,0.351581,1.230000,0.310000
9209.205009,-1.399034,0.380708,0.230000,0.350000
9209.304973,-1.486396,0.413966,2.060000,-0.110000
9209.405003,-1.533147,0.437027,5.680000,-0.780000
9209.505012,-1.700749,0.466888,8.390000,-1.430000
9209.604990,-1.859141,0.483375,8.980000,-1.780000
9209.705006,-2.000360,0.475999,8.120000,-2.250000
9209.805017,-2.169078,0.492035,6.840000,-2.650000
9209.905000,-2.294980,0.486727,5.960000,-2.880000
9210.005005,-2.416185,0.455600,5.650000,-2.960000
9210.105040,-2.521718,0.424077,5.540000,-2.980000
9210.205007,-2.654714,0.407215,5.460000,-2.620000
9210.304998,-2.756292,0.378761,5.490000,-2.260000
9210.405014,-2.877131,0.398355,5.650000,-1.750000
9210.504984,-2.971050,0.358618,5.940000,-1.510000
9210.604975,-3.086351,0.383775,6.060000,-1.010000
9210.705001,-3.190105,0.359157,5.890000,-0.660000
9210.805007,-3.324251,0.394172,5.830000,-0.390000
9210.904974,-3.432106,0.380413,5.860000,-0.060000
9211.004975,-3.485283,0.439265,5.810000,0.240000
9211.104981,-3.606286,0.467765,5.910000,0.620000
9211.205010,-3.707526,0.434013,5.830000,0.640000
9211.305009,-3.769353,0.488756,5.440000,0.460000
9211.405002,-3.845430,0.541931,4.400000,0.240000
9211.505007,-3.880272,0.525055,2.340000,0.090000
9211.605003,-3.936184,0.536765,0.380000,0.260000
9211.704982,-3.952785,0.549316,-0.880000,0.640000
9211.805009,-3.897691,0.512026,-1.750000,1.080000
9211.905006,-3.798995,0.540395,-2.920000,1.970000
9212.005004,-3.697814,0.570990,-4.170000,3.120000
9212.104976,-3.614521,0.600764,-5.280000,4.300000
9212.204992,-3.495392,0.608131,-5.770000,5.470000
9212.305037,-3.349629,0.655655,-5.970000,5.870000
9212.404984,-3.143934,0.731545,-6.860000,5.660000
9212.504981,-2.977091,0.763336,-7.870000,4.650000
9212.605002,-2.812402,0.777711,-8.160000,3.430000
9212.705005,-2.652510,0.788088,-7.530000,1.610000
9212.805010,-2.556637,0.772482,-7.620000,-0.050000
9212.904978,-2.363958,0.708313,-8.330000,-1.250000
9213.005000,-2.203369,0.627531,-8.910000,-1.500000
9213.104997,-2.046827,0.515499,-9.180000,-0.880000
9213.205010,-1.909227,0.447658,-9.310000,0.220000
9213.305012,-1.762288,0.400877,-9.640000,1.140000
9213.405014,-1.598014,0.352996,-10.020000,1.320000
9213.505009,-1.407593,0.324478,-9.830000,1.310000
9213.604977,-1.254146,0.301068,-8.970000,1.100000
9213.704998,-1.118272,0.263057,-7.840000,1.250000
9213.805005,-0.990530,0.235491,-6.770000,1.420000
9213.904974,-0.870299,0.235801,-5.940000,1.700000
9214.005010,-0.780709,0.218794,-5.370000,1.900000
9214.105000,-0.698578,0.217650,-4.960000,1.910000
9214.205011,-0.624007,0.205807,-4.540000,1.790000
9214.304973,-0.554699,0.200670,-4.190000,1.700000
9214.405013,-0.484841,0.192855,-4.010000,1.560000
9214.505000,-0.427936,0.170731,-3.840000,1.320000
9214.605003,-0.405406,0.177768,-3.680000,0.970000
9214.705002,-0.359687,0.175730,-3.550000,0.560000
9214.805000,-0.319724,0.143445,-3.290000,-0.090000
9214.905006,-0.259624,0.145607,-3.070000,-0.500000
9215.005001,-0.254890,0.123950,-2.900000,-0.730000
9215.105003,-0.252706,0.070666,-2.620000,-0.700000
9215.205010,-0.226263,0.084265,-2.380000,-0.260000
9215.305004,-0.210914,0.057870,-2.280000,0.000000
9215.405001,-0.186202,0.038185,-2.140000,0.170000
9215.505006,-0.177832,0.063700,-2.040000,0.480000
9215.604994,-0.201281,0.057014,-1.790000,0.690000
9215.705001,-0.219468,0.055950,-1.730000,0.650000
9215.805005,-0.200694,0.064003,-1.730000,0.420000
9215.904975,-0.193069,0.046115,-2.120000,0.080000
9216.005027,-0.182549,0.054555,-2.650000,-0.020000
9216.105003,-0.146342,0.048196,-3.060000,-0.130000
9216.205013,-0.112386,0.023567,-3.410000,-0.150000
9216.304977,-0.092296,0.002238,-3.770000,-0.100000
9216.404979,-0.075390,-0.003505,-3.860000,-0.130000
9216.504996,-0.037744,-0.010232,-4.130000,0.100000
9216.605008,0.013525,-0.038374,-4.310000,0.090000
9216.704998,0.075359,-0.039640,-4.460000,0.350000
9216.804975,0.107037,-0.076834,-4.530000,0.580000
9216.904976,0.117926,-0.061250,-4.500000,0.670000
9217.004972,0.177284,-0.056745,-4.520000,0.960000
9217.104978,0.242007,-0.056550,-4.510000,1.080000
9217.204999,0.301345,-0.069466,-4.210000,1.120000
9217.304987,0.320948,-0.053315,-3.570000,0.830000
9217.405003,0.359781,-0.073894,-2.750000,0.430000
9217.505003,0.356703,-0.045326,-1.880000,0.110000
9217.605005,0.373128,-0.056517,-1.330000,-0.130000
9217.705004,0.371999,-0.057354,-0.990000,-0.050000
9217.805002,0.355153,-0.051596,-0.700000,-0.050000
9217.904974,0.324902,-0.038381,-0.610000,0.000000
9218.004975,0.287443,-0.043060,-0.500000,-0.310000
9218.105013,0.273107,-0.044869,-0.430000,-0.440000
9218.205004,0.241708,-0.049397,-0.530000,-0.300000
9218.305021,0.203019,-0.064732,-0.580000,-0.320000
9218.404982,0.202165,-0.052393,-0.710000,-0.010000
9218.505004,0.174121,-0.055234,-0.770000,0.140000
9218.605001,0.144465,-0.046733,-0.680000,0.380000
9218.705003,0.117307,-0.057417,-0.510000,0.440000
9218.805006,0.107156,-0.040443,-0.420000,0.410000
9218.905002,0.084597,-0.022270,-0.540000,0.400000
9219.005020,0.089930,-0.001612,-0.580000,0.320000
9219.105005,0.068681,0.002982,-0.520000,0.140000
9219.205000,0.027750,-0.005997,-0.460000,-0.030000
9219.305002,0.001280,0.011702,-0.710000,-0.010000
9219.405011,-0.008789,0.026341,-1.160000,0.000000
9219.505003,0.005095,0.026186,-1.370000,0.000000
9219.605004,-0.006675,0.020909,-1.430000,-0.240000
9219.705032,-0.006004,0.007814,-1.660000,-0.460000
9219.805001,-0.015116,0.021065,-1.880000,-0.470000
9219.904977,-0.012597,0.008270,-1.950000,-0.290000
9220.004972,0.013437,-0.018023,-2.020000,-0.060000
9220.104975,-0.001492,-0.014985,-2.160000,0.050000
9220.205009,0.007751,-0.034018,-2.350000,0.100000
9220.305013,0.018126,-0.014251,-2.260000,0.090000
9220.405034,0.059693,-0.014986,-1.970000,0.030000
9220.505001,0.063401,-0.032021,-1.340000,0.050000
9220.605005,0.057796,-0.017211,-1.000000,0.090000
9220.705002,0.049533,-0.026768,-0.920000,0.180000
9220.805008,0.032669,-0.003485,-1.040000,0.330000
9220.904989,0.023670,-0.000230,-1.350000,0.320000
9221.005002,0.007085,-0.002278,-1.540000,0.210000
9221.105004,0.008549,0.003785,-1.560000,-0.170000
9221.205019,0.030869,0.002278,-1.640000,-0.410000
9221.305000,0.018346,-0.003944,-1.760000,-0.470000
9221.405034,0.017474,-0.027981,-1.750000,-0.480000
9221.505003,0.038741,0.001251,-1.730000,-0.330000
9221.605005,0.032229,-0.024414,-1.740000,-0.120000
9221.705019,0.038329,-0.014099,-1.690000,-0.290000
9221.805034,0.031518,-0.018302,-1.470000,-0.660000
9221.905001,0.006943,-0.030880,-1.130000,-1.190000
9222.005001,0.018724,-0.054813,-0.750000,-1.700000
9222.105009,0.000452,-0.070788,-0.610000,-1.910000
9222.205011,-0.023361,-0.094685,-0.690000,-1.740000
9222.305029,-0.045105,-0.108208,-0.870000,-1.250000
9222.404993,-0.061444,-0.125454,-0.980000,-0.890000
9222.505003,-0.056337,-0.120889,-1.080000,-0.450000
9222.605001,-0.060694,-0.128672,-1.120000,-0.060000
9222.704992,-0.061262,-0.121757,-1.170000,0.150000
9222.805012,-0.063973,-0.094724,-1.340000,0.440000
9222.905017,-0.067194,-0.089225,-1.350000,0.620000
9223.004977,-0.044649,-0.075038,-1.290000,0.770000
9223.105000,-0.047255,-0.053235,-1.210000,0.800000
9223.204975,-0.055721,-0.043297,-1.160000,0.650000
9223.304984,-0.046206,-0.015370,-1.030000,0.580000
9223.405005,-0.059233,0.001994,-0.990000,0.350000
9223.504979,-0.041617,0.012173,-1.130000,-0.050000
9223.604981,-0.075811,0.013271,-1.250000,-0.560000
9223.705013,-0.060743,-0.010871,-1.390000,-0.820000
9223.805001,-0.062559,-0.006987,-1.500000,-0.840000
9223.905006,-0.061042,-0.018254,-1.640000,-0.840000
9224.004980,-0.054078,-0.031172,-1.700000,-0.900000
9224.105025,-0.041204,-0.046470,-1.750000,-0.970000
9224.205009,-0.023017,-0.066503,-1.770000,-0.950000
9224.305000,-0.021108,-0.080293,-1.760000,-0.860000
9224.405018,-0.014573,-0.103049,-1.690000,-0.650000
9224.505042,-0.020948,-0.098967,-1.600000,-0.270000
9224.605002,-0.010241,-0.111544,-1.500000,0.220000
9224.704976,-0.007102,-0.089249,-1.390000,0.680000
9224.804976,0.007727,-0.080185,-1.170000,0.970000
9224.905002,0.014608,-0.047022,-0.890000,1.120000
9225.005003,0.014450,-0.039447,-0.600000,0.940000
9225.105009,0.012770,-0.009612,-0.370000,0.740000
9225.205018,0.032989,0.007303,-0.290000,0.620000
9225.304974,0.008940,0.024134,-0.250000,0.540000
9225.405000,-0.009227,0.019840,-0.060000,0.330000
9225.505000,-0.019766,0.044257,-0.210000,0.070000
9225.604988,-0.015643,0.040171,-0.520000,-0.350000
9225.704996,0.007535,0.026726,-0.680000,-0.930000
9225.804988,-0.007137,0.015139,-0.610000,-1.410000
9225.905005,-0.034124,-0.010762,-0.500000,-1.480000
9226.005005,-0.079847,-0.045568,-0.510000,-1.030000
9226.105002,-0.092631,-0.031475,-0.720000,-0.340000
9226.205001,-0.077288,-0.022623,-0.870000,0.240000
9226.305004,-0.077411,-0.028677,-0.920000,0.650000
9226.405044,-0.054532,-0.033586,-0.890000,0.610000
9226.505010,-0.039691,-0.028437,-0.880000,0.330000
9226.605005,-0.040808,-0.012026,-0.850000,-0.020000
9226.705007,-0.036131,-0.021945,-0.820000,-0.250000
9226.804977,-0.040404,-0.047243,-0.750000,-0.180000
9226.905004,-0.042430,-0.042459,-0.650000,0.200000
9227.005003,-0.027743,-0.033994,-0.440000,0.670000
9227.105004,-0.027804,-0.032626,-0.240000,0.930000
9227.205011,-0.015855,0.000547,-0.150000,1.080000
9227.304991,-0.051818,0.007644,-0.110000,1.000000
9227.405001,-0.084556,-0.005589,-0.150000,0.660000
9227.504998,-0.083863,0.029034,-0.310000,0.520000
9227.605002,-0.071717,0.043255,-0.370000,0.410000
9227.705005,-0.071733,0.031830,-0.580000,0.320000
9227.804977,-0.067538,0.040569,-0.820000,0.220000
9227.904981,-0.078311,0.021583,-1.050000,0.050000
9228.005025,-0.078700,0.023394,-1.270000,0.070000
9228.104977,-0.071400,0.014899,-1.450000,0.040000
9228.205003,-0.051249,0.030088,-1.650000,0.130000
9228.305026,-0.063858,0.008961,-1.670000,0.220000
9228.405001,-0.029667,0.028590,-1.760000,0.290000
9228.505005,-0.009536,0.017883,-1.620000,0.220000
9228.605010,0.002597,0.003140,-1.530000,0.230000
9228.704995,-0.017097,0.001149,-1.340000,0.170000
9228.805008,-0.022287,0.011730,-1.330000,0.300000
9228.905010,0.021346,0.010849,-1.160000,0.360000
9229.005003,0.017801,0.007646,-1.230000,0.470000
9229.105005,-0.010040,0.004445,-1.160000,0.600000
9229.205001,-0.003329,0.017385,-1.100000,0.430000
9229.305002,0.018184,0.021388,-1.010000,0.520000
9229.405003,0.004547,0.026016,-0.950000,0.370000
9229.505029,-0.001238,0.019233,-1.010000,0.390000
9229.605000,0.016687,0.033938,-1.210000,0.310000
9229.705015,-0.012318,0.029735,-1.280000,0.130000
9229.805014,0.009647,0.028697,-1.530000,-0.020000
9229.905008,-0.000132,0.022370,-1.500000,-0.270000
9230.004999,0.030826,0.003676,-1.520000,-0.350000
9230.105002,-0.011378,0.008701,-1.430000,-0.370000
9230.205012,0.016552,-0.009785,-1.450000,-0.170000
9230.305106,0.033641,0.002166,-1.350000,-0.150000
9230.405001,0.043709,-0.015986,-1.270000,-0.080000
9230.504981,0.020498,-0.016923,-1.180000,0.070000
9230.605004,-0.002931,-0.038693,-1.170000,0.080000
9230.704974,-0.002939,-0.018222,-1.150000,0.120000
9230.804997,0.014063,-0.017524,-1.080000,0.150000
9230.905016,0.006208,0.000535,-0.970000,0.070000
9231.004974,0.023033,-0.002616,-0.990000,0.110000
9231.104983,-0.018306,-0.021000,-1.060000,0.060000
9231.204978,-0.010773,0.000891,-1.170000,0.060000
9231.305004,0.001954,-0.002944,-1.370000,0.120000
9231.405006,-0.008646,-0.015719,-1.570000,0.030000
9231.505003,-0.025435,0.000577,-1.580000,-0.040000
9231.604989,0.015423,-0.009682,-1.570000,0.070000
9231.705023,0.015190,-0.000215,-1.550000,0.100000
9231.805006,0.014973,0.006338,-1.530000,0.200000
9231.905004,0.024580,-0.008752,-1.510000,0.130000
9232.004999,0.026674,0.002994,-1.510000,0.020000
9232.105005,0.028582,-0.023512,-1.460000,-0.090000
9232.205005,0.037085,-0.003485,-1.420000,-0.100000
9232.304976,0.041982,-0.015761,-1.380000,-0.100000
9232.405004,0.040266,-0.006209,-1.340000,-0.150000
9232.505024,0.056495,-0.004378,-1.280000,-0.140000
9232.604986,0.038965,-0.001833,-1.290000,-0.290000
9232.705007,0.045044,-0.008396,-1.280000,-0.360000
9232.805006,0.046319,-0.028508,-1.300000,-0.330000
9232.905019,0.029404,-0.018635,-1.380000,-0.310000
9233.005006,0.029930,-0.026339,-1.410000,-0.160000
9233.105009,0.038277,-0.045786,-1.390000,-0.030000
9233.204977,0.035984,-0.040127,-1.400000,0.050000
9233.304980,0.024649,-0.029062,-1.370000,0.060000
9233.404975,0.034664,-0.058110,-1.440000,0.020000
9233.504981,0.020896,-0.045551,-1.440000,-0.070000
9233.605003,0.010686,-0.047570,-1.330000,-0.160000
9233.705005,-0.015676,-0.030798,-1.170000,-0.200000
9233.804979,-0.015401,-0.060792,-1.140000,-0.220000
9233.905006,-0.023895,-0.055139,-1.210000,-0.210000
9234.005022,-0.028494,-0.046393,-1.310000,-0.170000
9234.105017,-0.020607,-0.037890,-1.420000,0.000000
9234.204978,-0.010802,-0.055772,-1.470000,0.110000
9234.304975,-0.013056,-0.059419,-1.510000,0.290000
9234.404983,-0.005780,-0.042524,-1.420000,0.310000
9234.505013,-0.010530,-0.050064,-1.400000,0.360000
9234.605003,-0.007848,-0.056422,-1.420000,0.270000
9234.705006,-0.006740,-0.029901,-1.490000,0.160000
9234.805004,-0.002916,-0.027755,-1.600000,0.250000
9234.904976,0.009269,-0.043839,-1.630000,0.250000
9235.004973,-0.009865,-0.034813,-1.670000,0.180000
9235.104981,0.005068,-0.020713,-1.600000,0.090000
9235.204989,0.002901,-0.015326,-1.580000,0.090000
9235.305005,0.023409,-0.048862,-1.630000,0.040000
9235.405000,0.013141,-0.019835,-1.630000,0.050000
9235.504995,0.013957,-0.020330,-1.570000,0.080000
9235.605004,0.028804,-0.016848,-1.480000,0.270000
9235.704977,0.024271,-0.023051,-1.470000,0.280000
9235.805002,0.041228,-0.003706,-1.420000,0.300000
9235.905006,0.044215,0.014902,-1.400000,0.310000
9236.004999,0.043700,-0.017597,-1.400000,0.110000
9236.105012,0.038331,0.020772,-1.340000,-0.140000
9236.204984,0.030517,0.011625,-1.320000,-0.300000
9236.304978,0.033166,-0.004291,-1.340000,-0.360000
9236.405006,0.020434,-0.003566,-1.400000,-0.280000
9236.504979,0.013408,0.011722,-1.440000,-0.200000
9236.605003,0.017955,-0.010638,-1.420000,-0.140000
9236.705004,0.016134,-0.012775,-1.390000,-0.210000
9236.805010,0.017635,-0.007640,-1.380000,-0.390000
9236.905008,0.019381,-0.007020,-1.310000,-0.460000
9237.004980,0.026532,-0.043767,-1.330000,-0.600000
9237.105007,0.017190,-0.030323,-1.220000,-0.580000
9237.205003,0.011475,-0.047190,-1.130000,-0.500000
9237.305051,0.001791,-0.043152,-1.110000,-0.320000
9237.405008,-0.003313,-0.068834,-1.220000,-0.200000
9237.505007,-0.007859,-0.047552,-1.250000,-0.120000
9237.605026,-0.023477,-0.049187,-1.250000,0.040000
9237.704999,-0.024838,-0.066813,-1.320000,0.000000
9237.805009,-0.013985,-0.046281,-1.410000,0.000000
9237.905014,-0.040974,-0.041020,-1.530000,0.030000
9238.005028,-0.023596,-0.075589,-1.600000,0.020000
9238.104977,-0.038846,-0.058983,-1.600000,0.060000
9238.204981,-0.027494,-0.073851,-1.500000,0.310000
9238.305008,-0.025623,-0.064496,-1.400000,0.410000
9238.405004,-0.024567,-0.043087,-1.360000,0.500000
9238.505002,-0.023625,-0.047023,-1.320000,0.530000
9238.604989,-0.026136,-0.021373,-1.280000,0.510000
9238.705001,-0.031862,-0.025130,-1.260000,0.490000
9238.805002,-0.039807,-0.003149,-1.310000,0.470000
9238.905002,-0.039951,-0.003767,-1.460000,0.450000
9239.005004,-0.033628,0.014430,-1.590000,0.370000
9239.105007,-0.024045,0.006857,-1.780000,0.310000
9239.204998,-0.034017,0.024977,-1.850000,0.140000
9239.305010,-0.014541,0.011827,-1.950000,0.040000
9239.405004,-0.009549,0.032737,-2.040000,0.000000
9239.505001,0.013413,-0.001427,-2.080000,0.000000
9239.604975,0.010965,0.015364,-1.990000,0.070000
9239.705021,0.016992,-0.003750,-1.890000,0.120000
9239.804996,0.025739,0.024875,-1.760000,0.210000
9239.905003,0.031714,0.014911,-1.750000,0.240000
9240.004996,0.040679,0.025224,-1.710000,0.220000
9240.105014,0.026676,0.018443,-1.690000,-0.050000
9240.205010,0.023530,0.030193,-1.570000,-0.260000
9240.305012,0.036540,0.018446,-1.560000,-0.470000
9240.404992,0.038859,0.012202,-1.480000,-0.540000
9240.504979,0.025744,0.009464,-1.490000,-0.560000
9240.604999,0.026899,0.008817,-1.550000,-0.280000
9240.704990,0.028783,0.019355,-1.710000,-0.060000
9240.805003,0.045751,0.002067,-1.770000,0.080000
9240.904996,0.034105,0.004991,-1.740000,0.120000
9241.005005,0.040234,0.002649,-1.560000,0.020000
9241.105018,0.027531,0.008995,-1.420000,-0.110000
9241.205010,0.019486,0.004016,-1.330000,-0.190000
9241.305005,0.009327,0.010700,-1.270000,-0.200000
9241.405006,0.002507,-0.005357,-1.220000,-0.100000
9241.505006,-0.018375,0.021082,-1.190000,0.010000
9241.604980,-0.005640,0.017312,-1.260000,0.200000
9241.704972,-0.003513,0.033405,-1.360000,0.250000
9241.804976,-0.014732,0.051087,-1.390000,0.120000
9241.905013,-0.016636,0.056643,-1.460000,-0.180000
9242.004977,-0.024722,0.044561,-1.550000,-0.620000
9242.105022,-0.037579,0.052613,-1.690000,-1.010000
9242.205020,-0.041194,0.037830,-1.760000,-1.270000
9242.305006,-0.049296,0.011276,-1.870000,-1.390000
9242.404978,-0.046314,-0.000047,-2.040000,-1.300000
9242.504978,-0.021558,-0.016334,-2.260000,-1.260000
9242.605029,-0.026194,-0.013940,-2.170000,-1.320000
9242.705009,-0.033325,-0.047677,-2.050000,-1.280000
9242.804992,-0.034780,-0.078347,-1.960000,-1.230000
9242.905010,-0.041255,-0.089415,-1.880000,-1.080000
9243.005000,-0.057585,-0.063054,-1.860000,-0.710000
9243.104983,-0.033942,-0.092291,-2.010000,-0.290000
9243.204988,-0.011573,-0.095385,-2.060000,-0.090000
9243.304981,-0.027627,-0.073282,-1.970000,0.140000
9243.404994,-0.000040,-0.074223,-2.050000,0.410000
9243.505014,-0.001439,-0.063932,-2.040000,0.480000
9243.604973,0.010258,-0.052845,-1.970000,0.700000
9243.704980,0.019851,-0.044555,-1.740000,0.590000
9243.804997,0.019928,-0.012091,-1.560000,0.430000
9243.904993,0.030957,-0.020525,-1.410000,0.240000
9244.004973,0.038103,0.001736,-1.360000,0.150000
9244.104975,0.016859,0.011284,-1.330000,0.050000
9244.204998,0.021034,0.017465,-1.430000,-0.070000
9244.305013,0.003482,0.038445,-1.480000,-0.040000
9244.405019,0.008477,0.025422,-1.490000,0.000000
9244.505024,0.032425,0.054073,-1.430000,-0.070000
9244.605015,0.003221,0.057544,-1.300000,-0.260000
9244.705001,-0.012966,0.051891,-1.380000,-0.460000
9244.804997,-0.027443,0.050346,-1.410000,-0.700000
9244.905023,-0.019527,0.037027,-1.570000,-0.620000
9245.005010,-0.000858,0.041319,-1.750000,-0.520000
9245.104999,-0.007652,0.055280,-1.790000,-0.430000
9245.204974,0.003797,0.040708,-1.820000,-0.390000
9245.304978,-0.024015,0.056813,-1.620000,-0.500000
9245.405029,-0.012046,0.028215,-1.480000,-0.490000
9245.505005,-0.016713,0.026388,-1.380000,-0.600000
9245.605008,-0.016715,0.031039,-1.270000,-0.590000
9245.705001,-0.019444,0.018018,-1.310000,-0.500000
9245.805008,-0.031545,0.041270,-1.370000,-0.400000
9245.904983,-0.035928,0.016542,-1.480000,-0.400000
9246.005000,-0.046535,0.024601,-1.620000,-0.500000
9246.105005,-0.031661,0.031173,-1.630000,-0.560000
9246.205028,-0.017745,0.009928,-1.300000,-0.510000
9246.305045,-0.032237,0.028828,-0.870000,-0.450000
9246.405006,-0.038028,0.026643,-0.840000,-0.390000
9246.505006,-0.052390,0.029395,-1.140000,-0.510000
9246.605004,-0.055025,0.026049,-1.560000,-0.430000
9246.704983,-0.095153,0.030446,-1.800000,-0.400000
9246.805007,-0.086642,0.017153,-1.920000,-0.130000
9246.905012,-0.066926,0.026236,-2.190000,0.040000
9247.004997,-0.040814,0.023128,-2.270000,0.070000
9247.105022,-0.033416,0.021819,-2.230000,-0.080000
9247.205002,-0.008955,0.031575,-2.030000,-0.140000
9247.304979,-0.036067,0.030215,-1.420000,-0.340000
9247.404973,-0.051278,0.031613,-0.010000,-0.610000
9247.505024,-0.095294,0.026906,2.170000,-0.910000
9247.605016,-0.202156,0.068705,4.830000,-1.100000
9247.704997,-0.320064,0.085554,7.590000,-1.360000
9247.805009,-0.490641,0.100022,9.380000,-1.410000
9247.904999,-0.666080,0.171027,9.900000,-1.390000
9248.004986,-0.848720,0.204015,9.650000,-1.330000
9248.105011,-1.040002,0.255151,9.300000,-1.240000
9248.205013,-1.247731,0.288702,8.920000,-1.110000
9248.304973,-1.426828,0.329304,8.580000,-1.080000
9248.404986,-1.583640,0.378895,8.170000,-0.930000
9248.505004,-1.732711,0.409677,7.820000,-0.720000
9248.604973,-1.892296,0.437716,7.560000,-0.810000
9248.704982,-2.031036,0.482695,7.310000,-0.920000
9248.805021,-2.155961,0.505643,7.050000,-0.940000
9248.904978,-2.314092,0.539399,6.910000,-1.090000
9249.004986,-2.418839,0.566576,6.850000,-1.100000
9249.105006,-2.521467,0.604330,6.850000,-1.100000
9249.204992,-2.641061,0.628047,6.690000,-0.960000
9249.305003,-2.782084,0.651628,6.560000,-0.630000
9249.405003,-2.905367,0.671996,6.420000,-0.420000
9249.504978,-2.997328,0.715773,6.220000,-0.220000
9249.604976,-3.102967,0.751203,6.100000,-0.460000
9249.705000,-3.211321,0.773620,6.130000,-0.650000
9249.805001,-3.325401,0.777778,6.310000,-1.080000
9249.904976,-3.435112,0.789558,6.630000,-1.480000
9250.005001,-3.582012,0.806373,6.820000,-1.570000
9250.105005,-3.658699,0.800494,6.750000,-1.540000
9250.205000,-3.787571,0.765713,6.700000,-1.600000
9250.304980,-3.883074,0.782533,6.400000,-1.320000
9250.404977,-3.955013,0.763782,6.070000,-1.580000
9250.505000,-4.060417,0.785524,5.700000,-2.300000
9250.605013,-4.105536,0.761344,5.030000,-2.900000
9250.704995,-4.183257,0.734334,3.960000,-3.130000
9250.805038,-4.244270,0.654510,3.550000,-3.440000
9250.905007,-4.277212,0.624072,3.260000,-4.300000
9251.005002,-4.341582,0.565965,2.670000,-5.090000
9251.104975,-4.362318,0.459549,2.050000,-5.850000
9251.205030,-4.414922,0.352893,1.750000,-6.020000
9251.305003,-4.431666,0.210685,1.300000,-5.950000
9251.405001,-4.387913,0.128601,0.750000,-6.210000
9251.505020,-4.413083,-0.014187,0.810000,-6.640000
9251.605007,-4.391213,-0.120647,0.590000,-6.840000
9251.704978,-4.416596,-0.195874,0.110000,-6.450000
9251.804981,-4.426713,-0.331034,-0.370000,-5.910000
9251.905004,-4.396580,-0.415962,-0.790000,-5.080000
9252.004972,-4.359536,-0.462366,-0.910000,-3.780000
9252.105004,-4.345455,-0.570978,-0.710000,-2.700000
9252.204978,-4.261233,-0.615134,-0.960000,-2.180000
9252.304977,-4.213180,-0.619989,-1.310000,-2.090000
9252.404974,-4.174326,-0.596634,-1.680000,-1.930000
9252.505001,-4.128138,-0.599984,-1.600000,-2.010000
9252.605002,-4.107424,-0.675232,-1.240000,-2.520000
9252.705004,-4.082601,-0.683302,-0.630000,-2.540000
9252.804979,-4.053569,-0.734134,0.000000,-2.170000
9252.905001,-3.998070,-0.760381,0.300000,-1.550000
9253.005026,-4.000889,-0.761318,0.100000,-1.670000
9253.105001,-3.956228,-0.744915,-0.080000,-1.740000
9253.204975,-3.909500,-0.733773,0.110000,-2.040000
9253.304976,-3.854548,-0.772141,0.370000,-2.560000
9253.405025,-3.863381,-0.785115,0.650000,-3.200000
9253.504977,-3.862326,-0.777775,0.770000,-3.870000
9253.604973,-3.861378,-0.822111,0.820000,-4.310000
9253.704975,-3.857120,-0.816448,0.880000,-4.320000
9253.805038,-3.812711,-0.905170,0.860000,-4.490000
9253.905002,-3.804484,-0.950836,1.010000,-4.540000
9254.004986,-3.813747,-1.020650,1.260000,-4.530000
9254.104998,-3.830593,-1.050259,1.570000,-4.060000
9254.205006,-3.856745,-1.134002,1.740000,-3.740000
9254.305003,-3.833178,-1.085729,2.050000,-3.670000
9254.405011,-3.844172,-1.102246,2.640000,-3.630000
9254.505000,-3.889237,-1.175145,2.870000,-3.750000
9254.605010,-3.916439,-1.161965,2.680000,-3.970000
9254.704991,-3.954684,-1.245748,2.290000,-4.200000
9254.805042,-3.968743,-1.255581,2.120000,-4.330000
9254.905015,-3.959271,-1.317695,1.760000,-4.190000
9255.005000,-3.986166,-1.305385,1.790000,-4.230000
9255.105021,-4.044686,-1.393606,1.560000,-4.530000
9255.205010,-4.072493,-1.397769,1.560000,-4.640000
9255.305011,-4.098793,-1.506135,1.600000,-4.380000
9255.405004,-4.080625,-1.498650,1.620000,-3.610000
9255.504989,-4.123085,-1.539084,1.810000,-3.170000
9255.604972,-4.129135,-1.562848,1.950000,-3.010000
9255.704975,-4.141606,-1.538094,1.830000,-3.360000
9255.804981,-4.137642,-1.605563,1.420000,-3.910000
9255.904998,-4.168152,-1.646200,0.400000,-3.660000
9256.005004,-4.106763,-1.665933,-0.890000,-2.660000
9256.104999,-4.074826,-1.681839,-1.930000,-1.760000
9256.205007,-3.995535,-1.695214,-2.580000,-0.960000
9256.304998,-3.937734,-1.655403,-3.240000,-0.170000
9256.405006,-3.843916,-1.675484,-4.340000,0.580000
9256.505016,-3.751835,-1.648101,-5.340000,1.740000
9256.605007,-3.630084,-1.568412,-5.980000,2.590000
9256.705003,-3.442510,-1.502119,-6.790000,3.370000
9256.805012,-3.317813,-1.444181,-7.710000,3.970000
9256.904998,-3.153896,-1.377781,-8.610000,4.470000
9257.005001,-2.953293,-1.294937,-9.420000,5.300000
9257.104976,-2.774690,-1.260651,-9.930000,5.860000
9257.204994,-2.541216,-1.114724,-10.740000,6.370000
9257.304980,-2.324315,-1.028690,-11.430000,6.830000
9257.405010,-2.089715,-0.924597,-12.030000,7.490000
9257.505001,-1.809108,-0.807483,-12.160000,8.260000
9257.605013,-1.605224,-0.635176,-11.490000,9.010000
9257.704974,-1.357615,-0.550106,-10.300000,8.890000
9257.805004,-1.151549,-0.436881,-9.040000,8.010000
9257.905004,-0.969994,-0.296377,-7.930000,6.680000
9258.005004,-0.847076,-0.226988,-7.070000,5.430000
9258.104992,-0.720698,-0.146261,-5.950000,4.310000
9258.205000,-0.586216,-0.075758,-4.930000,3.280000
9258.305013,-0.534053,-0.078509,-3.890000,2.390000
9258.405007,-0.495235,-0.028853,-3.170000,1.540000
9258.505016,-0.451149,-0.024423,-2.750000,0.890000
9258.605000,-0.424839,-0.010538,-2.440000,0.300000
9258.704973,-0.401260,-0.013820,-2.300000,-0.200000
9258.805000,-0.378525,-0.036025,-2.210000,-0.380000
9258.905002,-0.368816,-0.034583,-2.220000,-0.490000
9259.005010,-0.348396,-0.065485,-2.180000,-0.520000
9259.104972,-0.346506,-0.071150,-2.050000,-0.340000
9259.204998,-0.339846,-0.086808,-1.930000,-0.050000
9259.305032,-0.335806,-0.077849,-1.790000,0.290000
9259.404995,-0.331198,-0.084997,-1.760000,0.430000
9259.505018,-0.322603,-0.081521,-1.730000,0.490000
9259.605006,-0.322736,-0.091401,-1.800000,0.540000
9259.705003,-0.306825,-0.085265,-1.900000,0.820000
9259.805023,-0.293656,-0.074756,-2.140000,1.160000
9259.904993,-0.289252,-0.059615,-2.370000,1.420000
9260.005002,-0.266187,-0.058930,-2.510000,1.420000
9260.104976,-0.255693,-0.043004,-1.940000,1.100000
9260.204994,-0.250273,-0.048185,-0.740000,0.340000
9260.305035,-0.261227,-0.024301,0.670000,-1.070000
9260.404999,-0.332793,-0.067565,2.090000,-2.570000
9260.505011,-0.408998,-0.120085,3.180000,-3.900000
9260.605006,-0.502608,-0.149939,3.780000,-4.430000
9260.705002,-0.620713,-0.221663,3.820000,-4.310000
9260.804977,-0.720872,-0.249111,3.470000,-3.840000
9260.904976,-0.792174,-0.305260,3.080000,-3.400000
9261.005001,-0.906454,-0.351324,2.860000,-2.860000
9261.104971,-0.973605,-0.381238,2.690000,-1.980000
9261.205002,-1.044241,-0.380237,2.470000,-0.990000
9261.305007,-1.099932,-0.378904,2.180000,-0.430000
9261.405031,-1.163043,-0.380626,1.990000,-0.230000
9261.504979,-1.231769,-0.379476,1.960000,-0.420000
9261.604990,-1.292186,-0.384198,2.010000,-0.700000
9261.704999,-1.320960,-0.366583,1.800000,-1.150000
9261.805012,-1.379930,-0.407302,1.450000,-1.390000
9261.904978,-1.424594,-0.397464,1.060000,-1.410000
9262.004997,-1.453567,-0.424337,0.780000,-1.230000
9262.105001,-1.475647,-0.417427,0.660000,-1.140000
9262.204979,-1.525362,-0.466752,0.550000,-1.160000
9262.304999,-1.551176,-0.458899,0.420000,-1.340000
9262.405003,-1.578645,-0.477326,0.670000,-1.500000
9262.505010,-1.618403,-0.523347,1.210000,-1.640000
9262.605030,-1.685713,-0.517314,1.690000,-1.550000
9262.705000,-1.725676,-0.531520,1.730000,-1.160000
9262.805002,-1.756794,-0.536969,1.680000,-0.990000
9262.904977,-1.810566,-0.558615,1.950000,-1.030000
9263.004978,-1.863379,-0.541264,2.160000,-1.050000
9263.105001,-1.883642,-0.562330,2.280000,-1.110000
9263.205005,-1.941440,-0.564001,2.360000,-0.870000
9263.305014,-2.019488,-0.545783,2.360000,-0.620000
9263.405009,-2.051584,-0.540731,2.360000,-0.570000
9263.505012,-2.129743,-0.555297,2.120000,-0.590000
9263.604990,-2.184157,-0.531487,1.570000,-0.590000
9263.704997,-2.202374,-0.530055,1.240000,-0.460000
9263.805004,-2.217233,-0.536748,1.410000,-0.220000
9263.905007,-2.273757,-0.525033,1.660000,-0.230000
9264.005019,-2.313336,-0.514876,1.910000,-0.490000
9264.105001,-2.334950,-0.495341,2.120000,-1.070000
9264.205004,-2.393788,-0.510541,2.050000,-1.600000
9264.305002,-2.448283,-0.513733,1.590000,-1.790000
9264.405005,-2.475811,-0.524222,0.830000,-1.730000
9264.505015,-2.490336,-0.545724,0.280000,-1.560000
9264.605001,-2.526956,-0.582971,0.080000,-1.320000
9264.704986,-2.522372,-0.567877,0.260000,-1.070000
9264.804995,-2.501994,-0.547957,0.600000,-1.380000
9264.905002,-2.571650,-0.578175,0.500000,-1.590000
9265.004999,-2.577717,-0.570766,0.150000,-1.320000
9265.105005,-2.530537,-0.567368,-0.180000,-1.060000
9265.205008,-2.582916,-0.586821,-0.310000,-0.790000
9265.305004,-2.560527,-0.611528,-0.350000,-0.890000
9265.405000,-2.594645,-0.615674,-0.050000,-0.880000
9265.505005,-2.579615,-0.596469,-0.260000,-0.350000
9265.605010,-2.550583,-0.592163,-0.740000,0.360000
9265.704976,-2.522615,-0.540918,-1.250000,1.390000
9265.805005,-2.469876,-0.504647,-1.730000,2.080000
9265.905005,-2.455944,-0.458352,-1.910000,2.440000
9266.005010,-2.399955,-0.483279,-1.730000,1.840000
9266.104974,-2.382464,-0.413625,-1.460000,1.430000
9266.205007,-2.332868,-0.370399,-1.040000,0.650000
9266.304999,-2.337168,-0.349613,-0.750000,0.450000
9266.404991,-2.303376,-0.346641,-0.610000,0.140000
9266.505015,-2.330687,-0.366085,-0.490000,-0.140000
9266.605005,-2.315738,-0.322985,-0.400000,-0.370000
9266.705017,-2.283857,-0.321460,-0.250000,-0.610000
9266.805009,-2.304384,-0.369945,-0.190000,-0.940000
9266.905003,-2.319838,-0.361622,-0.310000,-0.990000
9267.004988,-2.310786,-0.361943,-0.290000,-1.210000
9267.104976,-2.349977,-0.355591,-0.260000,-1.410000
9267.204974,-2.300791,-0.392611,-0.320000,-2.070000
9267.304978,-2.326203,-0.457371,-0.410000,-2.720000
9267.405016,-2.331881,-0.491622,-0.470000,-3.060000
9267.505012,-2.329556,-0.524151,-0.500000,-3.200000
9267.605043,-2.355715,-0.563438,-0.670000,-3.160000
9267.704974,-2.332113,-0.620674,-0.640000,-3.230000
9267.805000,-2.375332,-0.677403,-0.500000,-3.030000
9267.904983,-2.353674,-0.702590,-0.540000,-2.710000
9268.005002,-2.385966,-0.754326,-0.530000,-2.250000
9268.105037,-2.374326,-0.782736,-0.560000,-1.740000
9268.205020,-2.366988,-0.817499,-0.320000,-1.290000
9268.304996,-2.352197,-0.816703,-0.290000,-0.370000
9268.405011,-2.311447,-0.796546,-0.380000,0.190000
9268.505048,-2.349300,-0.790247,-0.600000,0.800000
9268.605012,-2.303359,-0.741105,-1.110000,1.690000
9268.704992,-2.305643,-0.732161,-1.750000,2.380000
9268.804978,-2.230145,-0.660230,-2.570000,3.070000
9268.904978,-2.136788,-0.626254,-3.200000,3.640000
9269.004993,-2.092949,-0.549282,-3.930000,4.120000
9269.104973,-1.983191,-0.496411,-4.760000,4.740000
9269.204981,-1.900267,-0.452773,-5.490000,5.410000
9269.305000,-1.759558,-0.358515,-6.370000,6.250000
9269.405003,-1.587936,-0.280782,-6.950000,6.830000
9269.505005,-1.456608,-0.226479,-7.410000,7.290000
9269.605001,-1.300512,-0.126905,-8.110000,7.360000
9269.705003,-1.150540,-0.035345,-8.630000,6.330000
9269.805013,-0.953217,0.032433,-8.720000,4.890000
9269.904976,-0.810791,0.020613,-7.870000,3.220000
9270.004997,-0.708207,0.047477,-6.720000,2.000000
9270.104986,-0.589391,0.068333,-5.610000,1.060000
9270.204983,-0.504448,0.032986,-4.870000,0.330000
9270.304977,-0.456692,0.036371,-4.210000,-0.290000
9270.405006,-0.421288,-0.002350,-3.670000,-0.570000
9270.505004,-0.404245,-0.013466,-3.300000,-0.530000
9270.605003,-0.348101,-0.020889,-2.960000,-0.060000
9270.705007,-0.292989,-0.045479,-2.710000,0.480000
9270.805000,-0.265890,-0.030690,-2.550000,1.040000
9270.905019,-0.229224,-0.010733,-2.420000,1.510000
9271.005031,-0.235616,-0.018132,-2.280000,1.550000
9271.104998,-0.224307,0.008430,-2.050000,1.340000
9271.205003,-0.198921,-0.008090,-1.980000,0.890000
9271.305024,-0.183670,0.030495,-1.980000,0.480000
9271.404999,-0.171808,0.024874,-2.060000,0.220000
9271.505000,-0.174232,0.011622,-2.100000,-0.100000
9271.605007,-0.165341,0.025310,-2.070000,-0.250000
9271.705038,-0.136036,-0.004829,-2.150000,-0.040000
9271.805005,-0.138315,-0.004996,-2.250000,0.110000
9271.905027,-0.132199,-0.005343,-2.370000,0.380000
9272.004972,-0.098738,-0.026875,-2.630000,0.580000
9272.104983,-0.071409,0.002913,-2.810000,0.760000
9272.204974,-0.031954,-0.031439,-2.950000,0.810000
9272.304976,-0.014113,-0.012488,-2.990000,0.590000
9272.405005,-0.003270,-0.015359,-2.950000,0.440000
9272.504992,0.021048,-0.000046,-3.080000,0.350000
9272.604975,0.069252,-0.000683,-3.090000,0.500000
9272.704999,0.090200,-0.037148,-3.200000,0.620000
9272.805012,0.119957,-0.011969,-3.280000,0.950000
9272.905002,0.161702,-0.036572,-3.410000,1.260000
9273.005001,0.182919,-0.013432,-3.360000,1.400000
9273.105007,0.195475,0.004893,-3.060000,1.460000
9273.205010,0.207206,0.024711,-2.610000,1.230000
9273.304973,0.238579,0.040757,-1.840000,1.050000
9273.404979,0.249180,0.031974,-1.240000,0.700000
9273.504990,0.256075,0.059906,-0.800000,0.490000
9273.605015,0.250914,0.051131,-0.580000,0.440000
9273.705004,0.220868,0.067254,-0.450000,0.310000
9273.804989,0.182770,0.052129,-0.380000,0.160000
9273.905002,0.158125,0.077619,-0.400000,0.040000
9274.005005,0.152052,0.066308,-0.540000,-0.020000
9274.104999,0.143699,0.077068,-0.690000,-0.200000
9274.205003,0.146871,0.049368,-0.900000,-0.370000
9274.304988,0.130048,0.067921,-1.080000,-0.390000
9274.405021,0.130634,0.059515,-1.250000,-0.250000
9274.504978,0.090199,0.029743,-1.310000,-0.330000
9274.604975,0.057420,0.035749,-1.270000,-0.390000
9274.704996,0.074204,0.035305,-1.180000,-0.320000
9274.804976,0.075631,0.002775,-1.110000,-0.430000
9274.905002,0.083717,0.015343,-1.030000,-0.480000
9275.004973,0.028512,0.001425,-0.950000,-0.430000
9275.104979,0.060071,-0.012821,-1.090000,-0.320000
9275.204999,0.039981,-0.008851,-1.140000,-0.320000
9275.305005,0.050585,-0.016577,-1.160000,-0.080000
9275.405008,0.018585,-0.015519,-1.230000,-0.100000
9275.505049,-0.013340,-0.017918,-1.200000,-0.140000
9275.605023,-0.006618,-0.022810,-1.340000,-0.070000
9275.705003,-0.000521,-0.014711,-1.420000,-0.110000
9275.804983,0.018348,-0.039766,-1.480000,-0.110000
9275.905009,0.025916,-0.020528,-1.490000,-0.020000
9276.004990,0.019895,-0.032461,-1.450000,0.080000
9276.104998,0.011508,-0.027845,-1.370000,0.070000
9276.205001,-0.022941,-0.048121,-1.320000,-0.010000
9276.304983,-0.037626,-0.045135,-1.320000,0.010000
9276.404997,-0.011842,-0.037772,-1.380000,0.030000
9276.504994,-0.011704,-0.030105,-1.320000,0.030000
9276.605001,-0.012550,-0.036141,-1.300000,-0.130000
9276.704988,-0.000645,-0.045878,-1.340000,-0.170000
9276.804997,-0.037123,-0.062999,-1.290000,-0.110000
9276.905028,-0.031221,-0.053633,-1.330000,-0.050000
9277.005013,-0.001572,-0.035732,-1.280000,0.150000
9277.104998,-0.032989,-0.053793,-1.180000,0.360000
9277.204996,-0.042875,-0.035545,-1.310000,0.490000
9277.304987,-0.036396,-0.015339,-1.240000,0.390000
9277.404980,-0.008607,-0.036186,-1.220000,0.210000
9277.504976,-0.045195,-0.016374,-1.110000,-0.070000
9277.604994,-0.026883,-0.039112,-1.070000,-0.110000
9277.705000,-0.033240,-0.021566,-1.020000,-0.220000
9277.805009,-0.032055,-0.037322,-1.000000,-0.040000
9277.905011,-0.046403,-0.034926,-1.030000,0.000000
9278.004979,-0.061839,-0.049700,-1.080000,0.070000
9278.105011,-0.047002,-0.021260,-1.210000,0.110000
9278.205010,-0.015718,-0.032441,-1.260000,0.050000
9278.305013,-0.039678,-0.029009,-1.320000,0.110000
9278.405024,-0.081956,-0.047572,-1.250000,0.230000
9278.505025,-0.062793,-0.027628,-1.460000,0.420000
9278.605022,-0.054487,-0.011185,-1.450000,0.490000
9278.705002,-0.041910,-0.024312,-1.560000,0.500000
9278.805010,-0.064782,-0.000035,-1.500000,0.350000
9278.905022,-0.056456,-0.004293,-1.450000,0.440000
9279.005016,-0.047674,0.012551,-1.360000,0.600000
9279.104994,-0.045962,0.015641,-1.240000,0.740000
9279.205003,-0.040728,0.022043,-1.310000,0.790000
9279.305005,-0.038344,0.027961,-1.380000,0.830000
9279.404974,-0.077404,0.041632,-1.250000,0.700000
9279.504980,-0.023824,0.054569,-1.310000,0.580000
9279.605005,-0.050963,0.068143,-1.360000,0.460000
9279.704976,-0.007832,0.027540,-1.410000,0.120000
9279.804978,-0.038865,0.034063,-1.670000,-0.170000
9279.905005,-0.036001,0.049167,-1.660000,-0.350000
9280.004999,-0.050038,-0.011381,-1.530000,-0.350000
9280.105009,-0.054932,0.012741,-1.270000,-0.200000
9280.204976,-0.067416,0.014110,-1.180000,0.050000
9280.304978,-0.061850,-0.000672,-1.090000,0.300000
9280.404974,-0.035744,0.001882,-1.160000,0.570000
9280.505005,-0.042002,0.017071,-1.230000,0.690000
9280.605017,-0.024646,0.035189,-1.460000,0.740000
9280.704997,-0.021900,0.018694,-1.610000,0.590000
9280.805012,-0.016538,0.061213,-1.560000,0.430000
9280.904980,-0.027446,0.041267,-1.470000,0.080000
9281.004998,-0.015575,0.033918,-1.380000,0.060000
9281.105000,-0.066926,0.032938,-1.420000,-0.020000
9281.205025,-0.016883,0.057065,-1.420000,-0.100000
9281.305003,-0.030960,0.041468,-1.490000,0.070000
9281.405010,-0.003940,0.021786,-1.760000,0.220000
9281.504996,-0.002914,0.044998,-1.830000,0.270000
9281.605010,-0.006901,0.032205,-1.800000,0.300000
9281.704998,0.019878,0.039011,-1.810000,0.220000
9281.805011,-0.006082,-0.003223,-1.880000,-0.020000
9281.904977,0.010262,0.045328,-1.890000,-0.160000
9282.005016,0.042899,0.017628,-1.850000,-0.260000
9282.105007,0.018786,-0.013652,-1.770000,-0.550000
9282.205004,0.020397,-0.023753,-1.500000,-0.680000
9282.305002,0.027765,-0.041526,-1.270000,-1.010000
9282.405000,0.033830,-0.027595,-1.010000,-0.970000
9282.505005,0.009706,-0.058912,-0.960000,-0.910000
9282.605017,-0.026172,-0.067973,-0.800000,-0.580000
9282.704976,0.001144,-0.095889,-0.750000,-0.310000
9282.805007,-0.009648,-0.118877,-0.690000,0.090000
9282.905013,-0.035107,-0.099046,-0.880000,0.490000
9283.005005,-0.027871,-0.109267,-1.040000,0.880000
9283.105005,-0.030456,-0.059845,-1.110000,1.100000
9283.205013,-0.012653,-0.080833,-1.150000,1.130000
9283.305024,-0.069142,-0.068500,-1.150000,1.150000
9283.404975,-0.013783,-0.051624,-1.420000,1.070000
9283.504981,-0.008871,-0.010352,-1.530000,0.710000
9283.605013,-0.028550,-0.015108,-1.530000,0.670000
9283.704999,-0.001916,-0.033747,-1.650000,0.580000
9283.805007,0.009027,-0.025300,-1.510000,0.440000
9283.905008,-0.021579,-0.010636,-1.360000,0.560000
9284.005000,0.013423,-0.024297,-1.470000,0.590000
9284.105063,0.020544,-0.012224,-1.360000,0.320000
9284.204998,0.017575,-0.037070,-1.310000,0.290000
9284.304981,0.014440,-0.030356,-1.300000,0.270000
9284.405011,0.017402,0.004866,-1.030000,0.270000
9284.505016,-0.005183,-0.024526,-0.850000,0.350000
9284.604985,-0.002754,0.012581,-0.790000,0.670000
9284.705003,0.031194,-0.001538,-0.770000,1.020000
9284.805006,-0.045482,0.025122,-0.890000,1.180000
9284.905001,-0.030989,0.019523,-1.080000,1.220000
9285.005006,-0.028898,0.065204,-1.110000,0.890000
9285.105001,-0.017559,0.056388,-1.070000,0.630000
9285.205006,-0.046968,0.048978,-0.900000,0.220000
9285.304981,-0.019567,0.071430,-1.170000,-0.050000
9285.405021,0.016039,0.055055,-1.410000,-0.210000
9285.504976,-0.029533,0.050682,-1.670000,-0.160000
9285.605003,-0.038882,0.010908,-1.790000,0.070000
9285.704972,-0.035663,0.052491,-1.820000,0.460000
9285.805008,-0.022479,0.032540,-1.710000,0.500000
9285.904975,0.007588,0.053361,-1.520000,0.550000
9286.005000,-0.034253,0.034360,-1.410000,0.310000
9286.105001,0.018884,0.045888,-1.440000,0.310000
9286.205007,0.047268,0.028586,-1.510000,0.150000
9286.305020,0.034391,0.012740,-1.380000,0.440000
9286.404998,-0.018210,0.038874,-1.230000,0.390000
9286.504999,0.014143,0.050023,-0.950000,0.350000
9286.605046,0.038456,0.015125,-0.680000,0.000000
9286.705051,0.021927,0.030341,-0.660000,-0.100000
9286.805029,-0.032878,0.026969,-0.710000,-0.270000
9286.905026,-0.018172,0.036562,-1.010000,-0.210000
9287.004977,-0.007410,0.021425,-1.070000,-0.120000
9287.104995,-0.008926,0.015948,-1.310000,-0.060000
9287.204987,-0.004479,0.014662,-1.460000,0.070000
9287.305028,-0.046449,-0.001190,-1.370000,0.010000
9287.405005,-0.055274,0.013157,-1.340000,-0.010000
9287.505005,-0.023702,-0.016674,-1.470000,-0.120000
9287.605017,-0.036886,0.001717,-1.470000,-0.180000
9287.705012,0.000632,-0.044944,-1.570000,0.010000
9287.805024,-0.003613,-0.014364,-1.530000,0.140000
9287.905014,-0.020124,-0.006743,-1.320000,0.190000
9288.005000,-0.012938,0.003949,-1.350000,0.220000
9288.105006,-0.032279,-0.000088,-1.190000,0.200000
9288.205004,-0.034069,-0.000742,-1.290000,0.170000
9288.305002,-0.035516,-0.006461,-1.330000,0.140000
9288.405000,-0.006882,0.002113,-1.540000,-0.130000
9288.505005,-0.000807,-0.016595,-1.620000,-0.130000
9288.604980,-0.059796,-0.031733,-1.650000,-0.270000
9288.705005,-0.013785,-0.011411,-1.440000,0.020000
9288.804987,-0.009190,-0.034282,-1.040000,0.210000
9288.904983,-0.014327,-0.044234,-0.730000,0.590000
9289.005001,-0.030362,-0.012405,-0.770000,0.920000
9289.105021,-0.033010,-0.011649,-0.930000,0.900000
9289.205017,-0.016358,0.009639,-1.450000,0.800000
9289.305017,-0.068197,0.004926,-1.790000,0.460000
9289.405005,-0.026324,0.018340,-1.940000,0.520000
9289.505000,0.023266,0.005540,-1.950000,0.440000
9289.605010,0.030218,0.018623,-1.710000,0.610000
9289.704986,0.010661,-0.001376,-1.670000,0.610000
9289.804987,-0.022061,0.023419,-1.660000,0.490000
9289.905023,0.027935,0.002908,-1.820000,0.470000
9290.005006,0.046668,0.005707,-1.720000,0.390000
9290.104999,0.067943,0.033631,-1.340000,0.390000
9290.205001,0.079385,0.008810,-1.230000,0.380000
9290.305001,0.036389,0.010997,-1.120000,0.370000
9290.404975,0.032384,0.012422,-0.920000,0.440000
9290.505003,0.004796,0.002539,-0.820000,0.150000
9290.605006,-0.003520,0.030691,-0.840000,-0.190000
9290.704990,0.023422,0.006089,-0.950000,-0.400000
9290.805018,0.007698,-0.008063,-1.160000,-0.320000
9290.904979,0.019394,0.015774,-1.030000,-0.070000
9291.004999,0.029642,0.003124,-0.900000,0.430000
9291.105002,0.010721,-0.014587,-0.870000,0.870000
9291.204993,0.011692,0.012267,-0.760000,0.960000
9291.304997,0.041591,0.003950,-0.890000,0.720000
9291.404996,0.025532,0.027838,-1.140000,0.230000
9291.505010,0.024669,0.041615,-1.290000,-0.080000
9291.605009,0.034374,0.035750,-1.300000,-0.040000
9291.704986,0.018584,-0.018425,-1.090000,0.030000
9291.805010,0.009638,0.001035,-0.790000,0.230000
9291.904985,0.000954,0.029720,-0.600000,0.330000
9292.004998,0.018751,-0.004161,-0.590000,0.250000
9292.104973,-0.014624,0.026713,-0.650000,0.120000
9292.204979,-0.005185,0.034085,-0.790000,0.040000
9292.305001,-0.021947,0.027720,-0.940000,0.050000
9292.405002,-0.046441,-0.008262,-1.090000,0.010000
9292.504980,-0.051043,0.003203,-1.240000,0.060000
9292.605008,-0.064923,0.041801,-1.240000,-0.040000
9292.705014,-0.024921,0.035402,-1.060000,0.000000
9292.804975,0.005198,0.011382,-0.850000,0.010000
9292.904977,-0.030594,-0.022629,-0.820000,-0.190000
9293.005001,-0.036375,0.003341,-0.860000,-0.360000
9293.104997,-0.051512,0.022707,-0.980000,-0.340000
9293.205001,-0.036122,-0.002564,-1.000000,-0.250000
9293.304998,-0.016827,-0.033476,-1.070000,-0.250000
9293.405008,-0.028339,-0.030113,-1.040000,-0.130000
9293.505000,-0.069330,-0.035572,-0.890000,0.090000
9293.604994,-0.074233,-0.063829,-0.850000,0.420000
9293.705029,-0.084731,-0.037527,-0.970000,0.800000
9293.805004,-0.064809,0.003374,-1.010000,0.980000
9293.905001,-0.027692,-0.023671,-1.040000,0.840000
9294.005003,-0.043065,0.010017,-1.030000,0.560000
9294.104996,-0.021972,0.028007,-1.080000,0.570000
9294.205028,-0.022824,-0.016201,-1.410000,0.500000
9294.305005,-0.058274,0.013685,-1.460000,0.590000
9294.405004,-0.056780,0.018170,-1.240000,0.910000
9294.504978,-0.020047,0.015570,-1.200000,1.130000
9294.604977,-0.029402,0.059825,-1.150000,1.140000
9294.704997,0.012797,0.062624,-1.020000,1.050000
9294.804995,0.011189,0.066056,-0.950000,0.870000
9294.905008,-0.010012,0.091052,-0.770000,0.750000
9295.005001,-0.005510,0.068843,-0.720000,0.870000
9295.105000,-0.066186,0.098363,-0.740000,0.930000
9295.204976,-0.060482,0.110635,-0.970000,0.920000
9295.305007,-0.025713,0.097658,-1.490000,0.370000
9295.405003,-0.015555,0.106945,-1.700000,-0.400000
9295.505000,-0.020647,0.092908,-1.640000,-0.840000
9295.605007,-0.008286,0.039009,-1.670000,-0.940000
9295.705014,-0.039558,0.040516,-1.560000,-0.880000
9295.804991,-0.014233,0.043136,-1.630000,-0.400000
9295.905012,-0.014692,-0.008948,-1.570000,-0.110000
9296.004993,-0.028284,0.017607,-1.440000,-0.050000
9296.105026,-0.000550,-0.014929,-1.480000,0.090000
9296.205007,-0.029581,0.005565,-1.530000,0.030000
9296.305021,-0.009737,-0.029390,-1.680000,-0.060000
9296.404996,0.010398,0.005399,-1.870000,-0.140000
9296.505010,0.017111,-0.049039,-1.840000,-0.270000
9296.605000,0.009125,-0.021872,-1.730000,-0.350000
9296.704981,0.027118,-0.062346,-1.800000,-0.370000
9296.805002,-0.002728,-0.049009,-1.730000,-0.390000
9296.905008,0.056413,-0.090286,-1.750000,-0.320000
9297.004979,0.055752,-0.069497,-1.670000,-0.230000
9297.104975,0.059834,-0.118675,-1.580000,0.020000
9297.205010,0.000933,-0.077524,-1.430000,0.190000
9297.305002,0.060558,-0.091482,-1.500000,0.580000
9297.404974,0.051059,-0.081927,-1.390000,0.780000
9297.504991,0.081912,-0.082619,-1.360000,1.090000
9297.605038,0.027940,-0.084027,-1.210000,1.160000
9297.704973,0.059289,-0.035107,-1.110000,1.210000
9297.804998,0.058033,-0.025439,-1.080000,0.920000
9297.904980,0.058906,-0.008744,-0.990000,0.890000
9298.004978,0.062971,-0.045552,-0.940000,0.810000
9298.105004,0.037782,0.000693,-0.930000,0.900000
9298.205011,0.046840,0.013391,-0.990000,0.920000
9298.305006,0.039763,0.013068,-1.170000,0.930000
9298.405002,0.048095,0.043063,-1.150000,0.800000
9298.505003,0.029375,0.021526,-1.050000,0.490000
9298.604997,0.025750,0.053405,-1.050000,0.190000
9298.704977,0.036986,0.055606,-1.020000,-0.080000
9298.805011,0.045971,0.031875,-1.010000,-0.320000
9298.905026,0.046949,0.056707,-1.180000,-0.340000
9299.005031,0.014340,0.048396,-1.100000,-0.210000
9299.104977,0.000949,0.008854,-1.150000,-0.100000
9299.204975,-0.015531,0.049652,-1.240000,0.000000
9299.305047,0.007057,0.028569,-1.340000,0.060000
9299.405018,0.011730,0.029653,-1.390000,-0.010000
9299.505009,0.027420,0.040615,-1.330000,-0.090000
9299.605010,0.044259,0.009309,-1.330000,-0.160000
9299.705003,0.020054,0.016858,-1.270000,-0.110000
9299.805002,0.004468,0.023044,-1.160000,0.080000
9299.905006,0.016863,-0.005486,-1.240000,0.090000
9300.005008,0.006133,0.020550,-1.320000,0.000000
9300.104974,0.022517,0.032337,-1.230000,-0.190000
9300.205001,0.030019,-0.011416,-1.060000,-0.390000
9300.305007,-0.005664,-0.015065,-0.900000,-0.450000
9300.405015,-0.035281,0.005921,-0.840000,-0.460000
9300.505001,-0.005145,-0.027104,-1.070000,-0.390000
9300.605012,0.008956,-0.014264,-1.040000,-0.450000
9300.704998,-0.005887,-0.032644,-0.990000,-0.210000
9300.805024,-0.033250,-0.039548,-1.250000,-0.120000
9300.905005,-0.056044,-0.021242,-1.330000,-0.230000
9301.005007,-0.025033,-0.057494,-1.680000,-0.330000
9301.104989,-0.031303,-0.063177,-1.690000,-0.500000
9301.205004,-0.006499,-0.081919,-1.620000,-0.200000
9301.304977,-0.026833,-0.066492,-1.510000,-0.140000
9301.405001,-0.015966,-0.071101,-1.420000,0.260000
9301.505002,-0.022252,-0.092933,-1.380000,0.310000
9301.605005,0.001029,-0.079581,-1.520000,0.540000
9301.704973,-0.011767,-0.087566,-1.510000,0.450000
9301.805015,0.002225,-0.069630,-1.480000,0.580000
9301.905027,-0.007080,-0.081872,-1.410000,0.570000
9302.005004,0.008967,-0.051781,-1.360000,0.830000
9302.104974,0.008890,-0.047380,-1.410000,1.050000
9302.204976,0.006647,-0.033711,-1.180000,1.230000
9302.305003,0.004229,-0.000056,-1.160000,1.230000
9302.404973,0.003015,-0.010705,-1.050000,1.180000
9302.505008,0.016264,0.029373,-1.110000,0.890000
9302.605003,0.019233,0.018501,-1.310000,0.630000
9302.705017,-0.028115,0.055013,-1.380000,0.230000
9302.804976,0.007810,0.026338,-1.550000,0.160000
9302.905001,0.005489,0.034842,-1.420000,0.180000
9303.005016,0.011389,0.004547,-1.330000,0.390000
9303.105003,-0.013003,0.030644,-1.190000,0.560000
9303.204996,0.019245,0.038817,-1.270000,0.740000
9303.305033,0.020666,0.054942,-1.290000,0.570000
9303.404991,0.032893,0.039920,-1.330000,0.540000
9303.505002,-0.034633,0.047213,-1.350000,0.340000
9303.605008,0.017909,0.072205,-1.500000,0.250000
9303.705000,0.017368,0.075900,-1.570000,-0.100000
9303.804980,0.028583,0.064398,-1.630000,-0.230000
9303.905027,-0.003577,0.046777,-1.690000,-0.210000
9304.005007,0.004822,0.042102,-1.650000,-0.260000
9304.105002,0.009454,0.024541,-1.770000,-0.320000
9304.205015,0.001623,0.018296,-1.700000,-0.330000
9304.304976,0.018233,-0.013135,-1.820000,-0.120000
9304.405003,0.026479,0.012157,-1.740000,-0.030000
9304.505004,0.040649,-0.018419,-1.810000,0.310000
9304.605061,-0.020999,-0.007962,-1.700000,0.370000
9304.704997,0.031673,-0.014636,-1.870000,0.520000
9304.805009,0.024420,0.019222,-1.740000,0.410000
9304.905005,0.046365,-0.001652,-1.740000,0.390000
9305.005005,0.020043,0.011298,-1.540000,0.360000
9305.105023,0.057051,-0.002391,-1.570000,0.420000
9305.205004,0.060943,0.005032,-1.340000,0.280000
9305.305007,0.049399,-0.014449,-1.320000,0.300000
9305.405006,0.008855,0.002622,-1.120000,0.410000
9305.505000,0.042468,0.006681,-1.100000,0.470000
9305.604979,0.066121,0.006911,-1.060000,0.420000
9305.705007,0.018839,0.014483,-1.240000,0.260000
9305.804988,0.033324,0.000907,-1.500000,0.280000
9305.904977,0.046625,0.018057,-1.570000,0.320000
9306.005007,0.044229,-0.000969,-1.530000,0.240000
9306.104974,0.049256,0.037721,-1.380000,0.210000
9306.204999,0.020967,0.002413,-1.320000,0.120000
9306.305049,0.008737,0.008071,-1.170000,0.100000
9306.405000,0.032179,0.025566,-1.180000,0.100000
9306.505008,0.050933,0.025270,-1.120000,0.040000
9306.605001,0.036560,-0.007858,-1.290000,0.130000
9306.704978,-0.006041,-0.004526,-1.260000,0.130000
9306.804997,-0.005073,0.009194,-1.460000,0.180000
9306.905001,0.019128,0.020445,-1.270000,-0.010000
9307.004973,0.042970,-0.003975,-1.240000,-0.160000
9307.105001,-0.007876,-0.001489,-1.150000,-0.230000
9307.205051,0.002020,-0.021613,-1.230000,-0.150000
9307.305008,0.002344,-0.009790,-1.240000,-0.010000
9307.405011,0.010856,0.000718,-1.170000,0.390000
9307.505035,0.022500,-0.014068,-1.210000,0.690000
9307.605006,-0.008830,-0.017921,-0.950000,0.720000
9307.704972,-0.013808,-0.001794,-0.890000,0.600000
9307.805003,-0.016630,0.028950,-0.970000,0.360000
9307.905010,0.001251,0.030941,-0.990000,0.060000
9308.004974,-0.012388,0.009816,-1.080000,-0.370000
9308.105001,-0.004623,0.014101,-1.180000,-0.540000
9308.205005,0.015098,-0.004489,-1.410000,-0.310000
9308.305006,0.000689,0.013197,-1.630000,-0.030000
9308.404975,0.013593,0.013721,-1.690000,0.280000
9308.505004,0.022511,-0.015628,-1.700000,0.370000
9308.605003,0.015617,-0.011961,-1.600000,0.210000
9308.705030,0.032245,-0.012852,-1.340000,0.090000
9308.805007,0.023832,-0.005999,-1.090000,-0.120000
9308.905002,0.023086,-0.003271,-0.850000,-0.290000
9309.004978,0.032987,-0.011911,-0.810000,-0.400000
9309.105004,0.012023,-0.030501,-0.710000,-0.340000
9309.205000,-0.017521,-0.013534,-0.580000,-0.290000
9309.305032,-0.013006,-0.029817,-0.620000,-0.250000
9309.405015,-0.023581,-0.032040,-0.660000,-0.300000
9309.505001,-0.028216,-0.026387,-0.870000,-0.220000
9309.604975,-0.031406,-0.018718,-1.000000,0.090000
9309.704999,-0.054350,-0.020606,-1.080000,0.290000
9309.805014,-0.069494,-0.011537,-1.130000,0.540000
9309.905006,-0.070695,-0.019057,-1.340000,0.640000
9310.005008,-0.042971,0.002584,-1.570000,0.620000
9310.105004,-0.021256,0.000906,-1.740000,0.530000
9310.204977,-0.024871,0.012714,-1.850000,0.310000
9310.305009,-0.021443,0.007357,-1.790000,0.050000
9310.404999,0.011596,-0.004137,-1.690000,-0.020000
9310.505014,-0.020837,-0.019963,-1.620000,-0.280000
9310.604975,-0.031922,0.000770,-1.640000,-0.310000
9310.704972,0.006526,0.000333,-1.630000,-0.160000
9310.805001,0.026614,-0.026251,-1.700000,-0.120000
9310.905014,0.018307,-0.024103,-1.740000,0.070000
9311.004994,-0.007426,-0.022035,-1.750000,0.310000
9311.104999,0.003175,-0.014223,-1.780000,0.540000
9311.204998,0.031689,-0.002663,-1.500000,0.400000
9311.305000,0.042136,-0.013291,-1.290000,0.150000
9311.404995,0.013554,-0.013874,-1.190000,-0.080000
9311.504999,0.003702,-0.027249,-1.250000,-0.160000
9311.605001,0.025062,-0.010092,-1.270000,-0.060000
9311.705000,0.044627,-0.023850,-1.300000,0.080000
9311.804974,0.008800,-0.011766,-1.310000,0.130000
9311.905013,0.009650,-0.022519,-1.360000,0.330000
9312.005006,0.004452,-0.002041,-1.320000,0.200000
9312.104973,0.025469,-0.007465,-1.340000,0.250000
9312.204985,-0.010271,-0.000327,-1.430000,0.060000
9312.304977,0.023271,-0.009943,-1.550000,-0.030000
9312.405002,0.014462,-0.012405,-1.710000,0.080000
9312.504997,0.001244,-0.011550,-1.900000,0.340000
9312.605007,0.008957,0.002530,-1.980000,0.300000
9312.705003,0.023454,-0.017155,-1.970000,0.300000
9312.804982,0.037401,0.004531,-2.020000,0.140000
9312.904988,0.058137,-0.018206,-1.900000,0.020000
9313.005018,0.045890,-0.020092,-1.840000,0.010000
9313.105006,0.054897,-0.000952,-1.960000,0.140000
9313.204988,0.063940,0.003585,-1.880000,0.030000
9313.304976,0.095263,-0.009235,-1.770000,0.230000
9313.405000,0.062401,-0.001133,-1.690000,0.230000
9313.505002,0.081035,-0.020260,-1.620000,0.190000
9313.605038,0.089087,0.002436,-1.650000,0.010000
9313.704998,0.064516,-0.009179,-1.630000,-0.170000
9313.805011,0.079086,-0.003379,-1.650000,-0.290000
9313.905007,0.086422,-0.012650,-1.500000,-0.270000
9314.005000,0.054472,-0.018232,-1.330000,-0.260000
9314.105008,0.069405,-0.002882,-1.220000,-0.130000
9314.205007,0.080893,-0.024748,-1.100000,-0.140000
9314.304976,0.025238,-0.019475,-1.000000,-0.280000
9314.405009,0.039602,-0.022252,-1.000000,-0.310000
9314.505001,0.052228,-0.018494,-0.980000,-0.010000
9314.605003,0.022723,-0.030945,-1.010000,0.420000
9314.704980,0.018486,-0.010041,-0.920000,0.520000
9314.804975,-0.003943,-0.011439,-0.810000,0.450000
9314.905001,0.002625,0.005625,-0.990000,0.220000
9315.005000,0.008167,-0.009010,-1.170000,0.000000
9315.104996,-0.007003,0.006600,-1.220000,-0.330000
9315.204988,0.010548,-0.017809,-1.260000,-0.470000
9315.305003,-0.009520,-0.003213,-1.360000,-0.380000
9315.405004,-0.000168,-0.013204,-1.360000,-0.130000
9315.504992,-0.023427,-0.003839,-1.380000,0.140000
9315.605003,-0.020862,-0.000922,-1.280000,0.350000
9315.705008,-0.009922,0.002436,-1.500000,0.140000
9315.805007,-0.003311,0.009014,-1.730000,-0.520000
9315.904977,-0.016078,-0.025954,-1.790000,-1.060000
9316.005006,0.009499,-0.034341,-1.700000,-1.020000
9316.105000,-0.000119,-0.032607,-1.720000,-0.370000
9316.205009,0.002870,-0.059051,-1.770000,0.320000
9316.304977,0.018616,-0.042783,-1.970000,0.760000
9316.405007,0.009620,-0.025110,-2.060000,0.740000
9316.504975,0.043163,-0.026187,-2.060000,0.510000
9316.604979,0.046279,-0.011753,-1.760000,0.260000
9316.704991,0.064306,-0.002072,-1.330000,0.210000
9316.804981,0.063071,0.006987,-1.400000,0.300000
9316.904978,0.077290,0.006243,-1.820000,0.250000
9317.004976,0.078988,-0.006320,-1.900000,0.240000
9317.105005,0.065640,0.008321,-1.610000,0.040000
9317.205006,-0.017569,-0.021889,-1.430000,-0.510000
9317.304978,0.001222,-0.024422,-1.630000,0.060000
9317.405003,-0.026168,-0.029085,-1.550000,-0.050000
9317.504972,-0.048859,-0.019490,-1.190000,-0.270000
9317.605052,-0.001451,0.018905,-1.040000,-0.330000
9317.705050,0.008820,0.014542,-0.990000,-0.250000
9317.805017,-0.005801,0.010079,-1.060000,-0.190000
9317.905009,-0.002416,0.009905,-1.090000,-0.260000
9318.005005,0.006648,0.026020,-1.170000,-0.240000
9318.105010,-0.020437,0.013308,-1.150000,-0.180000
9318.204995,-0.002723,0.016860,-1.150000,-0.240000
9318.305011,-0.003365,0.027667,-1.130000,-0.250000
9318.405024,-0.009318,0.023877,-1.160000,-0.250000
9318.505009,-0.022319,0.037833,-1.080000,-0.260000
9318.605013,-0.012740,0.038289,-0.950000,-0.290000
9318.705003,-0.002891,0.037876,-0.930000,-0.290000
9318.805001,-0.010920,0.044499,-0.960000,-0.270000
9318.905011,-0.009754,0.044124,-0.930000,-0.270000
9319.004993,-0.005056,0.049079,-0.930000,-0.270000
9319.105021,-0.006046,0.051100,-0.920000,-0.260000
9319.205002,0.001373,0.053932,-0.930000,-0.260000
9319.304994,0.001589,0.057819,-0.940000,-0.250000
9319.404980,-0.000819,0.060306,-0.950000,-0.260000
9319.504981,0.000009,0.062557,-0.940000,-0.260000
9319.605010,0.000603,0.065784,-0.910000,-0.260000
9319.705057,0.003788,0.066469,-0.920000,-0.270000
9319.804988,-0.000473,0.070901,-0.920000,-0.270000
9319.905009,0.001971,0.072113,-0.890000,-0.280000
9320.004967,0.002424,0.071721,-0.900000,-0.260000
9320.104969,0.002812,0.075493,-0.870000,-0.270000
9320.204997,0.005977,0.075725,-0.880000,-0.270000
9320.304995,0.004548,0.076629,-0.870000,-0.260000
9320.404977,0.003093,0.078382,-0.870000,-0.260000
9320.504996,0.002591,0.078661,-0.870000,-0.260000
9320.604986,0.005047,0.081288,-0.860000,-0.250000
9320.704968,0.005913,0.080501,-0.870000,-0.250000
9320.805001,0.011123,0.083486,-0.870000,-0.250000
9320.904971,0.011137,0.085389,-0.860000,-0.250000
9321.005015,0.012496,0.084434,-0.860000,-0.250000
9321.104973,0.013192,0.086328,-0.860000,-0.250000
9321.205001,0.011333,0.086506,-0.860000,-0.250000
9321.304969,0.011941,0.088261,-0.860000,-0.250000
