time_s,vx_ms,vy_ms,vertical_speed_ms,pitch_deg,roll_deg,power_w,rpm
4.67484,-0.005873,-0.003096,0.001761,-1.64,0.36,87.309,257.619048
5.276119,0.000954,-0.000117,0.003087,-1.66,0.37,28.508,703.333333
6.027719,0.002052,-0.001091,-0.010094,-1.62,0.34,29.493,701.190476
6.779318,0.001411,-0.003005,-0.016665,-1.61,0.28,30.23,701.428571
7.530917,0.002044,-0.014541,-0.021207,-1.64,0.33,28.999,703.571429
8.282516,0.002413,-0.014841,0.00178,-1.59,0.37,228.34,755.714286
9.034115,-0.093548,-0.37614,0.88906,-0.75,0.48,101.498,910
9.785714,-0.122404,-0.246639,1.246073,-4.05,0.09,119.234,925.238095
10.537313,-0.083785,-0.130656,1.344596,-3.02,0.04,1127.069,2430.714286
11.288913,-0.048908,-0.043177,1.360765,-3.54,-0.9,978.226,2223.809524
12.040512,0.014783,0.188019,1.399542,-4.66,0.79,950.037,2241.666667
12.792111,-0.169379,-0.007622,1.424612,-1.41,-1.11,949.661,2197.619048
13.54371,-0.323536,0.757793,1.494337,-9.52,2.42,858.949,2218.571429
14.295309,-0.638682,1.673555,1.508551,-6.96,1.77,907.062,2175.952381
15.046908,-1.018312,1.438496,0.513644,1.77,-3.99,895.419,2258.809524
15.798507,-0.48537,0.326713,0.356394,4.88,-8.29,952.557,2292.142857
16.5,-0.104653,-0.45924,0.379904,-0.93,-2.28,679.75,2042.619048
17.251599,0.146498,0.009304,0.337839,-10.5,-1.02,906.966,2145.714286
18.003198,0.297914,0.971232,0.310334,-10.8,-1.59,790.456,2185.47619
18.754797,0.528743,1.85407,0.295177,-10.48,-1.28,928.758,2227.142857
19.506397,0.421377,2.389529,0.355357,-3.97,0.15,879.213,2168.333333
20.257996,0.230976,1.590758,0.199092,3.39,-4.78,803.808,2175.714286
21.009595,-0.000568,0.24146,0.317522,6.57,-2.02,660.152,2120.952381
21.761194,-0.270156,-0.622231,0.245943,-0.98,-0.68,673.545,2077.380952
22.512793,-0.166201,-0.170514,0.247982,-9.57,-2.47,698.469,2143.571429
23.264392,0.175703,0.291369,0.224907,-4.8,-3.17,866.982,2215.952381
24.015991,0.229837,0.125052,0.196633,-1.75,-0.95,892.117,2240.952381
24.767591,0.035915,0.058864,0.226865,-2.45,-0.72,870.779,2194.285714
25.51919,0.032224,-0.005381,0.22675,-2.71,-1.51,826.764,2200.952381
26.270789,-0.067075,-0.02956,0.221285,-2.99,-1.48,883.198,2274.047619
27.022388,-0.00109,-0.031697,0.253846,-3.28,-2.16,806.678,2218.571429
27.773987,0.009892,-0.012925,0.21956,-2.88,-1.42,841.813,2247.619048
28.525586,-0.067647,0.051099,0.221703,-2.63,-1.27,873.864,2220.47619
29.277186,-0.000272,-0.003403,0.244057,-3.15,-2.29,786.07,2213.333333
30.028785,-0.034755,0.032146,0.217879,-2.8,-2.11,803.373,2250.952381
30.780384,0.040357,0.02861,0.185894,-3.23,-1.63,815.502,2230.952381
31.531983,0.054197,0.031102,0.230235,-2.6,-1.45,787.322,2230
32.283582,-0.014022,0.003298,0.259136,-2.96,-1.47,931.968,2232.619048
33.035181,0.005268,0.021605,0.372828,-3.18,-1.52,843.764,2224.047619
33.78678,-0.063404,0.051467,1.00412,-2.99,-1.71,778.57,2232.142857
34.53838,-0.071884,0.022613,1.132007,-2.05,-1.82,1013.257,2269.047619
35.289979,0.040621,-0.005055,1.210929,-2.66,-1.38,910.832,2291.190476
36.041578,0.011202,0.040118,1.240451,-2.92,-1.12,828.484,2217.142857
36.793177,-0.012783,0.006838,1.094824,-2.31,-1.42,894.957,2241.428571
37.544776,0.042205,-0.0297,0.664775,-3.16,-0.39,852.1,2218.333333
38.296375,-0.057468,0.004914,0.602636,-3.1,-0.86,753.524,2193.571429
39.047974,-0.023506,0.047367,0.581389,-3.11,-1.02,839.168,2201.904762
39.799574,-0.035049,0.038692,0.584232,-2.56,-1.09,836.546,2191.190476
40.501066,-0.003746,0.011434,0.57087,-2.54,-1.1,811.232,2192.142857
41.252665,-0.053216,0.000935,0.407619,-2.49,-1.89,903.183,2220.47619
42.004264,0.023682,-0.004788,0.232972,-3.16,-1.54,1004.248,2224.047619
42.755864,0.094326,0.010287,0.267054,-2.7,-1.49,747.485,2167.142857
43.507463,-0.002714,0.023685,0.245534,-2.68,-0.56,916.124,2225.714286
44.259062,0.003781,0.02849,0.242192,-1.81,-1.05,987.072,2245.714286
45.010661,0.051089,-0.026266,0.255576,-1.68,-1.08,825.735,2241.666667
45.76226,-0.01191,-0.04351,0.245592,-2.22,-0.85,1019.542,2268.333333
46.513859,-0.038215,-0.03383,0.227935,-2.61,-0.75,961.843,2238.333333
47.265458,0.024572,-0.015347,0.2473,-2.8,-0.57,850.003,2229.761905
48.017058,0.046227,-0.00017,0.183792,-2.58,0.12,928.644,2206.904762
48.768657,-0.019066,0.021417,0.192766,-2.1,0.42,844.914,2196.904762
49.520256,-0.042892,0.019285,0.183103,-3.38,-0.78,928.45,2181.190476
50.271855,0.004402,0.048752,0.154055,-2.61,0.36,890.35,2194.52381
51.023454,-0.035522,0.054979,0.166,-2.5,0.8,930.896,2119.047619
51.775053,-0.085543,0.03098,0.142377,-2.47,0,855.421,2184.047619
52.526652,-0.00985,0.035245,0.22929,-2.53,-0.81,826.453,2169.047619
53.278252,0.052931,0.009553,0.237424,-2.66,1.48,931.362,2199.761905
54.029851,-0.727312,0.245162,0.270624,-2.55,7.28,872.933,2204.761905
54.78145,-1.592664,0.470871,0.211561,-2.8,6.76,926.781,2151.428571
55.533049,-2.319035,0.644191,0.164634,-2.9,7.14,922.221,2173.095238
56.284648,-3.086543,0.805536,0.197206,-2.74,6.76,860.772,2143.571429
57.036247,-3.675103,0.95787,0.231613,-2.6,5.9,855.944,2115.238095
57.787846,-4.144941,1.040612,0.181477,-2.53,6.34,849.732,2139.761905
58.539446,-4.533572,1.182608,0.182284,-2.87,5.59,883.406,2151.666667
59.291045,-4.860365,1.215666,0.026384,-2.55,6.65,851.666,2129.52381
60.042644,-5.465201,1.34914,-0.137301,-2.46,7.9,641.513,2063.095238
60.794243,-6.005374,1.320906,-0.06319,-1.96,8.53,694.385,1994.047619
61.545842,-6.701117,1.347507,0.142001,-2.58,7.68,845.395,2083.333333
62.297441,-7.052935,1.3413,0.202457,-2.55,7.44,807.832,2071.428571
63.049041,-7.45532,1.391273,0.147244,-2.72,7.31,796.925,2119.047619
63.750533,-7.859519,1.363641,0.266868,-2.27,6.99,784.501,2076.428571
64.502132,-7.939857,1.322737,0.336014,-2.33,4.39,879.247,2097.857143
65.253731,-7.457713,1.141878,0.32372,-2.97,-0.79,849.687,2120
66.00533,-6.440183,1.255007,0.270073,-5.7,-6.48,741.8,2064.047619
66.75693,-4.684501,0.935436,0.208705,-2.35,-12.27,736.922,2074.52381
67.508529,-2.628571,0.486038,0.104905,-3.26,-15.64,761.97,2099.761905
68.260128,-0.795128,0.083477,0.174674,-3.26,-8.55,801.59,2060.952381
69.011727,-0.073219,-0.053841,0.175641,-3,-2,878.076,2136.904762
69.763326,0.074095,-0.110558,0.257882,-2.05,-5.55,945.19,2158.333333
70.514925,1.402025,-0.619341,0.32654,-1.13,-12.35,786.305,2158.095238
71.266525,2.834544,-1.127461,0.303391,-1.04,-15.63,836.354,2193.809524
72.018124,4.8245,-1.769403,0.338943,-0.92,-16.38,895.78,2216.904762
72.769723,6.301612,-2.163059,0.359989,-1.89,-15.81,1028.153,2259.52381
73.521322,7.74122,-2.616596,0.289511,-1.62,-14.77,1034.075,2310.952381
74.272921,8.697076,-3.081925,0.184887,-1.97,-15.53,1046.173,2267.380952
75.02452,9.77253,-3.528447,0.151739,-1.55,-15.09,989.166,2262.142857
75.776119,10.45204,-3.701869,0.069388,-1.71,-14.56,854.836,2129.047619
76.527719,10.820339,-3.92153,0.153265,-2.32,-11.21,809.008,2230.47619
77.279318,10.06839,-3.614041,0.150981,-4.49,1.64,1021.987,2069.761905
78.030917,8.309016,-2.588365,0.160855,-8.88,7.89,788.812,2216.904762
78.832623,6.281446,-1.655197,0.257887,-4.31,12.38,526.509,2063.095238
79.534115,4.020164,-1.04562,0.264625,-4.79,17.31,733.81,1994.047619
80.285714,2.982939,-0.625138,0.367883,-5.67,-2.25,586.402,2080.238095
81.037313,3.204412,-0.494238,0.33863,-4.88,-2.29,953.128,2261.190476
81.788913,3.311118,0.060743,0.293757,-9.22,-1.07,797.374,2300.952381
82.540512,3.31508,0.856485,0.231396,-9.86,-0.89,974.142,2235.238095
83.292111,3.38777,1.546281,0.333148,-10.21,-1.6,915.507,2314.52381
84.04371,2.850885,1.531842,0.254543,-0.03,3.41,872.96,2282.380952
84.795309,1.754912,0.77415,0.225005,7.13,8.53,826.159,2166.666667
85.546908,0.153685,-0.109702,0.255545,0.59,5.84,669.946,2113.809524
86.298507,-0.231313,-0.0937,0.236998,-4.73,-0.31,800.149,2122.857143
87,-0.007368,0.093007,0.156426,-3.33,-3.23,915.127,2277.857143
87.751599,0.494771,0.903424,0.286467,-10.97,-1.81,836.621,2206.666667
88.503198,0.715608,1.765674,0.225716,-10.57,-1.08,846.772,2171.428571
89.254797,0.982736,2.64615,0.229187,-10.79,-1.5,722.628,2092.619048
90.006397,0.959792,3.40656,0.256913,-10.23,0.3,781.592,2133.571429
90.757996,1.080978,4.141285,0.179966,-10.09,-0.03,813.279,2117.857143
91.509595,1.055013,4.717681,0.15942,-9.67,-0.52,709.516,2143.809524
92.261194,0.940929,4.727789,0.228346,-1.9,-0.28,706.855,2137.857143
93.012793,0.65058,3.644944,0.130098,5.3,-2.09,747.432,2173.095238
93.764392,0.397191,2.104378,0.09518,10.73,-1.88,584.256,2039.047619
94.515991,0.120036,0.37771,0.169794,3.59,-0.67,775.551,2105.952381
95.267591,-0.065177,-0.044015,0.194963,-1.63,2.29,768.939,2164.047619
96.01919,-1.306003,0.341876,0.190982,-3.7,9.83,868.32,2169.761905
96.770789,-2.357751,0.667208,0.142693,-3.39,8.78,880.478,2176.428571
97.522388,-3.456135,0.991502,0.189364,-3.67,9.2,871.219,2175.714286
98.273987,-4.591226,1.329392,0.227265,-4.14,13.16,910.476,2168.809524
99.025586,-6.127176,1.793391,0.231437,-4.08,12.95,873.588,2131.428571
99.777186,-7.323107,2.12185,0.129826,-3.32,12.84,839.002,2175.47619
100.528785,-8.289808,2.438371,-0.017195,-3.2,12.66,797.795,2122.619048
101.280384,-9.218105,2.668499,-0.004104,-3.34,11.87,732.723,2106.190476
102.031983,-8.849779,2.530333,0.014777,1.37,-2.86,704.195,2112.142857
102.783582,-7.893888,1.614007,-0.057698,1.25,-6.92,760.579,2091.904762
103.535181,-6.052778,1.027907,-0.002993,-4.85,-14.06,638.101,1981.428571
104.28678,-3.882517,0.73839,0.084417,-2.52,-16.13,704.043,2056.190476
105.138593,-1.612097,0.290969,0.280734,-2.62,-10.74,671.855,2217.380952
105.789979,-0.743742,0.137495,0.340775,-2.82,-7.67,834.211,2114.52381
106.541578,-0.214965,0.061006,0.462449,-2.17,-2.9,843.842,2138.095238
107.293177,-0.121829,-0.039342,0.426233,-3.38,0.41,937.527,2201.666667
108.044776,-0.190918,-0.048091,0.365147,-3.07,-4.03,816.151,2166.190476
108.796375,-0.060539,-0.020817,0.379005,-2.93,-1.43,888.894,2142.619048
109.547974,0.012773,-0.016067,0.305451,-3.14,-1.95,775.625,2107.857143
110.299574,0.094041,0.093853,0.300076,-2.79,-1.83,813.446,2141.666667
111.001066,-0.132216,0.535367,0.232224,-9.29,3.93,906.544,2184.285714
111.752665,-1.102377,1.518446,0.24825,-5.78,11.05,804.118,2158.095238
112.504264,-1.877225,1.594566,0.157817,0.21,-0.6,905.987,2216.666667
113.255864,-1.95716,1.150736,0.192254,-3.13,10.89,622.248,2190.238095
114.007463,-3.406238,1.483623,0.21771,-3.93,12.74,767.597,2068.571429
114.759062,-4.685528,1.841125,0.180122,-3.65,11.85,926.97,2220.47619
115.510661,-5.876168,2.16473,0.10283,-3.42,12.12,806.978,2091.190476
116.26226,-6.756471,2.356881,0.042723,-3.17,9.75,730.388,2127.380952
117.013859,-7.09283,2.468325,-0.029016,-3.02,5.84,753.226,2076.190476
117.765458,-7.288997,2.430001,-0.037826,-2.4,6.88,785.16,2076.904762
118.517058,-7.390953,2.510819,0.067938,-3.3,3.71,815.234,2088.571429
119.268657,-7.17438,2.352857,0.10673,-1.63,-0.49,825.43,2119.047619
120.020256,-6.161017,1.645245,0.113672,4.12,-6.98,725.024,2135.47619
120.771855,-4.68778,0.876726,0.154373,-0.01,-12.04,800.906,2066.904762
121.523454,-2.879879,0.526188,0.119774,-2.76,1.64,766.399,2135
122.275053,-3.710562,0.853278,0.335152,-3.2,9.61,872.55,2117.380952
123.026652,-4.642288,1.158627,0.442412,-2.46,6.79,911.38,2260
123.778252,-5.134327,1.277486,0.347583,-2.58,4.83,940.678,2236.904762
124.529851,-5.303149,1.222353,0.250655,-1.13,4.6,764.616,2115.952381
125.28145,-5.527997,1.130584,0.209353,-2.56,3.62,752.468,2043.095238
126.033049,-5.696633,1.165696,0.182391,-2.02,4.32,731.254,2040.952381
126.784648,-6.07661,1.018579,0.170721,-1.72,3.99,839.044,2107.380952
127.536247,-6.19538,0.854748,0.181065,-2.66,2.82,663.334,2050.238095
128.287846,-6.248447,0.789,0.200805,-2.51,2.89,791.37,2051.190476
129.039446,-6.266535,0.670675,0.283353,-2.6,2.68,789.985,2061.666667
129.791045,-6.31551,0.629204,0.227977,-2.5,1.59,821.977,2107.857143
130.542644,-6.297907,0.575259,0.195731,-2.69,1.28,754.731,2070.47619
131.294243,-6.246574,0.570167,0.291031,-2.71,2.15,769.702,2056.666667
132.045842,-6.21881,0.655559,0.334075,-2.78,1.58,863.643,2126.190476
132.797441,-6.193745,0.615199,0.234157,-2.42,1.83,788.37,2155.47619
133.549041,-6.178272,0.625825,0.20567,-2.33,1.75,819.267,2080.47619
134.250533,-6.108068,0.518824,0.229892,-1.64,1.65,857.702,2108.333333
135.002132,-6.105727,0.389229,0.15926,-1.74,1.65,678.037,2085.238095
135.753731,-6.058978,0.234656,0.170619,-2.91,0.47,742.79,2070
136.50533,-5.899311,0.262016,0.193348,-2.76,0.95,779.437,2064.52381
137.25693,-5.453175,0.405946,0.193225,-6.44,-4.15,815.008,2085.714286
138.008529,-4.312099,0.69995,0.278957,-5.31,-8.64,845.213,2109.52381
138.760128,-3.050824,0.479647,0.268178,-2.05,-0.86,784.054,2138.571429
139.511727,-3.450605,0.399132,0.338212,-2.19,2.62,855.76,2139.285714
140.263326,-3.631425,0.345816,0.337996,-2.44,1.73,832.261,2197.619048
141.014925,-3.680125,0.281461,0.328134,-2.61,0.94,783.01,2110.714286
141.766525,-3.659919,0.265481,0.345982,-2.85,0.83,746.181,2128.095238
142.518124,-3.726488,0.28154,0.199724,-2.71,0.99,910.279,2115.714286
143.269723,-3.801666,0.26067,0.184312,-2.39,0.9,730.19,2107.380952
144.021322,-3.829538,0.227254,0.244605,-2.22,0.43,855.435,2106.904762
144.772921,-3.671008,0.218417,0.271789,-5,-3.32,873.637,2117.857143
145.52452,-2.557053,0.408082,0.27512,-3.44,-10.27,927.672,2145.47619
146.276119,-1.230456,0.181958,0.255414,-3.56,-10.05,861.019,2142.380952
147.027719,-1.363109,0.216852,0.195623,-2.44,6.53,927.619,2151.666667
147.779318,-2.316499,0.318798,0.162236,-2.42,5.84,786.631,2175.47619
148.530917,-3.109053,0.403777,0.166439,-2.78,4.79,805.941,2187.619048
149.282516,-3.603075,0.459567,0.241617,-2.76,4.58,882.772,2169.52381
150.034115,-4.149261,0.541388,0.234368,-2.67,4.71,880.384,2136.904762
150.785714,-4.427952,0.627556,0.232806,-3.05,4.29,843.886,2110.952381
151.537313,-4.814118,0.696535,0.182946,-2.7,4.51,752.626,2090.952381
152.288913,-5.189261,0.768866,0.08983,-2.65,4.63,918.852,2121.190476
153.040512,-5.452204,0.734776,0.120332,-2.46,2.8,766.631,2109.047619
153.792111,-5.544302,0.713629,0.111472,-2.64,2.79,871.132,2119.285714
154.54371,-5.559894,0.679277,0.182698,-2.42,0.86,825.801,2110.952381
155.295309,-5.311932,0.647148,0.195102,-4.11,-2.67,819.909,2116.904762
156.046908,-4.315322,0.841384,0.214056,-3.78,-8.17,903.3,2140.238095
156.798507,-2.85376,0.539989,0.224804,-2.73,-13.88,915.808,2153.571429
157.5,-1.151347,0.22115,0.258803,-2.57,-10.02,972.995,2135.952381
158.251599,-0.480778,0.369949,0.272023,-8.64,0.31,955.469,2201.666667
159.003198,-0.454798,1.240644,0.288992,-9.73,-0.24,954.586,2210
159.754797,-0.389749,2.092376,0.352618,-9.07,0.19,919.038,2238.571429
160.506397,-0.490858,2.712193,0.26434,-9.31,-0.64,920.201,2217.619048
161.257996,-0.377469,3.357022,0.250386,-9.23,-0.95,836.667,2199.285714
162.009595,-0.450879,3.820282,0.245771,-9.02,-0.42,964.511,2211.904762
162.761194,-0.46181,4.297203,0.314557,-9.08,-0.41,777.293,2183.809524
163.512793,-0.417726,4.744178,0.233288,-9.34,-0.59,791.123,2163.333333
164.264392,-0.467772,5.090725,0.241992,-9.17,-1.12,983.937,2163.571429
165.015991,-0.419775,5.424224,0.255201,-8.85,-1.01,838.717,2155.47619
165.767591,-0.480125,5.674181,0.247991,-8.2,-1.24,776.5,2188.095238
166.51919,-0.32163,5.852875,0.269678,-8.77,-1.09,835.817,2177.619048
167.270789,-0.41208,6.030091,0.181028,-8.57,-1.5,785.187,2144.285714
168.022388,-0.362854,6.251287,0.263814,-7.79,-0.74,936.236,2163.333333
168.773987,-0.343661,6.249011,0.240345,-7.21,-0.11,871.335,2180
169.575693,0.08525,6.04314,0.078576,-8.02,-2.42,779.311,2150.714286
170.277186,0.444267,5.79352,0.076042,-7.34,-1.74,612.551,2048.095238
171.028785,0.662715,5.612011,0.16344,-7.44,-0.73,606.786,2069.761905
171.780384,0.595661,5.550962,0.068682,-7.51,-0.54,748.803,2144.761905
172.531983,0.618425,5.533378,0.220157,-6.52,-1.06,671.929,2088.809524
173.283582,0.697467,5.418717,0.196129,-5.58,-0.05,634.047,2063.571429
174.035181,0.657866,5.136868,0.182168,-5.54,-1.59,542.505,2050.47619
174.78678,0.604153,4.884653,0.437669,-6.21,-0.2,596.147,1965.714286
175.588486,0.620214,4.577069,0.121566,-4.42,-0.77,633.447,2129.52381
176.289979,0.634814,3.896043,0.316822,1.92,-3.56,652.576,1974.047619
177.041578,0.447797,2.482191,0.309029,8.09,-0.89,392.872,2063.095238
177.793177,0.043882,0.825912,0.330684,8.01,-1.66,610.295,2063.095238
178.544776,-0.062169,-0.430887,0.302708,1.01,-1.33,707.782,2071.904762
179.296375,-0.043285,-0.651293,0.274146,-3.53,-6.42,837.313,2125
180.047974,1.056392,-0.951344,0.272092,-2.84,-10.23,820.477,2124.52381
180.799574,2.019412,-1.283625,0.214834,-2.12,-11.51,832.965,2219.761905
181.501066,3.125172,-1.867588,0.209705,-1.19,-13.89,870.167,2240.714286
182.252665,4.492837,-2.52103,0.288867,-2.3,-15.78,824.25,2229.761905
183.004264,5.876581,-3.145849,0.240528,-2.41,-16.17,1035.192,2238.333333
183.755864,7.185299,-3.888443,0.238163,-1.87,-16.95,930.03,2186.428571
184.507463,8.14431,-4.39271,0.229792,-1.97,-16.61,784.13,2171.428571
185.259062,9.283701,-4.878751,0.084096,-1.4,-17.56,578.243,2075.238095
186.010661,10.149944,-5.536584,0.15183,-1.21,-16.99,1036.729,2147.619048
186.76226,10.98977,-5.838818,0.239358,-0.95,-17.83,906.297,2092.857143
187.513859,11.965491,-6.120574,0.051564,-1.53,-17.94,1126.535,2094.285714
188.265458,12.735402,-6.228837,0.078196,-2.63,-22.25,943.233,2039.285714
189.017058,13.911132,-6.52566,0.028986,-2.59,-21.67,975.86,2003.095238
189.818763,14.771029,-6.754478,0.080386,-1.66,-21.43,887.66,2089.047619
190.520256,15.40607,-7.225183,0.282785,-0.48,-21.02,979.837,2321.666667
191.271855,15.775362,-7.666612,0.272173,-0.38,-21.79,1387.513,2497.142857
192.023454,16.025467,-7.940969,0.23355,-0.48,-21.4,1315.97,2513.809524
192.775053,16.444046,-7.867141,0.182209,-1.15,-21.46,839.728,2205.238095
193.526652,16.088377,-7.441906,0.2445,-1.82,-15.81,1686.183,2302.857143
194.428571,14.985404,-7.093469,0.37353,-2.36,-11.24,493.24,1921.428571
195.029851,14.008712,-6.701936,0.367374,-3.21,-8.39,888.04,2085.47619
195.78145,12.788486,-6.393153,0.269093,-2.09,-6.39,907.95,2146.190476
196.533049,11.003062,-5.897434,0.638873,-2.77,0.88,412.427,1979.047619
197.284648,9.323578,-4.769657,0.720359,-8.66,7.41,642.628,1959.047619
198.036247,7.052453,-2.978135,0.399067,-10.03,11.93,772.862,1902.142857
198.787846,4.768661,-1.734262,0.189072,-6.01,18.01,699.033,1996.428571
200.341151,-0.010614,-0.155976,0.496923,-5.51,7.95,1565.81,2184.761905
201.042644,-0.607635,-0.104919,0.373069,-4.78,1.05,924.272,2474.761905
201.794243,-0.447575,0.016686,0.266167,-7.36,-6.74,854.831,2235.714286
202.545842,0.280326,0.01821,0.283089,-2.01,-6.58,908.02,2232.380952
203.297441,0.795292,-0.764759,0.255078,-0.61,-9.28,912.254,2241.428571
204.049041,1.820263,-1.533761,0.317247,-1.27,-10.85,752.852,2166.428571
204.750533,2.520122,-2.062056,0.260236,-1.46,-10.55,976.676,2270.714286
205.502132,3.393679,-2.470083,0.171825,-1.48,-10.52,821.499,2202.142857
206.253731,4.171767,-2.92773,0.246936,-1.38,-11.09,762.408,2183.333333
207.00533,4.770083,-3.306673,0.115466,-1.24,-10.79,715.371,2153.333333
207.75693,5.354252,-3.665184,0.09277,-2.1,-6.87,681.875,2117.142857
208.508529,4.924392,-3.545473,0.065484,-6.21,0.93,813.996,2207.380952
209.260128,3.754568,-2.560872,0.114186,-12.09,7.35,547.747,2095.238095
210.011727,1.995205,-1.097331,0.269474,-9.92,13.28,770.206,2049.52381
210.763326,0.561236,-0.460901,0.286776,-5.75,5.21,666.777,2225
211.514925,0.072676,-0.171278,0.347222,-5.35,0,679.68,2142.619048
212.266525,0.002973,-0.11961,0.231716,-4.94,-0.69,692.851,2108.571429
213.018124,0.003955,0.0409,0.085497,-5.58,1.53,627.809,2089.285714
213.769723,-0.258201,0.198194,0.178869,-4.01,2.31,742.114,2078.571429
214.521322,-0.13905,0.199271,-0.092742,-4.99,-3.73,813.936,2130
215.272921,0.104562,0.07312,-0.09291,-4.19,-1.12,742.866,1934.047619
216.02452,0.09091,0.064024,0.012762,-4.72,0.02,719.356,2148.333333
216.776119,-0.051897,-0.010798,-0.266993,-3.99,0.19,726.638,2122.142857
217.527719,0.066118,0.037774,-0.759199,-4.58,-1.46,627.584,2110.47619
218.279318,-0.03965,-0.098725,-0.823906,-3.71,-1.73,603.312,2016.666667
219.030917,0.074964,-0.045254,-0.738678,-5.61,-1.42,716.971,2081.666667
219.782516,0.073574,0.032764,-0.754863,-5.05,-0.23,656.779,2154.047619
220.534115,-0.084989,0.083131,-0.765013,-4.07,-1.47,679.178,2130.238095
221.285714,0.08062,-0.043168,-0.71934,-5.33,-1.3,785.906,2181.666667
222.037313,-0.047381,0.00765,-0.783412,-4.61,-0.91,732.804,2149.52381
222.788913,-0.027042,0.012405,-0.749422,-4.54,-1.69,820.869,2172.142857
223.540512,0.109702,-0.044681,-0.796233,-5.94,-2.07,759.808,2116.904762
224.292111,0.025013,-0.002233,-0.78695,-4.72,-1.71,737.115,2127.380952
225.04371,0.036465,-0.0299,-0.73974,-4.88,-1.68,798.692,2185.952381
225.795309,-0.007944,-0.006794,-0.718903,-4.99,-1.7,800.31,2184.761905
226.546908,0.070168,0.023123,-0.742188,-4.87,-0.97,694.724,2158.095238
227.298507,0.006065,0.017677,-0.7186,-3.97,-0.6,739.273,2131.904762
228,-0.012574,-0.056139,-0.802703,-5.11,-1.76,743.624,2119.285714
228.751599,-0.007515,0.012607,-0.759188,-5.4,-2.32,751.667,2100.952381
229.503198,0.033118,0.074242,-0.777374,-4.93,-1.74,720.593,2170
230.254797,0.05267,0.061284,-0.680732,-2.87,-0.83,667.11,2120.47619
231.006397,-0.02803,-0.043396,-0.696036,-4.05,-0.81,815.594,2158.571429
231.757996,-0.036792,-0.01118,-0.690342,-5.24,-1.15,709.361,2151.190476
232.509595,-0.039847,-0.048898,-0.730757,-4.64,-1.37,728.452,2144.761905
233.261194,-0.038186,0.028843,-0.745832,-5.49,-1.44,625.792,2081.666667
234.012793,0.020001,0.082473,-0.756732,-4.77,-1.46,523.284,2090.47619
234.764392,-0.026629,0.02459,-0.764714,-3.72,-1.34,802.311,2139.761905
235.515991,-0.054497,-0.035102,-0.825341,-5.35,-1.21,747.267,2152.142857
236.267591,0.010314,0.035198,-0.739258,-4.62,-1.89,621.402,2083.809524
237.01919,0.003013,-0.017216,-0.729459,-3.72,-1.23,831.407,2185.952381
237.770789,0.043787,0.037443,-0.77627,-4.55,-0.68,729.662,2116.190476
238.522388,0.034984,0.034573,-0.736507,-2.86,-0.92,891.602,2153.333333
239.273987,-0.067802,-0.0461,-0.761211,-2.9,-0.87,780.247,2204.761905
240.025586,-0.03586,-0.117731,-0.816542,-4.33,-0.9,820.058,2156.904762
240.777186,-0.108398,-0.074009,-0.739771,-5.26,-2.3,763.512,2185.952381
241.528785,0.032422,0.031941,-0.781695,-5.58,-2.26,666.485,2139.52381
242.280384,-0.025684,0.050368,-0.801382,-4.98,-2.09,799.368,2164.52381
243.031983,0.066762,0.045792,-0.730749,-3.78,-1.43,783.997,2108.095238
243.783582,0.060023,-0.00396,-0.813015,-3.28,-1.98,675.462,2090.238095
244.535181,0.081569,0.055775,-0.772385,-4.54,-1.52,580.441,2038.571429
245.28678,-0.022584,0.173194,-0.720894,-2.67,-2.05,741.381,2129.761905
246.03838,0.010463,-0.01502,-0.700058,-1.33,-1.46,794.578,2225.952381
246.789979,0.022538,-0.116335,-0.707759,-3.55,-2.02,919.152,2232.619048
247.541578,-0.071719,-0.034384,-0.632409,-4.51,-0.43,618.189,2151.428571
248.293177,-0.102082,0.073644,-0.753592,-4.13,-1.16,646.17,2051.428571
249.044776,0.064006,-0.002888,-0.758195,-3.1,-1.86,522.494,2083.333333
249.796375,-0.00761,-0.005885,-0.725486,-4.46,-1.78,729.963,2124.047619
250.547974,0.029993,-0.04163,-0.754038,-4.51,-1.87,575,2136.904762
251.299574,-0.068772,0.015233,-0.717798,-4.2,-1.2,667.373,2115
252.001066,-0.054656,0.017546,-0.692733,-3.79,-1.46,754.528,2159.52381
252.752665,-0.068589,-0.03698,-0.755741,-4.32,-2.06,824.701,2239.047619
253.504264,0.00476,-0.060077,-0.709392,-4.42,-2.16,735.131,2205.714286
254.255864,-0.008199,0.001157,-0.745562,-5.57,-1.88,703.647,2193.333333
255.007463,0.027028,0.058308,-0.709742,-4.3,-1.83,754.142,2162.619048
255.759062,-0.056548,0.024827,-0.738757,-3.9,-1.64,872.105,2188.809524
256.510661,0.004084,-0.022489,-0.692218,-4.59,-1.3,790.276,2187.619048
257.26226,-0.029038,0.010035,-0.717356,-4.67,-1.42,835.345,2224.52381
258.013859,-0.083415,-0.327727,-0.787252,1.4,-1.17,851.573,2178.809524
258.765458,-0.264065,-1.06028,-0.828191,2.17,-0.58,818.106,2184.761905
259.517058,-0.426286,-1.678722,-0.805187,1.74,-0.65,818.641,2218.333333
260.268657,-0.497283,-2.167714,-0.89347,0.15,-1.28,855.984,2218.571429
261.020256,-0.535847,-2.438679,-0.882827,-0.55,-0.79,867.638,2188.333333
261.771855,-0.614307,-2.53353,-0.826589,-0.62,-1.31,870.912,2262.619048
262.523454,-0.68959,-2.667468,-0.775658,-0.65,-0.84,880.581,2220.714286
263.275053,-0.620298,-2.694928,-0.736731,-0.98,-1.17,853.077,2196.904762
264.026652,-0.581512,-2.750097,-0.702675,-1.68,-1.6,926.698,2223.333333
264.778252,-0.552113,-2.706612,-0.744316,-1.66,-1.27,939.156,2191.190476
265.529851,-0.561157,-2.737326,-0.721689,-1.76,-1.17,914.929,2202.857143
266.28145,-0.35512,-2.441529,-0.704174,-6.47,-2.13,887.853,2199.52381
267.033049,-0.191316,-1.463497,-0.726107,-7.83,-1.66,885.156,2197.142857
267.784648,-0.178276,-1.626123,-0.765598,1.5,-2.21,850.243,2198.571429
268.536247,-0.218888,-1.937365,-0.570696,-3,0.08,755.044,2189.285714
269.287846,-0.309596,-1.82606,-0.683808,-3.42,-0.55,950.465,2270.952381
270.039446,-0.374006,-1.651753,-0.73638,-2.42,-1.74,933.393,2275
270.791045,-0.18601,-1.641044,-0.69409,-2.13,-2.24,798.958,2278.809524
271.542644,-0.011702,-1.659111,-0.786065,-2.36,-1.94,791.494,2187.380952
272.294243,0.10781,-1.768052,-0.743258,-2.15,-1.85,849.677,2221.666667
273.045842,0.16511,-1.800502,-0.83501,-2.17,-1.41,835.817,2226.190476
273.797441,0.13799,-1.824148,-0.756266,-2.35,-1.15,828.035,2193.809524
274.549041,0.206741,-1.823357,-0.762208,-2.78,-1.17,898.951,2206.190476
275.250533,0.040967,-1.47288,-0.761813,-6.16,1.58,873.316,2219.761905
276.002132,0.091532,-1.411565,-0.772069,-1.8,-1.62,824.85,2207.619048
276.753731,0.176787,-1.492439,-0.821814,-2.55,-1.64,852.451,2219.285714
277.50533,0.292543,-1.49051,-0.723721,-2.97,-1.62,847.497,2209.52381
278.25693,0.373433,-1.571394,-0.793227,-2.93,-1.63,839.251,2178.095238
279.008529,0.446456,-1.58891,-0.735153,-3.67,-1.08,842.694,2194.285714
279.760128,0.369167,-1.12701,-0.755722,-8.74,3.06,849.074,2244.761905
280.511727,0.053939,-0.143721,-0.775012,-8.76,0.9,819.857,2194.761905
281.263326,0.117141,0.001912,-0.789816,-2.04,-1.53,801.666,2142.142857
282.014925,0.06243,-0.010423,-0.697204,-4.72,1.16,772.179,2116.904762
282.766525,-0.02634,0.097714,-0.666854,-3.02,1.35,798.893,2114.047619
283.518124,-0.292628,0.149266,-0.67222,-4.02,0.57,736.635,2085.238095
284.269723,-0.169378,0.0533,-0.672586,-3.27,-2.08,634.148,2210.952381
285.021322,-0.035677,0.068268,-0.765367,-3.16,-3.82,697.763,2145.47619
285.772921,0.163609,-0.096006,-0.712329,-3.38,-0.85,583.521,2074.285714
286.52452,0.00254,-0.054741,-0.756119,-3.19,-1.28,595.174,2080.952381
287.276119,0.001078,-0.027567,-0.714782,-3.79,-1.35,576.737,2113.095238
288.027719,0.098328,-0.034438,-0.707485,-4.3,-1.79,787.585,2199.285714
288.779318,0.029402,-0.065714,-0.689835,-3.9,-1.77,705.607,2152.142857
289.530917,-0.02523,-0.025251,-0.7181,-4.67,-1.42,734.219,2105.238095
290.282516,0.035057,0.086662,-0.747721,-4.65,-1.73,669.211,2117.380952
291.034115,0.014767,0.032634,-0.585572,-2.88,-0.48,854.705,2215.238095
291.785714,-0.015277,-0.053327,-0.495601,-2.49,-1.05,903.562,2250.238095
292.537313,0.027245,-0.066423,-0.43766,-3.51,-0.23,840.256,2186.904762
293.288913,-0.063907,-0.004677,-0.490491,-3.29,-0.71,771.294,2167.142857
294.040512,-0.030181,-0.026442,-0.472799,-3.19,-0.53,774.078,2173.809524
294.792111,0.019342,0.054505,-0.449402,-2.27,-0.66,908.198,2173.333333
295.54371,-0.010215,-0.017738,-0.44254,-2,-0.08,813.79,2152.380952
296.295309,-0.011719,0.006098,-0.023189,-3.14,1.14,883.424,2087.380952
297.497868,0.008645,0.009578,-0.0401,-3.3,1.18,76.491,1107.857143
297.798507,-0.008014,0.009699,-0.049638,-3.3,1.16,124.77,1059.52381
299.201493,-0.005097,0.004459,-0.086028,-3.28,1.14,12.501,748.333333
299.251599,-0.00338,0.00189,-0.08699,-3.27,1.14,14.902,737.142857
300.003198,-0.001252,-0.01138,-0.096188,-3.26,1.11,27.898,690.952381
300.754797,0.014949,-0.014596,-0.102481,-3.26,1.09,30.094,690.238095
301.506397,0.02034,-0.011155,-0.113022,-3.27,1.07,28.921,691.190476
302.257996,0.015606,-0.014637,-0.119247,-3.26,1.06,28.922,690.238095
303.009595,0.017214,-0.027818,-0.112991,-3.25,1.07,29.434,690.714286
303.761194,0.025859,-0.02467,-0.109669,-3.26,1.05,29.164,691.428571
304.512793,0.031485,-0.022242,-0.113866,-3.28,1.05,28.468,691.666667
533.841304,0.006952,0.004183,-0.026437,-3.05,1.01,57.892,161.666667
534.042339,0.008082,0.004061,-0.026774,-3.04,1.02,158.914,425.47619
534.796223,-0.000825,0.004825,-0.032768,-3.05,1.02,29.191,693.809524
535.550107,0.00999,0.017175,-0.042521,-3.05,1.02,29.163,693.571429
536.253731,0.006501,0.016472,-0.043561,-3.05,1.02,29.677,692.857143
537.007615,0.004666,0.014095,-0.042235,-3.04,1.03,29.651,692.380952
537.761499,-0.005697,0.005081,-0.034988,-3.03,1.02,29.649,692.142857
538.515382,-0.003834,-0.004952,-0.032514,-3.02,1.02,29.162,693.095238
539.269266,-0.004662,-0.002624,-0.030334,-3.03,1.02,28.675,694.52381
540.02315,0.00414,-0.000318,-0.030899,-3.03,1.01,28.918,694.285714
540.777033,0.008439,-0.005164,-0.024736,-3.02,1.02,7.778,690
553.492537,0.007544,-0.012653,-0.026164,-3,1.02,60.017,182.857143
553.542796,0.006702,-0.007426,-0.026348,-3.01,1.02,87.488,258.809524
554.29668,0.013508,-0.007451,-0.024397,-3.01,1.01,29.436,694.52381
555.000305,0.01704,-0.002776,-0.02679,-3.02,1.02,29.191,694.761905
555.754188,0.017292,-0.025938,-0.0248,-2.99,1,28.195,696.190476
556.508072,0.010336,-0.014954,-0.029651,-3,1.01,28.194,695.238095
557.261956,-0.035012,-0.041221,-0.009908,-2.17,0.96,28.462,695.952381
558.015839,-0.052573,-0.109772,0.892495,-2.28,0.22,1116.446,1637.857143
558.769723,-0.060871,0.036991,1.528259,-1.87,-0.56,965.516,2258.809524
559.523606,-0.004917,-0.000291,1.506199,-1.82,-1.18,1006.743,2314.047619
560.27749,0.088287,-0.032658,1.514504,-1.52,-1.05,895.151,2217.380952
561.031374,0.107303,-0.072552,1.473534,-1.74,-0.23,941.348,2210.952381
561.785257,0.022117,-0.001229,1.517812,-1.84,0.11,985.413,2252.380952
562.539141,-0.021092,0.001277,1.572185,-2.08,0.24,1080.23,2260
563.293025,-0.002411,0.014697,1.598558,-1.51,-0.45,1050.389,2286.428571
564.046908,-0.006878,-0.034288,1.587761,-0.94,-0.12,1057.006,2270.952381
564.750533,-0.01777,-0.051606,1.576331,-2.19,0.27,907.5,2226.428571
565.504417,-0.059712,0.019647,1.609893,-1.93,-0.61,1078.409,2270.714286
566.2583,-0.020734,0.009976,1.613379,-1.35,-0.1,984.744,2255.238095
567.012184,-0.060451,0.030034,1.659736,-1.76,0.41,1129.05,2290
567.766068,-0.008201,0.041657,1.623974,-1.39,-0.28,1007.185,2286.190476
568.519951,-0.00061,0.026849,1.653111,-0.8,-0.28,973.09,2263.571429
569.273835,0.059811,0.04965,1.656474,-1.02,0.41,961.076,2280.952381
570.027719,0.039192,-0.013886,1.639186,-0.5,0.23,922.793,2269.761905
570.781602,-0.066412,-0.011863,1.61214,-0.86,0.34,1008.313,2265.238095
571.535486,-0.031003,-0.043628,1.59207,-1.16,-0.01,936.751,2264.761905
572.289369,-0.031416,-0.014455,1.604225,-1.78,0,1069.781,2256.428571
573.043253,-0.012747,0.029161,1.585438,-1.18,-0.37,961.362,2250.952381
573.797137,0.004804,-0.006286,1.565902,-1.53,0.14,964.459,2248.095238
574.500761,0.030426,0.013764,1.570478,-1.46,-0.69,965.954,2263.571429
575.254645,0.092568,-0.013716,1.577042,-1.01,0.38,1075.707,2276.904762
576.008529,-0.003168,-0.009214,1.589042,-1.58,0.38,1015.669,2318.333333
576.762412,-0.004767,-0.016558,1.573164,-1.48,0.57,1038.763,2306.190476
577.516296,-0.024401,0.002544,1.554803,-1.5,0.2,1016.542,2294.047619
578.27018,0.004918,0.00214,1.533901,-1.4,0.33,1043.379,2290.238095
579.024063,-0.00733,-0.029122,1.569715,-1.66,0.2,1034.141,2295.714286
579.777947,0.009182,-0.006562,1.509736,-2.19,0.39,1025.838,2278.809524
580.531831,0.034698,0.030679,1.519987,-2.15,0.6,1030.522,2257.380952
581.285714,-0.008011,0.028975,1.577075,-1.79,0.21,1034.484,2254.285714
582.039598,-0.046717,-0.001329,1.524199,-1.93,0.43,973.73,2259.52381
582.793482,-0.030118,-0.006492,1.459253,-2.41,-1.26,1002.872,2271.666667
583.547365,0.041778,0.018674,1.479687,-2.29,-0.3,982.715,2302.380952
584.25099,0.062675,0.050053,1.487014,-2.3,-0.4,1016.445,2266.428571
585.004874,0.054628,0.045582,1.514436,-1.23,0.69,973.352,2263.333333
585.758757,-0.030377,0.009377,1.441114,-1.71,0.89,1029.14,2249.52381
586.512641,-0.147713,0.012955,0.974058,-2.12,-1.4,804.605,2193.333333
587.266525,0.012129,-0.041706,0.579057,-1.67,-1.68,715.628,2123.571429
588.020408,0.093837,-0.056337,-0.012209,-2.91,-0.27,832.156,2190.714286
588.774292,0.266318,0.032543,-0.040509,-3.95,-4.69,707.313,2106.190476
589.528175,1.100856,0.048504,0.107412,-4.17,-8.78,887.541,2230.714286
590.282059,2.204564,0.110604,0.083521,-4.74,-13,816.019,2189.047619
591.035943,3.782726,0.169568,0.016547,-5.78,-13.92,646.513,2180.952381
591.789826,4.757232,0.241829,0.020179,-3.48,-11.92,750.148,2202.857143
592.54371,5.38158,0.074019,-0.164475,-4.6,-7.42,818.495,2202.380952
593.297594,5.483532,0.130529,-0.137701,-5.06,-4.76,734.538,2160.714286
594.001218,5.193909,0.23033,-0.046048,-4.13,0.44,548.362,2084.047619
594.755102,3.691889,0.238428,0.055413,-1.24,11.05,640.495,2003.809524
595.508986,1.449414,0.161528,0.198731,-0.15,18.33,599.149,2101.666667
596.262869,-1.582575,0.055107,-0.013825,0.48,19.76,656.616,2159.52381
597.016753,-4.661064,0.304657,0.232443,-2.43,21.67,759.291,2160.714286
597.770637,-7.167211,0.475466,0.117131,-0.2,20.21,863.47,2268.333333
598.52452,-8.97105,0.384438,-0.151336,1.35,16.82,718.386,2095
599.278404,-10.212331,0.27366,-0.296472,1.53,14.43,747.325,2115.238095
600.032288,-10.88361,0.10682,-0.253453,0.08,10.44,749.928,2161.666667
600.786171,-11.03001,0.19006,-0.243519,-1.31,7.3,729.564,2107.142857
601.540055,-11.047144,0.290804,-0.166828,-0.55,7.22,717.14,2025.47619
602.293938,-11.030405,0.317358,-0.037954,-0.45,5.97,752.133,2087.142857
603.047822,-10.932126,0.272724,-0.004578,0.16,7.43,537.026,2034.761905
603.751447,-10.888091,0.292425,0.120074,-0.27,7.29,697.122,2047.619048
604.50533,-10.927976,0.33768,-0.057147,0.17,8.93,780.17,2112.619048
605.259214,-10.907544,0.287595,0.028486,-1.16,6.51,658.466,1962.142857
606.013098,-10.811197,0.219763,0.011847,-3.61,6.35,785.903,1976.190476
606.766981,-10.757246,0.38614,-0.006663,-2.03,6.82,480.176,1936.428571
607.520865,-10.684616,0.443553,0.001216,-0.99,6.73,878.457,1940.238095
608.274749,-10.771913,0.180111,0.051253,-1.53,7.24,418.777,1878.095238
609.078891,-10.755602,0.156607,0.0939,-2.88,7.74,662.396,2125.238095
609.782516,-10.919654,0.203194,0.084302,-4.67,7.81,749.654,2090.952381
610.5364,-10.887133,0.355766,0.198363,-3.86,7.96,766.558,2117.142857
611.290283,-10.831826,0.373187,0.143209,-2.38,7.35,652.903,2063.333333
612.094426,-10.85898,0.393317,0.07358,-1.38,7,614.199,2021.666667
612.798051,-10.952348,0.328491,-0.112465,-1.32,9.02,648.446,2033.571429
613.501675,-10.898433,0.274006,0.074126,-0.25,7.78,456.433,1911.666667
614.255559,-10.970884,0.165822,-0.032994,-3.33,8.08,731.019,2070.714286
615.009443,-11.040499,0.288859,-0.00734,-3.21,7.92,653.358,1975
615.763326,-10.989453,0.346762,0.012429,-4.02,6.6,681.953,2031.428571
616.51721,-10.954101,0.410125,0.013812,-2.34,7.41,695.682,2033.809524
617.271094,-10.976658,0.396349,-0.000432,-2.26,7.31,640.315,2027.380952
618.024977,-10.598515,0.264109,-0.02255,-3.16,1.81,682.468,2069.047619
618.778861,-9.721865,0.180608,-0.104755,-4.24,-3.37,606.695,1996.904762
619.532744,-8.035254,0.341725,-0.021488,-7.48,-8.1,831.471,1974.761905
620.286628,-6.096879,0.813777,0.07859,-12.39,-13.39,746.685,2085.47619
621.040512,-3.64428,2.067234,0.162407,-16.8,-11.27,921.632,2110.47619
621.794395,-2.210497,3.715745,0.130393,-20.11,-10.14,843.051,2153.571429
622.548279,-0.806659,5.95484,0.130925,-25.25,-8.62,1025.886,2289.761905
623.251904,0.058465,7.966757,0.199722,-23.37,-3.77,1226.053,2394.761905
624.005787,0.169771,9.440621,0.127949,-22,-0.28,1085.533,2386.190476
624.759671,0.200449,10.551009,0.175797,-19.87,-1.72,940.212,2333.809524
625.513555,0.140449,11.078363,0.09591,-16.95,-1.09,1092.776,2364.285714
626.267438,0.142794,11.233022,0.048192,-15.73,-0.88,994.697,2270.714286
627.021322,0.022166,11.307865,0.041863,-14.98,-1.69,940.256,2222.380952
627.775206,0.067776,11.19702,0.026744,-14.1,-1.93,829.788,2204.047619
628.529089,-0.021907,11.073184,0.010273,-13.48,-1.57,1008.877,2180.47619
629.282973,0.022153,11.05442,0.054319,-13.43,-1.68,698.385,2171.904762
630.036857,0.031806,10.971455,-0.054819,-14.38,-1.57,747.887,2109.761905
630.79074,0.027602,11.013363,0.007564,-14.17,-0.9,816.414,2167.142857
631.544624,-0.06455,10.992941,0.083366,-12.85,-1.35,987.785,2287.619048
632.298507,-0.112597,10.88299,0.051842,-13.86,-1.2,900.905,2277.142857
633.002132,-0.027023,10.912411,0.008013,-14.29,-1.96,930.972,2243.333333
633.756016,-0.106318,10.552189,0.112572,-7.59,-1.72,838.001,2261.666667
634.509899,-0.030596,9.495717,-0.000544,-2.06,-2.31,896.075,2193.809524
635.263783,0.079429,8.178439,-0.092683,2.79,-3.84,638.304,2082.857143
636.017667,0.685018,5.943472,-0.070293,9,-9.74,416.236,2054.761905
636.77155,1.848631,3.855484,-0.008462,7.76,-13.9,670.038,2060.47619
637.525434,3.599226,1.973974,0.032396,3.5,-18.91,795.882,2168.809524
638.279318,5.83995,0.696809,0.132007,1.58,-22.98,992.812,2285.47619
639.033201,7.962777,-0.014638,0.08859,-1.56,-19.1,1095.666,2439.52381
639.787085,9.390796,-0.127222,0.10767,-4.39,-18.61,1040.493,2426.666667
640.540969,10.554674,-0.188009,-0.005321,-4.02,-17.63,1114.367,2405.238095
641.294852,11.160042,-0.256952,-0.145852,-5.57,-14.2,997.738,2276.190476
642.048736,11.181275,-0.134132,-0.210754,-6.46,-11.76,1004.035,2157.619048
642.752361,11.144043,-0.10386,-0.017812,-6.17,-11.93,796.577,2119.047619
643.506244,11.267479,-0.068829,-0.082152,-6.71,-11.87,939.95,2228.571429
644.260128,11.062558,-0.127063,0.042637,-6.45,-9.79,956.694,2219.52381
645.014012,11.014001,0.044913,-0.041472,-6.51,-10.11,805.024,2265.952381
645.767895,10.861076,0.015427,0.13828,-5.74,-10.14,910.198,2216.666667
646.521779,10.835495,0.092967,0.131516,-4.98,-11.84,881.571,2263.571429
647.275663,10.883833,-0.009055,0.008354,-5.64,-11.22,967.279,2188.809524
648.029546,10.944654,-0.116158,-0.187402,-6.2,-12.72,824.406,2157.142857
648.78343,10.943404,-0.03363,0.022789,-5.69,-10.09,806.072,2183.095238
649.537313,10.957945,-0.05151,0.049664,-5.61,-11.23,1231.912,2317.857143
650.291197,10.957501,-0.067974,0.073763,-4.47,-11.84,827.783,2223.333333
651.045081,11.026838,-0.042646,0.009393,-6.08,-12.03,1243.705,2215.47619
651.798964,11.116527,0.016025,0.075035,-6.34,-10.41,1063.113,2223.571429
652.502283,11.008574,0.008544,0.095145,-6.46,-9.54,707.499,2141.904762
653.255708,10.961926,0.082944,0.04391,-5.17,-8.64,614.739,2062.857143
654.009132,10.916855,-0.064263,0.103382,-4.28,-10.1,713.088,2046.190476
654.762557,10.952456,-0.078933,0.069739,-4.78,-8.3,813.105,2074.52381
655.515982,10.809996,-0.028691,0.085673,-4.77,-9.04,598.454,2026.190476
656.269406,10.966987,-0.010806,-0.040909,-6.46,-12.34,373.471,1880.238095
657.022831,10.999791,-0.024885,0.198564,-4.28,-9.77,908.804,2031.190476
657.776256,10.931628,-0.063899,0.002954,-4.06,-10.93,845.14,2120.238095
658.52968,11.040166,-0.259231,-0.015257,-6.18,-10.96,848.259,2074.285714
659.333333,10.83157,-0.074538,0.103095,-6.22,-5.74,731.115,2196.666667
660.03653,9.988868,0.042278,0.017858,-4.67,-0.22,787.648,2146.428571
660.789954,8.63507,0.006432,0.15772,-3.16,4.79,706.804,1971.190476
661.844749,5.865089,0.029203,0.004406,-2.12,14,494.269,1857.142857
662.296804,4.590385,0.016501,-0.044475,-1.54,15.72,512.031,1870
663,2.602451,-0.190571,-0.159467,-1.88,12.88,443.953,1915.952381
663.753425,1.077143,-0.14384,-0.048611,-4.06,6.14,888.738,2188.571429
664.506849,0.254625,0.004395,0.144823,-4.43,5.79,906.669,2238.095238
665.260274,-0.242955,0.010988,0.048869,-2.48,1.83,843.222,2216.904762
666.013699,-0.171657,0.005094,0.022459,-3.82,-2.11,818.163,2181.666667
666.767123,-0.138924,0.010351,0.023101,-3.49,-0.95,706.72,2148.571429
667.520548,-0.214593,0.0447,0.037709,-4.43,-0.53,854.803,2180.47619
668.273973,-0.141235,0.108882,0.058242,-3.79,-1.74,821.291,2181.190476
669.027397,-0.050605,0.105982,0.120936,-3.92,-0.91,816.81,2135
669.780822,-0.003158,0.099154,0.147914,-3.41,-1.86,683.21,2137.619048
670.534247,-0.009747,0.066603,0.083016,-3.47,-1.08,743.712,2197.857143
671.287671,0.067792,-0.022332,0.033139,-2.81,-3.99,877.96,2208.333333
672.041096,0.216977,-0.020274,0.034663,-3.29,-1.05,774.172,2185.714286
672.794521,0.103591,-0.017448,0.033427,-3.89,-0.38,702.651,2170.47619
673.547945,0.04907,0.064739,0.029079,-3.12,-0.73,713.547,2206.666667
674.251142,-0.032316,0.056267,-0.02908,-4.03,-0.11,781.746,2172.142857
675.004566,-0.019246,0.051151,0.036839,-3.37,-0.9,915.847,2135.238095
675.757991,0.029052,0.042789,-0.056444,-3.61,-1.68,854.905,2258.095238
676.511416,0.009516,-0.038,-0.086277,-3.37,-2.13,782.436,2237.857143
677.26484,0.098783,0.038365,-0.123544,-3.51,-1.35,725.846,2222.380952
678.018265,0.08857,0.001926,-0.053616,-2.7,-1.12,812.938,2251.904762
678.771689,0.02222,-0.037395,-0.068154,-3.06,-2,769.819,2237.857143
679.525114,0.072368,-0.040673,0.078306,-4.02,-1.27,943.291,2215.714286
680.278539,-0.007505,0.057541,0.034642,-3.99,-0.55,895.432,2278.571429
681.031963,-0.060116,0.074719,0.076439,-2.4,-1.72,783.841,2211.904762
681.785388,-0.039255,-0.067453,0.047633,-2.88,-2.09,931.096,2271.428571
682.538813,0.033271,-0.039699,0.048737,-3.39,-1.61,874.494,2221.904762
683.292237,0.029075,-0.010797,-0.044364,-3.33,-1.38,792.97,2255.47619
684.045662,0.068346,0.000369,0.042449,-3.46,-0.63,879.955,2225
684.799087,0.021876,0.035006,0.060381,-3.97,-0.84,830.11,2249.285714
685.502283,0.009816,0.050846,0.078618,-3.47,-0.96,807.008,2198.571429
686.255708,-0.083713,0.018466,0.04441,-2.76,-1.53,894.745,2192.619048
687.009132,-0.035074,-0.210489,0.023132,-1.53,-1.74,860.931,2261.666667
687.762557,0.011421,-0.235118,0.078242,0.73,0.13,646.679,2141.190476
688.515982,-0.385237,-1.648515,0.045493,7.98,2.45,851.826,2185.714286
689.269406,-0.79891,-2.832691,0.053656,6.83,2.38,877.43,2239.285714
690.022831,-1.074736,-3.915419,0.014895,6.99,2.16,860.286,2203.571429
690.776256,-1.370171,-4.763021,0.023053,7.25,2.35,893.461,2184.52381
691.52968,-1.631385,-5.668801,0.015651,7.8,1.8,924.918,2174.761905
692.283105,-1.778374,-6.470385,-0.107638,8.94,2.52,850.855,2198.809524
693.03653,-2.006759,-7.476425,-0.045869,9.86,2.64,846.305,2204.047619
693.789954,-2.319505,-8.336072,-0.076491,9.9,2.99,1156.948,2230.238095
694.543379,-2.664374,-9.123795,-0.055597,8.95,2.54,922.967,2245.952381
695.296804,-2.904417,-9.691801,-0.112948,8.94,2.34,887.206,2211.904762
696,-3.158226,-10.186861,-0.026301,9.28,2.63,809.188,2205.952381
696.753425,-3.425005,-10.68224,-0.052972,8.95,2.69,817.159,2220
697.506849,-3.480993,-11.106586,0.012762,9.45,1.72,749.494,2209.047619
698.260274,-3.57559,-11.530807,0.204774,8.34,1.86,661.409,2201.666667
699.013699,-3.717908,-11.851346,0.113911,6.88,2.48,712.106,2249.52381
699.767123,-3.828652,-11.720357,0.170265,4.03,1.69,941.593,2227.619048
700.520548,-3.736865,-11.150525,0.125703,-0.99,-2.25,905.762,2247.857143
701.273973,-3.077153,-10.084869,0.067165,-7.48,-7.37,674.966,2168.333333
702.027397,-1.730738,-8.07943,0.135231,-14.8,-12.04,694.097,2115.952381
702.780822,-0.541366,-5.779119,0.121112,-16.65,-7.9,768.846,2177.142857
703.534247,-0.11062,-3.275087,-0.07357,-14.3,-3.29,794.608,2188.571429
704.287671,-0.104166,-1.90109,-0.08969,-10.36,-1.91,758.591,2103.571429
705.041096,-0.115815,-1.065131,-0.126761,-7.41,-1.28,855.062,2158.333333
705.794521,-0.125249,-0.839824,0.041185,1.2,0.51,849.981,2210
706.547945,-0.597304,-2.260568,-0.010262,6.67,1.83,814.949,2193.571429
707.251142,-0.915687,-3.232718,0.004405,4.1,0.96,958.809,2269.761905
708.004566,-1.044167,-3.609872,0.010232,-1.03,-0.95,885.743,2190.714286
708.757991,-0.645389,-3.155745,0.050551,-7.12,-6.65,888.094,2131.666667
709.511416,-0.079758,-1.916018,0.041542,-12.28,-2.28,893.352,2166.428571
710.26484,-0.092623,-0.908837,-0.026776,-8.2,-1.18,948.613,2192.857143
711.018265,-0.088453,-0.383092,-0.307281,-5,-1.71,850.18,2210.714286
711.771689,-0.071766,-0.29534,-0.454626,-3.84,-0.98,665.772,2163.809524
712.525114,-0.002138,-0.201522,-0.480649,-5.93,-1.43,814.565,2257.857143
713.278539,-0.016344,0.189898,-0.46343,-6.91,-1.73,834.439,2234.761905
714.031963,0.027616,0.32168,-0.749088,-2.63,-1.12,841.083,2250.238095
714.785388,0.024125,0.080701,-0.750574,-1.87,-0.32,771.093,2180.238095
715.538813,-0.074152,-0.020064,-0.70174,-3.02,-1.27,741.732,2198.571429
716.292237,0.032083,-0.0735,-0.714952,-3.54,-1.3,897.042,2231.428571
717.045662,-0.035637,-0.017182,-0.755504,-4.1,-1.32,770.982,2209.761905
717.799087,-0.042011,-0.055756,-0.720612,-3.3,-1.2,799.636,2243.571429
718.502283,0.003804,-0.085477,-0.720774,-3.93,-1.7,697.248,2177.142857
719.255708,0.031658,-0.031467,-0.743653,-3.79,-1.64,754.805,2162.142857
720.009132,-0.117705,-0.025657,-0.760757,-5.41,-1.44,727.002,2142.142857
720.762557,-0.001108,0.164132,-0.730998,-3.74,-3.24,575.476,2141.666667
721.515982,0.081035,0.005221,-0.709597,-3.39,-2.45,699.566,2173.571429
722.269406,-0.058694,-0.033461,-0.755386,-4.63,-2.17,633.665,2189.761905
723.022831,-0.046116,-0.078078,-0.724554,-4.26,-3.08,817.862,2210.952381
723.776256,-0.044053,-0.070961,-0.721677,-4.41,-2.56,831.962,2225.47619
724.52968,0.078481,-0.051182,-0.80754,-5.13,-2.2,773.777,2248.571429
725.283105,-0.019045,0.034197,-0.785747,-4.73,-1.47,764.626,2186.190476
726.03653,-0.101369,-0.008496,-0.749002,-3.7,-2.32,907.475,2231.904762
726.789954,-0.00576,-0.033838,-0.757164,-4.21,-2.34,750.579,2227.142857
727.543379,0.046069,0.027863,-0.787956,-4.56,-2.15,825.795,2252.380952
728.296804,-0.004826,0.006281,-0.675953,-4.29,-2.38,874.451,2226.190476
729,-0.034258,-0.022574,-0.776377,-3.83,-2.45,667.26,2238.571429
729.753425,-0.053429,-0.056006,-0.650915,-3.62,-2.02,781.179,2209.285714
730.506849,-0.002669,-0.02611,-0.757739,-4.73,-3.72,799.932,2209.761905
731.260274,0.108629,-0.081854,-0.695415,-3.8,-2.62,713.438,2150.47619
732.013699,0.237776,-0.117357,-0.772602,-4.28,-2.94,690.954,2180
732.767123,0.281347,-0.155223,-0.751047,-4.58,-2.68,806.158,2228.333333
733.520548,0.378363,-0.087158,-0.666901,-4.61,-2.62,822.744,2231.190476
734.273973,0.455624,-0.061361,-0.769314,-4.32,-2.72,864.486,2242.380952
735.027397,0.538946,-0.127599,-0.724439,-3.73,-2.78,812.324,2189.52381
735.780822,0.705326,-0.207406,-0.765468,-4.19,-2.87,790.431,2207.857143
736.534247,0.685439,-0.128744,-0.747347,-4.23,-2.37,847.554,2168.571429
737.287671,0.736141,-0.124378,-0.794742,-4.3,-2.09,876.414,2245.714286
738.041096,0.655607,-0.248978,-0.818953,-2.89,-2.19,806.368,2195.714286
738.794521,0.673571,-0.435295,-0.703135,-2.45,-2.07,868.527,2215.714286
739.547945,0.578195,-0.659177,-0.814826,-2.38,-1.99,786.238,2221.190476
740.251142,0.481799,-0.863704,-0.760392,-2.54,-2.42,821.322,2216.666667
741.004566,0.573506,-0.895746,-0.748294,-2.57,-1.83,884.767,2230.714286
741.757991,0.474157,-1.132944,-0.818704,-1.72,-1.97,898.15,2251.904762
742.511416,0.46682,-1.357499,-0.80827,-2.01,-2.22,781.895,2167.857143
743.26484,0.499801,-1.476539,-0.897493,-2.94,-2.02,787.29,2196.666667
744.018265,0.507494,-1.575951,-0.933982,-2.21,-2,946.571,2189.285714
744.771689,0.564558,-1.719687,-0.715742,-1.8,-1.16,835.507,2202.857143
745.525114,0.509656,-1.994094,-0.661457,-2.19,-2.26,837.287,2250.952381
746.278539,0.564883,-2.116956,-0.607457,-2.3,-2.71,818.264,2191.428571
747.031963,0.581774,-2.279269,-0.714425,-3.28,-2.78,934.374,2249.52381
747.785388,0.674837,-2.064614,-0.77152,-6.04,-1.28,795.094,2165.714286
748.538813,0.079061,-1.160145,-0.849151,-12.73,0.86,784.214,2226.190476
749.292237,0.051262,-0.079882,-0.847605,-9.41,-3.09,752.808,2190.714286
750.045662,0.051064,0.259029,-0.796254,-2.55,-2.28,876.903,2250.952381
750.799087,0.052987,-0.302972,-0.771084,0.73,-1.82,828.973,2244.52381
751.502283,0.074896,-0.80576,-0.708294,-0.96,-1.76,750.171,2195.47619
752.255708,0.009562,-1.193756,-0.655749,-1.46,-1.07,912.787,2252.380952
753.009132,-0.099956,-1.376935,-0.655391,-1.68,-0.92,811.033,2201.428571
753.762557,-0.07102,-1.389512,-0.754228,-5.87,-4.96,678.173,2209.761905
754.515982,0.167802,-0.571449,-0.68632,-12.6,-2.47,751.188,2219.047619
755.269406,0.077667,0.308273,-0.614896,-7.48,-1.63,677.822,2253.809524
756.022831,0.154275,0.241378,-0.631522,-1.53,-2.29,881.341,2267.857143
756.776256,0.366085,-0.185755,-0.700338,-0.58,-2.82,723.782,2169.285714
757.52968,0.510262,-0.520064,-0.664142,-2.46,-1.79,738.625,2106.666667
758.283105,0.507598,-0.608934,-0.709135,-3.97,-2.5,650.351,2175.714286
759.03653,0.242563,-0.119277,-0.685224,-9.38,1.63,708.496,2174.047619
759.789954,0.056068,0.121613,-0.649023,-2.5,-1.37,796.277,2190.714286
760.543379,0.060106,-0.13152,-0.777962,-5,-0.68,622.895,2154.285714
761.296804,-0.125766,0.03134,-0.663511,-4.45,-0.34,834.225,2128.333333
762,-0.061244,0.063127,-0.678946,-3.22,-2.11,684.617,2159.047619
762.753425,-0.094858,-0.034879,-0.679312,-4.07,-2.21,716.833,2131.904762
763.506849,0.027576,0.037038,-0.681678,-5.14,-1.01,751.173,2161.666667
764.260274,-0.057315,0.087775,-0.658811,-3.52,-1.11,747.418,2163.571429
765.013699,0.070716,-0.061344,-0.678764,-3.88,-0.85,737.266,2156.190476
765.767123,0.020418,-0.034731,-0.687467,-4.97,-1.26,685.12,2121.904762
766.520548,0.024908,-0.038938,-0.709567,-2.91,-1.86,827.201,2163.095238
767.273973,0.025336,-0.008705,-0.719293,-4.88,-1.12,808.555,2130.47619
768.027397,-0.059336,0.067102,-0.779131,-3.75,-1.43,709.268,2100.714286
768.780822,0.067225,-0.009841,-0.63386,-4.68,-1.65,672.8,2157.380952
769.534247,-0.023686,0.058241,-0.266624,-4,-0.17,847.745,2095.238095
770.287671,0.022043,0.031656,-0.29646,-3.14,-1.44,777.521,2160
771.041096,-0.019918,0.022464,-0.368791,-4.64,-0.38,738.888,2123.333333
771.794521,-0.023209,0.030026,-0.338013,-3.72,-0.81,738.776,2102.380952
772.547945,-0.028787,0.049306,-0.328855,-3.03,-1.07,688.769,2116.428571
773.251142,-0.013748,0.00302,-0.311238,-2.39,-1.36,787.01,2120.952381
774.004566,0.023338,-0.030455,-0.379281,-2.21,-1.23,768.633,2188.809524
774.757991,0.054952,-0.043193,-0.343606,-2.26,-0.93,813.916,2223.333333
775.511416,0.074837,-0.048653,-0.341597,-2.38,-0.76,804.776,2176.904762
776.26484,0.005718,-0.080108,-0.313311,-2.7,-0.32,768.603,2154.761905
777.018265,-0.06345,-0.038835,-0.269489,-2.81,-0.17,776.995,2133.571429
777.771689,-0.017584,0.027133,-0.046403,-2.79,0.99,806.066,2093.095238
779.178082,-0.012933,0.02205,-0.073962,-2.78,0.96,27.434,964.047619
779.278539,-0.010275,0.017146,-0.073685,-2.75,0.96,39.096,937.142857
780.182648,-0.008311,0.018801,-0.081345,-2.74,0.93,53.313,1001.666667
780.785388,0.002839,0.013213,-0.08801,-2.71,0.91,12.63,755.952381
781.538813,-0.002372,0.001414,-0.098276,-2.7,0.91,24.305,694.761905
1825.13242,0.021085,-0.022481,-0.01926,-2.9,0.74,57.964,175.952381
1825.534247,0.01893,0.00381,-0.019476,-2.91,0.82,43.967,681.428571
1826.287671,0.011287,0.00477,-0.022375,-2.91,0.83,28.35,683.095238
1827.041096,-0.001149,-0.000928,-0.023509,-2.91,0.78,27.897,682.857143
1827.794521,-0.002261,0.003429,-0.023833,-2.92,0.79,28.11,684.761905
1828.547945,-0.010181,0.009593,-0.025908,-2.99,0.8,26.908,685.238095
1933.826484,-0.002228,0.018174,-0.003896,-3.06,0.76,58.379,173.809524
1934.278539,-0.006217,0.006875,-0.006319,-3.06,0.78,30.305,685.714286
1935.031963,-0.009179,0.001051,-0.006008,-3.07,0.77,27.39,685
1935.785388,-0.001382,0.00608,-0.005309,-3.03,0.76,27.87,684.761905
1936.538813,-0.005117,0.006445,-0.003148,-3.02,0.77,28.591,681.666667
1937.292237,0.002986,-0.006165,-0.003717,-2.98,0.7,102.645,906.190476
1938.045662,0.000094,-0.005882,-0.014733,-2.96,0.73,64.943,928.095238
1938.799087,-0.015323,-0.020619,-0.019442,-2.91,0.75,60.339,934.761905
1939.502283,-0.126146,-0.321045,0.779411,0.36,0.25,94.771,945.238095
1940.255708,-0.268633,-0.564064,0.347598,-2.14,0.15,1268.223,2414.047619
1941.009132,-0.197434,-0.284752,0.405969,-5.18,-0.11,736.765,2103.333333
1941.762557,-0.11829,-0.102529,0.449931,-2.48,-0.94,878.683,2197.142857
1942.515982,-0.049055,-0.069284,0.455805,-3.67,-1.22,944.751,2213.095238
1943.269406,0.123264,0.04955,0.53,-3.73,-0.87,893.871,2198.571429
1944.022831,-0.014019,0.17855,0.526007,-0.57,-1.36,931.054,2231.666667
1944.776256,-0.140304,0.016602,0.478372,-5.49,0.69,896.479,2219.285714
1945.52968,-0.228907,0.485122,0.524035,-5.53,-0.63,901.637,2233.333333
1946.283105,-0.204439,0.536424,0.544897,0.58,-2.77,931.533,2249.52381
1947.03653,-0.051497,-0.191615,0.584824,0.77,-1.29,935.252,2266.428571
1947.789954,-0.116592,-0.207194,0.544382,-5.15,-0.98,808.11,2197.142857
1948.543379,-0.112887,0.04431,0.584275,-3.16,-0.66,943.801,2199.285714
1949.296804,0.008114,0.049265,0.386468,-2.61,-1.17,907.736,2216.666667
1950,-0.023386,0.043733,0.252103,-2.79,-1.55,660.184,2152.142857
1950.753425,0.007398,-0.025406,0.269433,-2.71,-1.23,876.264,2219.52381
1951.506849,0.007385,0.039009,0.352173,-3.71,-0.9,846.484,2210
1952.260274,0.025842,0.066579,0.335705,-2.92,-0.06,717.85,2211.666667
1953.013699,0.013882,0.058451,0.383804,-1.86,-1.34,800.551,2164.761905
1953.767123,0.017966,-0.052182,0.390698,-2,-0.34,841.588,2209.52381
1954.520548,-0.009788,-0.007704,0.301796,-2.52,-0.66,764.053,2195.238095
1955.273973,-0.044963,0.023686,0.352996,-2.64,-1.19,813.801,2160.47619
1956.027397,0.044897,0.024601,0.19439,-1.54,-1.45,856.698,2223.571429
1956.780822,0.007189,-0.001295,0.163594,-1.73,-0.47,857.242,2148.333333
1957.534247,0.023784,-0.010624,0.151354,-1.92,-0.61,838.846,2194.285714
1958.287671,-0.053855,0.025454,0.113235,-1.35,-0.27,898.446,2174.761905
1959.041096,-0.02536,-0.017251,-0.018771,-1.79,-0.85,839.182,2164.047619
1959.794521,0.07049,-0.012012,-0.083408,-2.17,-0.6,882.93,2162.380952
1960.547945,-0.005805,0.038157,-0.167967,-2.22,-0.57,746.534,2140.714286
1961.251142,-0.067289,0.011346,-0.390497,-1.73,-0.93,827.335,2170.952381
1962.004566,0.031269,-0.027341,-0.386592,-1.84,-1.5,860.487,2135.714286
1962.757991,0.062536,0.000997,-0.418197,-1.52,-1.02,876.128,2200
1963.511416,0.033719,-0.086132,-0.472719,-1.94,-0.45,936.752,2170.238095
1964.26484,0.001644,-0.022625,-0.430159,-2.61,-0.73,826.908,2185.714286
1965.018265,-0.043641,0.055174,-0.421834,-2.19,-0.26,807.591,2230
1965.771689,0.028263,0.005247,-0.416077,-2.11,-0.7,847.284,2192.857143
1966.525114,-0.0049,-0.0138,-0.427524,-2.17,-1.67,875.028,2227.619048
1967.278539,-0.029631,-0.043003,-0.410119,-2.65,-1.81,899.686,2206.904762
1968.031963,0.063941,0.012141,-0.474345,-3.07,-1.16,841.874,2188.333333
1968.785388,0.071066,0.083113,-0.429692,-2.4,-0.7,801.392,2206.190476
1969.538813,-0.011587,0.016819,-0.392052,-2.92,-0.51,861.887,2226.190476
1970.292237,0.037085,0.009014,-0.230441,-2.34,-1.12,840.671,2242.857143
1971.045662,-0.010974,-0.004536,-0.210573,-2.16,-0.25,929.503,2255
1971.799087,-0.011942,-0.023396,-0.149421,-3.34,-1.49,868.471,2213.571429
1972.502589,0.023411,0.0205,-0.169536,-2.88,-0.8,849.732,2206.428571
1973.256473,-0.011616,0.003108,-0.13119,-2.6,-0.32,876.427,2227.142857
1974.010356,-0.034616,-0.028994,-0.095276,-2.56,-0.51,942.958,2224.761905
1974.76424,0.006021,0.030877,-0.133583,-2.32,-0.32,820.591,2198.095238
1975.518124,-0.010478,0.010143,-0.107738,-2.58,-0.87,869.783,2139.52381
1976.272007,-0.02483,0.00531,-0.10237,-2.11,-0.63,897.717,2182.619048
1977.025891,-0.017806,-0.014373,-0.047987,-2.4,-0.3,836.393,2215
1977.779775,-0.034795,0.016073,-0.056871,-2.71,-0.26,809.84,2194.285714
1978.533658,-0.086168,-0.010211,-0.062469,-3.17,-0.54,797.857,2140.714286
1979.287542,0.032656,-0.004298,-0.144678,-3.97,-0.68,847.743,2191.904762
1980.041426,0.048769,0.024317,-0.10576,-2.82,-0.88,770.348,2191.666667
1980.795309,0.061599,0.061046,-0.163733,-2.4,-0.22,860.547,2144.047619
1981.549193,-0.146997,0.019367,-0.021162,-1.63,0.63,857.336,2155.47619
1982.252818,-0.012439,0.008533,-0.029064,-2.67,1.31,879.727,2163.333333
1983.459031,-0.019569,-0.002371,-0.044717,-2.64,1.28,18.767,968.571429
1983.760585,-0.015233,-0.006726,-0.049643,-2.65,1.28,50.83,892.619048
1984.514468,-0.00403,-0.009355,-0.065804,-2.64,1.26,61.521,880.952381
1985.268352,-0.001553,-0.012968,-0.070892,-2.63,1.23,19.992,708.571429
1986.022236,0.000475,-0.010888,-0.075037,-2.63,1.23,25.919,685
1986.776119,0.007069,-0.008118,-0.0749,-2.64,1.22,25.444,685
1987.530003,0.003286,-0.007655,-0.08237,-2.64,1.2,25.234,685.714286
2036.130369,0.003257,0.000878,-0.003172,-2.68,1.26,57.9,168.809524
2036.281145,-0.004724,-0.009126,-0.00513,-2.68,1.25,157.477,432.380952
2037.035029,-0.000523,-0.010136,-0.006128,-2.68,1.25,25.599,687.619048
2037.788913,-0.008213,-0.011219,0.001347,-2.69,1.26,26.316,687.619048
2038.542796,-0.093592,-0.106848,0.231183,-0.72,-0.44,26.557,686.190476
2039.29668,-0.074346,-0.150896,1.102525,-4.08,-0.54,1222.38,2063.095238
2040.000305,-0.059792,0.001705,1.567392,-4.14,-1.46,1129.679,2348.095238
2040.754188,0.02999,0.038027,1.456455,-3.7,-2.38,873.862,2293.571429
2041.508072,0.12448,-0.013886,1.520239,-3.42,-1.2,885.512,2242.380952
2042.261956,0.064883,-0.011127,1.511835,-3.04,-1.79,895.914,2305.47619
2043.015839,0.121377,-0.004994,1.612476,-2.7,-0.34,1104.641,2327.142857
2043.769723,0.080076,-0.049056,1.5792,-1.88,-0.17,986.7,2294.285714
2044.523606,0.056568,-0.096497,1.582107,-2.84,-1.24,903.017,2300.952381
2045.27749,0.007183,-0.018138,1.604004,-2.88,0.76,949.853,2273.333333
2046.031374,-0.089769,0.081832,1.682651,-1.7,-1.27,929.729,2261.190476
2046.785257,0.026851,-0.057502,1.709109,-1.65,-0.12,972.902,2233.333333
2047.539141,0.025714,-0.022141,1.676561,-1.93,0.2,875.271,2272.619048
2048.293025,-0.050406,-0.027295,1.651207,-2.18,0.47,897.743,2214.761905
2049.046908,-0.071927,0.024145,1.654654,-2.33,-1.08,930.847,2222.142857
2049.750533,0.001605,-0.012254,1.645632,-2.15,-0.58,979.813,2269.047619
2050.504417,0.03496,-0.006121,1.624725,-2.54,-0.11,975.035,2276.428571
2051.2583,-0.049404,0.077739,1.6325,-2.45,-1.13,962.931,2258.571429
2052.012184,0.035745,0.015386,1.545509,-2,-1.54,837.494,2191.666667
2052.766068,0.105754,-0.013106,1.539906,-1.88,-0.94,861.765,2163.333333
2053.519951,0.065153,-0.046575,1.565779,-1.58,-0.16,897.118,2188.333333
2054.273835,-0.043857,-0.028407,1.560605,-1.67,-1.1,804.124,2181.666667
2055.027719,0.003453,0.008661,1.542307,-2.05,-1.3,991.99,2203.333333
2055.781602,0.052208,-0.000926,1.548442,-1.77,-0.7,883.098,2201.190476
2056.535486,0.017958,-0.024149,1.642814,-1.63,-1.08,939.539,2196.190476
2057.289369,-0.0115,0.007766,1.635387,-1.74,-0.76,893.295,2198.571429
2058.043253,-0.062265,0.002728,1.665113,-2.33,-0.98,995.882,2206.904762
2058.797137,0.012845,0.025727,1.586638,-1.62,-0.95,889.133,2197.142857
2059.500761,-0.010742,-0.007678,1.586335,-1.54,-0.75,884.477,2166.428571
2060.254645,-0.020772,-0.044811,1.626284,-2.27,-0.62,919.92,2185.952381
2061.008529,-0.01993,-0.011407,1.568258,-2.29,-0.55,908.798,2200.714286
2061.762412,-0.026033,0.019375,1.628921,-2.5,-0.78,926.408,2196.904762
2062.516296,0.019673,0.028667,1.628604,-1.96,-0.67,869.655,2249.285714
2063.27018,0.055415,-0.043532,1.655832,-1.8,-0.57,885.688,2214.52381
2064.024063,-0.028559,-0.04188,1.571372,-3.64,-0.23,851.024,2217.619048
2064.777947,-0.070653,0.046085,1.561295,-2.8,-1.14,871.394,2197.857143
2065.531831,0.010749,0.019544,1.539513,-3.12,-0.98,881.15,2225.952381
2066.285714,0.066027,0.006376,1.559282,-3.29,-0.08,962.802,2198.333333
2067.039598,0.014432,0.030499,1.205642,-3.69,-0.26,897.865,2204.52381
2067.793482,0.005713,0.03466,0.772292,-3.01,0.02,757.772,2117.380952
2068.547365,-0.023204,0.003798,0.338903,-3.53,-0.51,807.964,2127.857143
2069.25099,0.073701,-0.012114,0.015668,-3.47,-2.46,767.63,2125.47619
2070.004874,0.514925,-0.030422,-0.084143,-4.66,-5.57,845.353,2147.380952
2070.758757,1.546812,0.093505,0.003,-6.33,-9.33,846.449,2171.190476
2071.512641,2.942184,0.475203,0.006322,-7.16,-17.16,665.638,2067.380952
2072.316783,5.198196,0.574891,0.043073,-6.01,-18.28,563.586,2159.047619
2073.020408,6.576404,0.557959,0.021182,-5.17,-13.73,789.038,2197.380952
2073.774292,7.312445,0.582555,-0.054936,-4.82,-11.01,601.262,2054.047619
2074.528175,7.845474,0.65756,0.002044,-5.45,-7.08,571.475,2022.142857
2075.282059,7.939939,0.79947,-0.017122,-5.55,-5.3,733.144,2002.142857
2076.035943,7.294667,0.751891,0.108276,-2.66,1.85,361.998,1930.238095
2076.789826,5.868675,0.71824,0.112725,0.13,11.2,544.143,1954.52381
2077.54371,3.100166,0.416456,-0.009156,2.35,21.74,600.513,1958.095238
2078.297594,-0.1503,0.318084,0.008954,0.62,26.03,740.693,2143.571429
2079.001218,-3.364647,0.3384,0.054762,2.52,24.54,1116.846,2293.571429
2079.755102,-6.455582,0.424479,-0.052625,2.98,25.23,794.338,2168.809524
2080.508986,-8.891679,0.358739,-0.170712,3.68,22.28,920.326,2260.47619
2081.262869,-10.307798,0.193725,-0.238767,2.01,14.83,723.414,2226.190476
2082.016753,-10.939169,0.177573,-0.349772,-0.32,12.21,660.932,2089.52381
2082.770637,-11.130501,0.062388,-0.097147,-4.11,6.27,506.053,2019.047619
2083.52452,-11.134274,0.407832,-0.109062,-2.39,6.56,653.408,1972.142857
2084.278404,-11.035571,0.53338,-0.08302,-0.34,5.86,746.847,2068.095238
2085.032288,-10.873393,0.36202,0.178146,-0.58,5.62,581.385,2015.238095
2085.786171,-10.828609,0.119683,-0.019497,-3.5,7.06,808.888,2091.666667
2086.540055,-10.779699,0.268055,0.028763,-3.43,8.86,613.998,1796.428571
2087.293938,-10.863019,0.339021,0.003389,-4.33,6.83,584.074,1982.619048
2088.047822,-10.76899,0.394216,-0.041675,-2.15,8.91,622.401,1844.52381
2088.902224,-10.676805,0.364881,0.08598,-0.64,9.46,393.364,1873.333333
2089.50533,-10.821358,0.314597,0.012828,-1.27,11.49,524.708,1890.952381
2090.259214,-10.933933,0.312824,0.038825,-3.01,5.2,575.907,1937.142857
2091.013098,-10.735212,0.330969,-0.018996,-1.72,7.37,578.595,1965.952381
2091.766981,-10.841982,0.263655,0.016922,-2.06,7.49,620.855,1948.571429
2092.520865,-10.915353,0.291112,0.121106,-3.05,6.58,667.962,2032.380952
2093.274749,-10.93889,0.298664,0.066216,-3.95,6.34,693.053,2027.380952
2094.028632,-10.779336,0.404593,0.084985,-3.42,6.94,574.925,1980.238095
2094.782516,-10.915938,0.338674,0.145801,-3.31,6.12,565.303,2002.857143
2095.5364,-10.859414,0.301958,0.097947,-2.77,6.99,767.562,2060.47619
2096.290283,-10.909901,0.323177,-0.007659,-2.38,6.91,626.125,1986.190476
2097.044167,-10.93871,0.280156,-0.065145,-3.48,7.63,678.091,2015.47619
2097.798051,-11.026739,0.309623,0.080826,-3.99,6.85,763.79,2046.666667
2098.501675,-10.952705,0.381417,0.049987,-2.86,5.82,776.634,2091.666667
2099.255559,-10.934209,0.277146,0.013153,-2.02,7.96,666.688,2070
2100.009443,-10.703458,0.236013,-0.027574,-2.41,2.32,700.545,2019.52381
2100.763326,-9.650873,0.417527,-0.012491,-6.6,-3.44,645.175,2058.333333
2101.51721,-8.134562,1.160727,-0.028741,-10.95,-6.89,734.691,2069.52381
2102.271094,-6.271173,2.217422,0.040646,-16.08,-12.26,731.708,2049.047619
2103.024977,-3.738974,4.014859,0.127014,-22.12,-11.32,764.848,2074.761905
2103.778861,-2.164204,6.22962,0.163818,-24.59,-8.96,893.358,2159.761905
2104.532744,-0.813893,8.339484,0.137422,-21.29,-7.88,998.421,2272.142857
2105.286628,-0.006291,9.697964,0.115496,-20.42,-4.5,879.972,2277.619048
2106.040512,0.164893,10.707028,0.153031,-17.04,-0.52,953.507,2245.47619
2106.794395,0.159124,11.137403,0.218747,-13.56,-1.61,818.674,2289.047619
2107.548279,0.135255,11.117401,0.081633,-12.88,-1.83,932.601,2247.380952
2108.251904,0.170836,11.258224,0.024712,-13.22,-2.25,751.694,2074.047619
2109.005787,0.170437,11.157679,0.046736,-13.22,-1.94,808.293,2161.666667
2109.759671,0.111531,11.159425,0.068936,-11.9,-1.97,554.936,2115.238095
2110.513555,-0.001169,11.038291,-0.032311,-11.05,-1.29,799.139,2109.52381
2111.267438,-0.061176,10.949456,-0.045488,-11.63,-1.16,783.16,2095.952381
2112.021322,-0.113204,10.979861,-0.03332,-12.47,-0.79,728.275,2118.333333
2112.775206,-0.099613,10.928439,-0.065756,-12.41,-0.48,601.942,2044.285714
2113.529089,-0.058063,10.881193,-0.154217,-11.84,0.92,576.914,2009.047619
2114.282973,-0.235282,10.880178,-0.099602,-12.01,2.54,639.761,1980
2115.137374,-0.090585,10.233389,0.035747,-6.7,0.11,660.017,1972.380952
2115.79074,0.057966,9.553686,-0.030003,-3.41,-5.01,772.92,1987.619048
2116.745659,1.262339,7.156883,-0.064717,4.75,-12.45,454.912,1724.047619
2117.298507,2.250592,5.657582,0.030579,7.23,-15.15,606.08,1865
2118.002132,4.042287,3.650486,0.084256,4.81,-20.07,540.089,1984.047619
2118.806275,6.384689,1.780511,0.171987,2.44,-22.52,771.538,2136.904762
2119.509899,8.500219,0.456604,0.216971,-1.25,-19.44,902.148,2114.761905
2120.263783,9.846592,-0.14497,0.156887,-5,-17.65,867.874,2250.952381
2121.017667,10.714267,-0.245788,0.138025,-7.66,-16.3,789.52,2303.809524
2121.77155,11.165689,-0.105204,0.254445,-6.16,-10.42,889.229,2171.666667
2122.525434,11.224048,-0.173091,-0.075758,-6.9,-11.9,957.647,2214.52381
2123.279318,11.257704,-0.076,-0.027592,-6.6,-9.33,623.553,2047.619048
2124.033201,11.215443,-0.093442,0.028601,-5.63,-8.04,613.178,2030.714286
2124.787085,11.153712,-0.117091,0.069284,-6.59,-8.13,719.282,1984.52381
2125.540969,10.962321,-0.075526,0.129654,-4.91,-8.99,443.313,1970.47619
2126.294852,11.012229,-0.082122,0.204516,-5.25,-8,593.533,1959.52381
2127.048736,10.902249,-0.040181,0.045952,-5.7,-9.82,647.764,1990.952381
2127.752361,10.853203,-0.167577,0.082903,-6.41,-9.4,625.892,1925.714286
2128.606762,10.950802,-0.082145,-0.004142,-6.42,-7.84,518.47,2075.47619
2129.260128,10.952087,-0.027547,-0.005803,-5.93,-7.91,713.448,2044.761905
2130.014012,10.972383,-0.042611,-0.035079,-7.41,-7.43,452.686,1967.857143
2130.767895,10.952744,0.01928,0.012379,-6.05,-9.27,600.541,1966.666667
2131.521779,10.917038,-0.036978,-0.008391,-5.22,-9.48,399.598,2076.904762
2132.275663,10.977578,-0.094281,0.01588,-6.45,-8.72,461.434,1926.666667
2133.180323,10.848832,-0.050346,-0.211677,-8.36,-9.59,457.878,1907.142857
2133.833689,10.821877,0.01899,-0.100663,-6.21,-12.52,446.197,1915.47619
2134.587572,11.072276,0.049025,-0.01066,-5.32,-10.86,635.005,2224.52381
2135.291197,11.112824,-0.051781,-0.043809,-6.13,-9.59,923.931,2198.095238
2136.045081,11.045205,-0.065382,-0.085763,-6.96,-11.02,797.77,2210.714286
2136.798964,11.076003,0.031104,-0.072006,-6.06,-10.04,911.701,2237.142857
2137.502589,10.998912,-0.091334,-0.095934,-5.64,-9.32,905.823,2187.619048
2138.256473,10.961128,-0.077367,0.05785,-6.93,-9.5,881.792,2233.809524
2139.010356,10.987095,-0.009521,0.025287,-6.09,-8.54,859.593,2218.571429
2139.76424,10.537489,-0.032118,0.09245,-5.74,-3.4,750.088,2206.666667
2140.518124,9.490889,-0.080014,0.120424,-5.41,1.03,797.048,2207.619048
2141.272007,8.131029,-0.032428,0.254235,-4.9,7.39,729.772,2054.52381
2142.025891,5.98982,-0.058033,0.025559,-4.49,12.29,505.572,2037.142857
2142.98081,3.264591,0.013673,0.00268,-3.75,12.52,408.42,1937.619048
2143.533658,1.611504,-0.172253,-0.07282,-0.71,10.85,501.452,2023.571429
2144.287542,0.477146,-0.827617,-0.000309,2.29,4.47,650.448,2155
2145.041426,-0.015206,-1.99389,-0.047553,7.28,1.24,781.579,2222.619048
2145.795309,-0.132424,-3.466343,-0.07497,11.64,0.32,911.376,2237.857143
2146.549193,-0.226632,-5.705367,-0.083261,15.4,-0.29,878.389,2227.380952
2147.252818,-0.309547,-7.584874,-0.016775,13.19,-0.96,896.997,2247.619048
2148.006701,-0.272499,-8.998752,-0.028724,12.32,-0.73,891.983,2232.857143
2148.760585,-0.368921,-10.164029,-0.043236,10.76,0.43,900.743,2199.761905
2149.514468,-0.395105,-10.863572,-0.077468,6.25,-0.71,850.755,2167.619048
2150.268352,-0.444903,-10.890071,-0.168227,4.29,-1.24,869.774,2180.47619
2151.022236,-0.502887,-10.955871,-0.147708,4.3,-0.69,676.737,2087.857143
2151.776119,-0.443872,-11.078806,-0.07114,2.96,-0.5,749.992,2170.952381
2152.530003,-0.44974,-10.899546,-0.024851,3.98,-0.18,820.931,2213.809524
2153.283887,-0.47823,-10.884201,-0.021494,3.37,-0.83,723.003,2143.809524
2154.03777,-0.505301,-10.884293,-0.003119,3.63,-0.46,901.269,2161.666667
2154.791654,-0.40602,-10.8976,0.033386,3.12,0.04,829.028,2173.571429
2155.545538,-0.449065,-10.808508,0.147711,2.97,1.95,817.772,2207.619048
2156.299421,-0.576909,-10.793643,0.085277,4.81,1.49,783.727,2228.095238
2157.003046,-0.566919,-10.873801,0.097078,4.27,0.5,823.662,2210
2157.75693,-0.591845,-10.886819,0.142958,4.54,-0.49,844.145,2218.809524
2158.510813,-0.421748,-10.404699,0.165295,-0.79,-0.45,785.625,2215.714286
2159.264697,-0.613502,-9.622704,0.176163,-5.12,3.85,704.941,2171.190476
2160.018581,-1.240844,-8.042737,0.223412,-11.53,8.32,819.01,2157.380952
2160.772464,-2.330327,-6.173755,0.14699,-16.47,14.3,772.278,2184.52381
2161.526348,-4.211313,-3.576609,-0.009026,-13.94,16.88,716.989,2191.428571
2162.280231,-6.24942,-2.003834,0.119946,-12.16,20.59,835.46,2258.809524
2163.034115,-8.353361,-0.536343,-0.154554,-10.49,19.78,940.152,2317.380952
2163.787999,-9.70257,0.256043,-0.268844,-8.03,18.05,776.16,2208.809524
2164.541882,-10.779842,0.413414,-0.102376,-5.21,12.87,837.506,2095.47619
2165.295766,-11.224397,0.413491,0.056929,-5.93,8.67,896.943,2160.952381
2166.04965,-11.160505,0.547026,0.054172,-4.94,8.07,669.295,2106.428571
2166.753274,-11.122369,0.461413,0.111691,-4.4,7.1,778.941,2058.333333
2167.507158,-11.098107,0.464316,0.140475,-3.83,7.14,732.031,2064.761905
2168.261042,-11.100316,0.370606,0.083332,-4.08,7.05,831.414,2123.809524
2169.014925,-10.988603,0.383128,0.042385,-4.62,5.69,739.749,2121.666667
2169.768809,-10.988304,0.269136,-0.041913,-3.65,6.39,719.455,2003.333333
2170.522693,-10.90637,0.235642,-0.104909,-3.12,7.9,709.033,2122.380952
2171.276576,-10.932191,0.25399,-0.065088,-3.48,7.49,887.721,2087.857143
2172.03046,-10.982197,0.230988,-0.048311,-4.61,6.21,815.939,2045.714286
2172.784344,-10.890801,0.368277,0.005505,-4.48,6.31,645.084,2046.190476
2173.538227,-10.929113,0.251429,0.003797,-3.71,5.96,698.703,2084.285714
2174.292111,-10.909603,0.262148,-0.098762,-3.72,6.51,642.813,1985.47619
2175.045995,-10.968636,0.225014,-0.020285,-3.84,6.61,726.796,2060.714286
2175.799878,-10.998509,0.22527,-0.066804,-3.84,8,766.23,2080.714286
2176.503503,-10.979166,0.271228,0.053343,-4.95,5.59,745.627,2075.238095
2177.257387,-10.985901,0.395735,0.016074,-4.24,6.7,729.45,2056.904762
2178.01127,-11.021728,0.37079,-0.042296,-3.15,6.06,668.79,2094.761905
2178.765154,-11.000532,0.369495,-0.094086,-3.26,5.91,742.153,2044.761905
2179.519037,-11.000518,0.324824,-0.118111,-2.69,6.57,745.495,2039.761905
2180.272921,-11.070639,0.196293,-0.176874,-2.65,7,778.622,2032.142857
2181.026805,-11.112023,0.199524,0.028967,-3.36,5.53,753.794,2092.857143
2181.780688,-11.020616,0.254385,-0.044086,-3.53,5.76,756.43,2118.809524
2182.534572,-10.739953,0.343519,-0.008725,-2.71,1.15,822.958,2031.428571
2183.288456,-10.075146,0.199857,-0.065295,-4.3,-3.3,633.606,2051.428571
2184.042339,-8.531882,0.812216,0.0928,-9.63,-9,672.146,1944.285714
2184.796223,-6.882344,1.830409,-0.016844,-13.97,-12.43,729.714,1974.285714
2185.550107,-4.38014,3.469205,0.095904,-19.21,-15.8,719.961,1883.571429
2186.253731,-2.528132,5.537298,0.136743,-24.44,-15.05,681.533,2049.047619
2187.007615,-1.21224,7.75168,0.045462,-25.14,-11.89,883.728,2265.47619
2187.761499,-0.156236,9.588507,0.111517,-21.16,-6.89,981.106,2312.619048
2188.515382,0.12882,10.626333,0.154224,-19.09,-3.2,958.673,2320.952381
2189.269266,0.041517,11.064298,0.168532,-17.11,-3.06,999.547,2284.285714
2190.02315,0.035016,11.082218,0.05119,-15.55,-3.96,886.513,2259.761905
2190.777033,0.129416,11.162971,0.021825,-15.02,-2.57,934.148,2228.333333
2191.530917,0.10557,11.20579,0.115651,-13.22,-2.1,805.74,2227.142857
2192.2848,0.13585,11.11591,0.042532,-13.75,-2.66,903.353,2228.571429
2193.038684,0.035051,11.031115,0.012356,-13.74,-3.2,729.472,2174.285714
2193.792568,-0.023558,10.96602,-0.006147,-13.3,-2.09,728.378,2195.952381
2194.546451,-0.050339,11.016022,-0.013285,-13.46,-1.51,779.231,2132.142857
2195.250076,-0.059004,10.96035,-0.022961,-12.85,-1.99,963.005,2201.666667
2196.00396,-0.086127,10.931778,0.056274,-13.04,-1.66,804.208,2191.428571
2196.757843,-0.123248,10.872819,0.102903,-12.95,-1.76,894.502,2192.142857
2197.511727,-0.056692,10.639966,0.061102,-7.33,-1.89,822.257,2180.238095
2198.265611,-0.014524,9.809928,0.058714,-1.32,-3.99,668.311,2106.904762
2199.019494,0.833474,8.252892,0.046065,3.27,-8.24,690.017,2035.714286
2199.773378,1.92367,6.346399,-0.055159,8.62,-12.53,763.994,2011.904762
2200.527262,3.762951,3.864877,-0.14425,9.28,-17.81,347.737,2002.380952
2201.281145,5.911887,2.072989,0.037187,5.28,-21.54,664.163,2043.571429
2202.035029,8.147942,0.792957,0.115038,1.94,-18.27,978.984,2279.761905
2202.788913,9.458327,0.186742,0.128406,-0.54,-18.11,973.952,2381.666667
2203.542796,10.605221,-0.049311,-0.058571,-2.61,-16.63,963.79,2330.714286
2204.29668,11.103502,-0.181138,-0.006088,-3.01,-13.58,956.084,2298.571429
2205.000305,11.246215,-0.268981,-0.17044,-4.05,-10.91,825.439,2133.809524
2205.754188,11.266814,-0.263449,0.020696,-5.43,-11.12,701.722,1982.142857
2206.508072,11.203563,-0.110359,-0.115663,-5.35,-8.55,781.214,2065.238095
2207.261956,10.995833,-0.064287,0.074193,-4.07,-9.51,599.064,2014.047619
2208.015839,10.998939,-0.089655,0.039992,-4.51,-9.83,865.425,2160.952381
2208.769723,10.922003,-0.016018,-0.033173,-4.91,-9.29,733.09,2108.095238
2209.523606,10.859632,-0.020576,-0.078203,-5.29,-10.5,786.556,2150.238095
2210.27749,10.866165,-0.117775,0.067071,-5.28,-11.06,800.685,2089.761905
2211.031374,10.855371,-0.152933,0.006476,-5.4,-11.59,734.556,2136.190476
2211.785257,10.905043,0.006001,0.008676,-5.88,-11.53,843.717,2183.809524
2212.539141,11.012815,-0.059437,0.037997,-5.07,-10.23,882.514,2192.380952
2213.293025,10.936776,-0.039864,-0.031346,-5.1,-11.01,867.064,2187.619048
2214.046908,10.881734,0.004823,0.154043,-5.1,-8.38,866.117,2106.190476
2214.750533,10.884753,-0.049566,-0.019136,-3.72,-10.19,773.089,2153.095238
2215.504417,10.991311,-0.111044,0.152845,-4.03,-10.26,788.53,2043.333333
2216.2583,11.104401,-0.061912,0.107989,-5.44,-9.44,760.474,2047.619048
2217.012184,10.890332,0.040123,0.017458,-5.69,-9.68,791.999,2026.190476
2217.766068,10.955105,0.059681,0.131869,-6.04,-9.67,876.203,2090.714286
2218.519951,10.990182,0.070944,-0.045738,-5.03,-9.84,949.753,2180.47619
2219.324094,11.105114,-0.008348,0.106983,-5.11,-7.4,424.859,2067.619048
2220.027719,10.912285,-0.01065,0.150418,-4.43,-6.95,478.929,2005.952381
2220.781602,10.853752,-0.119422,0.054352,-6.22,-9.46,515.947,1933.333333
2221.535486,10.85599,-0.00714,0.099269,-5.48,-10.94,830.135,2009.761905
2222.289369,10.805304,-0.045205,0.060416,-4.57,-6.5,742.705,2098.809524
2223.043253,9.955916,-0.023416,-0.039,-5.84,-0.14,837.132,2133.333333
2223.797137,8.709195,-0.079518,0.007903,-7.18,5.19,599.567,2008.095238
2224.500761,6.928974,-0.0524,0.097888,-7.82,10.85,614.761,2013.333333
2225.254645,4.597676,0.056388,0.02422,-7.07,14.16,500.148,1952.380952
2226.008529,2.383282,-0.145041,-0.027719,-4.8,14.65,390.903,1930.952381
2226.762412,0.670276,-0.678331,-0.083499,-1.17,7.37,556.178,2101.190476
2227.516296,0.034255,-1.675776,-0.029738,3.92,3.47,780.952,2118.809524
2228.27018,-0.231984,-3.06321,-0.054546,9.98,2.17,796.789,2197.380952
2229.024063,-0.218075,-5.28464,-0.06394,15.36,2.84,919.494,2249.52381
2229.777947,-0.255942,-7.317765,-0.123536,14.36,2.54,809.2,2215.714286
2230.531831,-0.125544,-8.981438,-0.121147,12.51,3.21,781.241,2162.142857
2231.285714,-0.280545,-10.213593,-0.188763,10.37,3.6,795.592,2210.238095
2232.039598,-0.409451,-10.895711,-0.127245,5.27,2.8,814.385,2206.190476
2232.793482,-0.566486,-11.015539,-0.045296,3.2,1.65,722.188,2220.47619
2233.547365,-0.499985,-11.124459,0.022069,3.88,0.65,743.236,2188.095238
2234.25099,-0.539002,-11.062643,-0.001861,1.35,1.07,889.079,2185.238095
2235.004874,-0.590877,-11.015778,0.061321,2.25,0.11,676.967,2135.952381
2235.758757,-0.431655,-10.912719,0.120865,2.55,0.32,771.615,2158.571429
2236.512641,-0.512248,-10.874586,0.196258,3.08,1.29,659.637,2154.285714
2237.266525,-0.560584,-10.906689,0.140211,2.85,0.76,707.865,2155.952381
2238.020408,-0.508754,-10.892672,0.115592,2.33,1.98,686.006,2131.428571
2238.774292,-0.530282,-10.903831,0.0315,3.7,1.97,585.192,2101.428571
2239.528175,-0.53133,-10.876554,0.061377,3.08,1.55,618.499,2127.380952
2240.282059,-0.532716,-10.979428,0.029892,3.47,2.37,614.532,2099.285714
2241.035943,-0.515532,-10.573932,0.084974,-2.23,1.28,764.623,2144.285714
2241.789826,-0.633813,-9.754887,0.036493,-6.5,3.58,602.489,2146.190476
2242.54371,-1.259407,-8.22194,0.073421,-13.4,6.96,759.528,2156.190476
2243.297594,-2.343422,-6.267969,-0.083861,-17.52,11.26,803.22,2186.428571
2244.001218,-3.724654,-4.088577,-0.183411,-16.18,13.41,632.011,2187.619048
2244.755102,-6.042362,-2.175848,0.097368,-15.93,19.37,975.922,2259.761905
2245.508986,-7.953968,-0.849929,-0.309198,-16.02,18.77,897.536,2263.571429
2246.262869,-9.668336,0.175846,-0.236057,-11.76,16.55,955.808,2133.333333
2247.016753,-10.887606,0.355497,0.01501,-8.08,12.71,909.204,2174.047619
2247.770637,-11.24074,0.458419,0.038254,-7.73,8.45,685.795,2075.238095
2248.52452,-11.138104,0.518708,0.079358,-8.35,5.77,580.414,1913.809524
2249.278404,-11.17118,0.484311,0.10397,-4.74,9.53,757.408,2016.428571
2250.132805,-11.106409,0.470435,0.194242,-6.22,7.18,743.691,2155.952381
2250.786171,-11.136743,0.441286,0.186953,-5.19,5.13,727.557,2062.619048
2251.540055,-11.051689,0.446561,0.156204,-3.89,5.61,814.358,2012.142857
2252.293938,-10.982097,0.260632,-0.064086,-3.69,7.72,718.167,2006.666667
2253.299117,-10.888317,0.18451,-0.042815,-5.54,5.57,525.941,1849.047619
2253.851965,-10.906713,0.241009,-0.036223,-4.78,7.24,604.342,1977.857143
2254.50533,-10.9539,0.326337,-0.086466,-4.55,5.74,808.705,1956.904762
2255.259214,-10.945508,0.338751,-0.014174,-4.32,5.74,709.711,2016.904762
2256.013098,-10.880823,0.320787,-0.060205,-5.62,5.31,694.548,2004.52381
2256.766981,-10.900017,0.271717,-0.027699,-5.86,5.18,602.704,1902.380952
2257.520865,-10.863643,0.318897,0.040247,-5.51,6.61,731.406,1956.190476
2258.274749,-10.923831,0.299209,-0.076866,-7,5.62,725.732,1975.47619
2259.179409,-10.996879,0.317101,0.004846,-6.63,6.22,663.268,1957.619048
2259.832775,-10.925925,0.356431,0.112127,-3.84,8.55,627.32,2053.571429
2260.636917,-11.061159,0.079135,0.039981,-6.82,6.42,801.479,1953.095238
2261.290283,-11.078482,0.152811,0.052872,-7.3,6.45,622.428,1974.047619
2262.044167,-11.02397,0.218269,0.080105,-7.86,6.68,694.035,1915
2262.798051,-10.996209,0.365389,0.147335,-6.18,5.63,560.959,1940.714286
2263.602193,-11.063133,0.257697,0.1548,-4.6,6.62,681.836,2011.190476
2265.059701,-10.648886,0.340298,0.07947,-3.76,6.45,841.244,2003.333333
2266.466951,-8.901272,0.711909,0.025271,-8.94,-5.3,661.123,2071.190476
2266.919281,-7.791834,1.268201,-0.018381,-12.39,-10.26,754.176,1998.571429
2267.321352,-6.662054,1.937897,0.011393,-13.34,-13.61,697.073,2065.47619
2268.024977,-4.585831,3.423378,-0.043175,-16.69,-17.78,763.671,2066.666667
2268.778861,-2.782635,5.407361,-0.10132,-21.95,-17.01,801.159,2115.238095
2269.532744,-1.172915,7.778324,-0.211842,-21.76,-14.01,976.25,2240.952381
2270.286628,-0.214857,9.372708,0.035844,-20.36,-9.7,1096.725,2370.714286
2271.040512,0.065388,10.510375,0.007078,-20.16,-5.07,1048.248,2426.666667
2271.794395,0.031834,11.095647,0.236512,-16.07,-6.02,882.459,2306.190476
2272.548279,0.196822,11.289494,-0.040238,-13.48,-3.49,621.287,2245
2273.251904,0.163961,11.345333,-0.07711,-12.25,-1.28,325.521,2092.380952
2274.005787,0.04613,11.102712,-0.126848,-12.32,-1.74,776.135,2004.285714
2274.759671,0.051069,10.988384,-0.07678,-13.15,-3.79,680.752,1991.904762
2275.513555,-0.046747,10.936334,-0.084029,-14.03,-3.86,598.921,1975.952381
2276.267438,-0.143954,10.836518,-0.001201,-13.38,-3.8,727.164,2033.809524
2277.021322,0.008109,10.979132,-0.142805,-12.4,-3.9,494.771,2090
2277.775206,0.000118,10.950753,0.084851,-12.16,-4.15,696.589,2082.857143
2278.529089,-0.082614,10.939713,0.173505,-12.05,-4.01,778.709,2230.714286
2279.282973,-0.051182,10.871126,0.061939,-12.57,-4.53,525.329,2105.952381
2280.036857,0.012316,10.687778,0.296884,-7.9,-3.28,965.968,2171.666667
2280.79074,0.02541,9.966118,0.013855,-2.17,-4.84,563.09,2080
2281.795918,0.752092,7.53193,0.17079,5.03,-9.86,550.604,1774.52381
2284.911971,8.820471,0.346231,0.061788,3.81,-19.41,1039.822,2105.47619
2285.314042,9.704144,0.002352,0.138139,0.93,-18.47,851.992,2125
2286.017667,10.54169,-0.125898,0.011989,-2.12,-17.2,1075.651,2438.571429
2286.77155,11.142608,-0.14957,-0.055316,-0.79,-12.92,736.041,2266.428571
2287.525434,11.184201,-0.243482,-0.140721,-1.81,-10.03,826.916,2323.333333
2288.279318,11.063281,-0.201824,-0.102783,-2.79,-11.48,757.406,2120.47619
2289.234237,11.052928,-0.060801,0.012554,-3.24,-11.93,648.462,1999.52381
2289.787085,11.047997,-0.077275,0.139534,-3.47,-11.59,737.606,2063.809524
2290.540969,11.103448,-0.010271,-0.060474,-4.15,-11.14,853.394,2061.666667
2291.294852,11.001018,0.071211,0.204919,-3.3,-9.94,730.703,2031.428571
2292.048736,10.964636,-0.020444,0.049956,-3.01,-11.43,738.545,2095.47619
2292.752361,10.876781,-0.046111,0.143794,-2.61,-11.01,979.475,2055.714286
2293.506244,10.883328,-0.058639,0.022628,-3.02,-9.71,867.624,2201.904762
2294.260128,10.847764,-0.011778,-0.108329,-3.3,-10.4,656.079,2060.952381
2295.014012,10.910493,-0.053661,0.064882,-3.33,-9.04,719.295,2110.952381
2295.767895,10.915057,-0.069958,0.018086,-4.62,-10.01,810.01,2056.428571
2296.521779,10.858912,0.017331,0.154524,-2.84,-10.76,924.566,2113.809524
2297.275663,10.95517,0.07993,-0.001206,-3.23,-10.86,801.5,2187.857143
2298.029546,10.954711,-0.125945,-0.134422,-3.79,-11.9,815.706,2139.761905
2298.833689,10.974868,0.010834,-0.110201,-3.95,-10.96,473.854,2020
2299.537313,10.94075,0.061001,0.031744,-2.66,-10.03,1198.099,2175
2300.291197,10.899803,-0.094629,0.046467,-2.78,-11.56,675.813,2188.571429
2301.045081,10.99057,-0.131298,0.158622,-2.29,-10.32,788.654,2143.095238
2301.798964,10.932462,-0.147628,-0.022129,-5.06,-13.89,775.719,2200.952381
2302.503356,11.088687,-0.046764,0.148485,-4.65,-11.31,967.9,2115.952381
2303.258389,10.98283,0.0461,0.086547,-3.06,-10.3,727.562,2022.380952
2304.013423,10.994763,-0.02512,0.097732,-2.64,-9.47,1120.106,2208.095238
2304.768456,10.84017,-0.028969,0.004608,-2.26,-6.69,886.399,2177.619048
2305.52349,9.994097,-0.103325,-0.021013,-4.29,-1.46,858.775,2109.285714
2306.278523,8.692276,-0.087625,-0.00255,-5.55,1.08,762.108,2052.857143
2307.033557,6.84023,0.029893,0.214563,-6.44,7.3,857.412,2054.52381
2307.788591,4.875353,-0.005594,0.006787,-6.92,11.67,538.612,2016.904762
2308.543624,2.369632,-0.143089,-0.18551,-5.25,15.69,526.723,1779.52381
2309.298658,0.589272,-0.555829,-0.104636,-2.12,7.75,533.438,1963.095238
2310.003356,0.064752,-1.328732,0.062179,3.84,2.37,827.852,2260.952381
2310.758389,-0.097692,-2.757066,-0.01212,9.65,4.19,846.896,2212.857143
2311.513423,-0.208645,-4.709608,-0.119334,14.6,4.82,797.116,2191.904762
2312.268456,-0.220049,-6.702671,-0.027427,13.3,4.26,816.67,2144.047619
2313.02349,-0.233827,-8.296876,0.073665,10.76,3.09,965.196,2251.190476
2313.778523,-0.36658,-9.404847,-0.005626,10.3,3.57,928.487,2245.238095
2314.533557,-0.406544,-10.275611,-0.067286,8.35,2.3,772.193,2204.52381
2315.288591,-0.431319,-10.618985,-0.064567,4.83,0.46,774.452,2186.666667
2316.043624,-0.440305,-10.71403,-0.070579,4.5,0.87,798.845,2189.285714
2316.798658,-0.46065,-10.825584,-0.085924,4.11,1.4,710.628,2172.380952
2317.503356,-0.457344,-10.857546,-0.003016,2.81,0.92,700.109,2154.047619
2318.258389,-0.598344,-10.800628,0.036185,3.08,0.27,706.128,2164.761905
2319.013423,-0.537903,-10.777566,0.138335,3.94,0.32,681.623,2134.52381
2319.768456,-0.524895,-10.797385,0.211077,4.22,1.35,741.126,2159.285714
2320.52349,-0.502919,-10.758572,0.095656,4.3,0.3,674.834,2195
2321.278523,-0.504859,-10.736061,0.020501,4.53,0.89,760.682,2162.857143
2322.033557,-0.547697,-10.812472,-0.018972,4.3,0.96,666.765,2175.47619
2322.788591,-0.523612,-10.89061,-0.131547,3.85,0.62,803.077,2180.47619
2323.543624,-0.523165,-10.795348,-0.058634,1.41,0.35,758.751,2196.190476
2324.298658,-0.470794,-10.241369,-0.084948,-3.13,-0.64,821.029,2191.190476
2325.003356,-0.712174,-9.153159,-0.005629,-8.64,2.36,771.286,2192.142857
2325.758389,-1.586933,-7.456238,-0.028614,-13.89,5.71,715.997,2177.857143
2326.513423,-3.051152,-5.170239,0.016972,-19.37,9.54,747.561,2193.333333
2327.268456,-4.784398,-3.119161,0.107365,-18.63,13.63,881.885,2253.095238
2328.02349,-7.125099,-1.347895,0.110138,-17.45,15.09,943.36,2330.238095
2328.778523,-8.829783,-0.227957,0.075345,-15.22,13.36,972.957,2293.809524
2329.533557,-10.207905,0.365097,0.066753,-10.82,12.07,996.413,2263.571429
2330.288591,-10.924268,0.433796,0.057955,-8.46,10.23,907.351,2190.47619
2331.043624,-11.191396,0.45994,0.023975,-8.34,6.15,824.541,2126.428571
2331.798658,-11.260685,0.491044,-0.048598,-7.51,6.28,782.633,2045
2332.503356,-11.232338,0.439947,-0.015683,-6.52,6.16,751.823,2042.857143
2333.258389,-11.133101,0.381001,0.011608,-6.86,5.47,704.842,2034.52381
2334.013423,-11.070959,0.415226,0.074367,-5.41,5.76,780.087,2037.857143
2334.768456,-11.035533,0.388747,-0.024381,-4.65,6.7,711.92,2026.190476
2335.674497,-10.831224,0.383821,-0.211038,-1.46,7.25,615.382,1932.619048
2336.630872,-10.978498,0.292393,-0.39863,-1.35,9.51,294.762,1901.190476
2337.637584,-10.969368,0.239419,-0.229693,-0.81,6.69,414.843,1743.095238
2337.788591,-11.011208,0.228031,-0.233124,-0.73,7.38,750.961,1962.619048
2338.543624,-10.836568,0.18276,-0.188338,-0.81,6.9,745.102,1908.809524
2339.348993,-10.941836,0.147137,-0.177933,-2.02,7.25,583.663,1973.571429
2340.003356,-11.003037,0.079186,-0.112599,-4.98,9.13,849.199,2050.47619
2340.758389,-10.964709,0.241185,-0.007668,-5.2,7.45,790.915,2073.809524
2341.513423,-11.014095,0.380347,0.247235,-6.69,6.5,587.811,2070.238095
2342.268456,-10.975418,0.471642,0.32775,-4.51,8.37,959.5,2143.809524
2343.02349,-11.058369,0.372696,0.155193,-3.55,6.68,688.732,2021.666667
2343.778523,-11.034827,0.336936,0.117297,-3.62,5.23,654.237,2042.619048
2344.533557,-10.995669,0.343483,-0.01085,-3.15,6.74,683.403,2026.666667
2345.288591,-10.925865,0.290857,-0.002407,-2.67,7.07,771.432,2015.952381
2346.043624,-10.966458,0.246894,-0.115546,-3.85,7.13,786.858,2112.619048
2346.798658,-11.049695,0.191784,-0.010922,-5.01,6.95,659.923,2055.714286
2347.503356,-10.892913,0.307688,0.123334,-4.61,8.13,837.334,2060.47619
2348.258389,-10.567541,0.364545,0.1145,-4.77,2.53,867.078,2059.761905
2349.063758,-9.587184,0.439814,-0.095176,-9.05,-3.2,611.538,1959.285714
2349.768456,-8.140382,1.10951,-0.048531,-13.34,-7.49,670.582,1970.952381
2350.52349,-5.946452,2.409527,-0.030342,-19.36,-12.73,681.999,1986.190476
2351.278523,-3.865016,4.114668,0.04795,-22.96,-10.89,461.373,1958.095238
2352.033557,-2.008686,6.571122,0.059688,-26.26,-9.06,879.144,2123.333333
2352.788591,-0.78471,8.42833,0.000379,-23.47,-8.2,777.445,2165.238095
2353.543624,0.090422,9.998688,-0.239552,-22.62,-3.66,925.606,2216.666667
2354.298658,0.162581,10.851686,0.022886,-18.19,-0.62,759.071,2229.285714
2355.003356,-0.00823,11.029094,0.093657,-16.82,-1.5,896.436,2370.47619
2355.758389,0.163585,11.206295,0.094976,-16.25,-1.42,668.156,2184.285714
2356.513423,0.211837,11.314243,-0.020327,-15.12,-1,870.85,2187.142857
2357.268456,0.079505,11.242971,0.097646,-13.41,-0.82,1016.421,2091.190476
2358.02349,0.002896,11.082394,-0.009782,-12.4,-0.39,654.441,2057.857143
2358.778523,-0.039624,10.932861,0.143177,-12.78,-0.92,770.513,2143.809524
2359.533557,-0.024248,10.929128,0.016691,-13.4,-0.7,784.233,2175
2360.288591,-0.093597,10.903411,0.134525,-12.75,-0.63,808.915,2218.333333
2361.043624,-0.099984,10.927358,0.098271,-13.26,-0.72,892.427,2202.380952
2361.798658,-0.078041,10.935178,0.058429,-13.48,-0.54,927.634,2224.047619
2362.503356,-0.064391,10.91043,0.133897,-12.38,0.58,857.033,2203.333333
2363.258389,-0.066146,10.319424,0.100004,-8.35,-0.76,1000.656,2230
2364.013423,0.244067,9.289579,-0.097686,-2.87,-5.31,717.344,2121.428571
2364.768456,1.064464,7.787112,-0.105001,2.76,-9.94,602.093,2047.380952
2365.52349,2.480425,5.431602,-0.095746,8.2,-15.9,484.188,2030.952381
2366.278523,4.239538,3.347743,-0.056541,4.78,-20.53,631.779,2064.047619
2367.033557,6.833455,1.524421,0.023156,0.75,-22.28,648.203,2107.142857
2367.788591,8.547959,0.56745,0.131422,-0.63,-18.58,1105.396,2322.142857
2368.543624,10.032457,-0.078497,0.10026,-3.94,-18.28,945.172,2387.857143
2369.298658,10.837705,-0.165964,0.04629,-5.39,-15.4,998.728,2410.47619
2370.003356,11.244974,-0.173415,0.010605,-5.11,-11.24,1014.723,2435.952381
2370.758389,11.185995,-0.222894,-0.060604,-6.71,-11.21,953.819,2355.952381
2371.513423,11.268666,-0.17676,-0.093706,-7.33,-10.2,894.047,2192.142857
2372.268456,11.136786,-0.053243,0.039984,-7.28,-9.17,707.839,2173.095238
2373.02349,11.030554,-0.046328,0.055162,-7.11,-9.48,839.615,2184.047619
2373.778523,11.022429,0.02195,0.163483,-7.11,-8.94,837.252,2222.857143
2374.533557,10.994954,-0.033298,-0.006514,-6.59,-8.83,964.881,2173.571429
2375.288591,10.921625,-0.037523,-0.13752,-7.26,-9.15,911.601,2065.238095
2376.043624,10.823891,0.046404,0.073515,-7.17,-9.93,559.778,1950.952381
2376.798658,10.881423,0.084636,0.082201,-6.63,-9.99,702.611,2140.47619
2377.503356,10.932517,-0.107544,0.018013,-7.54,-10.71,775.539,2170.714286
2378.258389,10.98024,-0.061888,-0.143804,-8.42,-10.26,616.369,2065.238095
2379.013423,10.925639,0.004165,-0.073308,-7.05,-9,568.512,2009.761905
2379.768456,10.858416,0.073998,-0.061396,-5.38,-9.45,919.217,2171.190476
2380.52349,10.854543,-0.170574,-0.239592,-6.23,-12.16,623.086,2128.571429
2381.278523,10.904779,0.028603,0.089275,-6.74,-9.98,512.441,2050.952381
2382.033557,11.079767,0.072971,-0.069237,-4.95,-11.29,486.997,2117.857143
2382.788591,11.124542,-0.124198,0.069449,-4.97,-11.35,725.809,1993.809524
2383.543624,11.142688,-0.034205,0.007478,-6.66,-9.91,488.352,2096.190476
2384.298658,11.113255,-0.03144,-0.024618,-5.69,-9.55,810.681,2123.095238
2385.003356,11.020977,-0.144602,0.088596,-5.45,-8.76,754.437,1981.190476
2385.758389,10.92999,0.01763,0.094954,-6,-8.86,601.586,2103.571429
2386.513423,10.971902,-0.068162,-0.019407,-7.12,-9.66,520.301,1953.095238
2387.268456,10.901024,0.02149,0.115751,-6.87,-8.64,546.245,2003.095238
2388.02349,10.568895,-0.037805,0.121874,-4.93,-4.39,527.219,2007.380952
2388.778523,9.659154,-0.045245,0.036498,-5.89,2.43,756.306,2117.142857
2389.533557,7.880163,-0.036357,0.021559,-5.94,7.22,615.884,2059.285714
2390.288591,5.932007,0.070714,0.081244,-4.72,12.84,614.494,2024.52381
2391.043624,3.60876,-0.051362,0.120907,-4.81,12.22,541.703,2099.285714
2391.798658,1.575814,-0.126936,0.032335,-1.24,11.36,717.736,2112.380952
2392.855705,0.13809,-1.29988,-0.076399,3.01,2.29,506.608,2036.666667
2393.258389,-0.027585,-1.82882,-0.104781,3.4,0.77,617.359,2130
2394.013423,-0.165904,-3.21739,-0.037577,9.36,0.19,801.218,2103.333333
2394.768456,-0.155686,-4.961308,-0.089346,13.69,0.17,841.529,2254.761905
2395.52349,-0.252331,-7.046082,-0.191113,12.87,-0.51,900.027,2268.571429
2396.278523,-0.250645,-8.517156,-0.097964,11.02,-0.03,862.454,2168.809524
2397.033557,-0.33368,-9.705149,0.024856,8.85,-0.41,929.697,2232.619048
2397.788591,-0.370626,-10.370503,-0.080284,6.59,-0.09,830.037,2224.761905
2398.543624,-0.394316,-10.601408,-0.221036,4.57,0.52,786.195,2183.571429
2399.298658,-0.454978,-10.742677,-0.1947,4.67,0.49,711.61,2109.52381
2400.003356,-0.465893,-10.842863,-0.166993,4.02,0.5,792.384,2164.52381
2400.758389,-0.45712,-10.826332,-0.107972,3.57,0.39,814.559,2203.571429
2401.513423,-0.475242,-10.745385,0.000402,3.36,0.14,791.169,2188.333333
2402.268456,-0.475464,-10.75231,-0.039065,3.25,0,783.095,2188.809524
2403.02349,-0.393098,-10.747869,0.083646,2.37,1.26,741.995,2173.333333
2403.778523,-0.60072,-10.736856,0.027609,4.38,1.86,749.548,2185.952381
2404.533557,-0.557495,-10.835687,0.15233,3.46,0.25,704.325,2131.190476
2405.489933,-0.572075,-10.845945,0.21395,2.75,0.15,505.83,2156.428571
2406.043624,-0.518962,-10.897362,0.164226,2.95,0.46,627.758,2132.857143
2406.798658,-0.532401,-10.685982,0.127506,-0.38,-0.08,710.042,2159.761905
2407.503356,-0.486437,-10.054379,-0.076103,-3.88,-0.06,780.05,2167.380952
2408.258389,-0.843991,-8.740248,-0.05739,-9,5.84,747.432,2131.190476
2409.013423,-1.90924,-6.910837,-0.084669,-14.35,10.41,791.177,2163.571429
2409.768456,-3.253738,-4.791433,-0.075891,-17.68,14.04,816.797,2210.952381
2410.52349,-5.420816,-2.560657,0.034216,-14.45,18.87,897.557,2298.095238
2411.278523,-7.473945,-1.134374,0.124896,-12.91,17.58,1005.734,2365.238095
2412.033557,-9.143226,-0.053277,0.038594,-10.42,16,1089.678,2400.47619
2412.788591,-10.264396,0.419968,0.110956,-7.21,14.34,1030.297,2347.142857
2413.543624,-11.037407,0.464801,0.105935,-5.81,10.52,998.51,2320
2414.298658,-11.241208,0.50272,-0.015026,-5.85,7.99,952.417,2225
2415.003356,-11.176291,0.53488,0.04692,-5.08,7.99,879.218,2094.285714
2415.758389,-11.192412,0.471247,0.085022,-4.66,6.93,914.145,2180.238095
2416.513423,-11.04921,0.400737,-0.04102,-5.63,6.52,907.707,2150.952381
2417.268456,-11.051247,0.313927,-0.000523,-4.75,6.64,790.347,2118.809524
2418.02349,-10.957344,0.378565,-0.036378,-3.64,7.57,838.05,2074.52381
2418.778523,-10.986692,0.328027,-0.082874,-3.49,6.15,646.166,2002.142857
2419.634228,-10.921253,0.261142,0.039689,-3.01,6.35,813.13,2172.857143
2420.288591,-11.009312,0.229893,-0.083642,-4.08,6.7,885.759,2143.095238
2421.043624,-10.966491,0.256683,-0.112843,-4.3,6.08,753.377,2131.190476
2421.798658,-10.926456,0.275223,-0.082144,-3.6,6.4,813.976,2116.666667
2422.503356,-10.984051,0.218224,-0.076368,-4.23,6.77,833.503,2135.714286
2423.258389,-11.026989,0.232955,-0.065425,-4.17,6.26,823.902,2064.761905
2424.013423,-11.007275,0.279744,-0.113732,-2.21,6.06,741.942,2061.190476
2424.768456,-10.854045,0.277567,-0.148346,-2.75,7.34,795.114,2118.095238
2425.52349,-10.88346,0.302172,-0.096307,-3.38,7.04,672.62,2048.809524
2426.278523,-10.968065,0.274477,-0.134224,-2.76,8.04,776.597,2066.428571
2427.033557,-11.002037,0.301503,-0.080531,-2.78,8.31,535.181,2051.190476
2427.788591,-11.031999,0.343405,-0.113922,-2.15,7.68,679.701,2068.333333
2428.543624,-11.032379,0.243874,-0.082713,-3.86,7.46,687.818,2076.904762
2429.298658,-10.999757,0.321261,0.012481,-4.78,5.4,622.201,2080.238095
2430.003356,-10.940284,0.374811,0.189704,-4.04,6.01,762.773,2030
2430.758389,-10.857136,0.215587,0.187727,-3.52,5.18,708.285,2097.619048
2431.513423,-10.337971,0.288958,-0.004178,-4.6,-0.13,612.109,1999.761905
2432.268456,-9.357217,0.504652,0.04114,-9.86,-5.53,594.054,1848.333333
2433.02349,-7.513326,1.472292,0.132015,-15.14,-10.19,690.854,1908.809524
2433.778523,-5.449162,2.779883,0.161598,-18.96,-14.12,554.759,1899.047619
2434.533557,-3.278599,4.772786,0.072551,-23.48,-10.42,749.128,1990.47619
2435.288591,-1.869805,6.936184,0.004536,-25.18,-10.49,902.754,2115.952381
2436.043624,-0.476968,8.901952,0.000208,-22.49,-7.12,911.346,2236.190476
2436.798658,0.012728,10.072845,0.107886,-20.46,-3.03,1159.248,2279.047619
2437.503356,-0.016142,10.823812,0.134682,-18.19,-1.49,898.453,2323.809524
2438.258389,0.091938,11.149698,0.108172,-14.76,-3.08,985.855,2336.428571
2439.013423,0.14035,11.243198,0.134373,-14.51,-3.74,982.174,2240.714286
2439.768456,0.251528,11.28443,0.093199,-12.3,-1.08,665.294,2161.428571
2440.52349,0.207661,11.109478,-0.045175,-12.4,0.06,800.878,2068.095238
2441.278523,0.047645,11.010431,-0.128206,-12.87,0.54,681.876,2100
2442.033557,-0.135623,10.90908,-0.092995,-13.98,0.51,687.571,2080.238095
2442.788591,-0.115827,10.946844,-0.057301,-13.53,-1.52,501.825,2040.238095
2443.543624,-0.059397,10.939655,-0.09131,-14.38,-0.15,650.245,2093.333333
2444.298658,-0.078227,10.938669,0.043132,-13.77,-0.87,569.424,2055.238095
2445.003356,-0.083878,10.986476,0.010062,-13.24,-1.94,748.512,2170
2445.758389,-0.075497,10.802451,0.132827,-10.03,-0.94,750.704,2132.142857
2446.513423,-0.05168,10.15499,-0.085948,-6.04,-1.87,870.803,2156.428571
2447.268456,0.235907,8.992648,-0.035069,-0.74,-7.13,602.863,2045
2448.124161,1.633984,6.911322,0.091189,5.11,-12.33,361.775,2079.285714
2448.778523,2.70855,5.00383,0.079041,7.69,-17.47,539.679,2076.428571
2449.533557,4.966087,2.756199,-0.024425,2.79,-22.62,499.602,2002.380952
2450.288591,7.240231,1.318277,0.175208,0.28,-21.51,920.37,2150.238095
2451.043624,8.997354,0.362997,0.193185,-1.34,-19.06,1104.607,2422.619048
2451.798658,10.216378,-0.11275,0.162804,-4.45,-18.53,1110.667,2453.809524
2452.503356,10.946689,-0.193564,0.121098,-5.48,-13.96,1045.142,2439.047619
2453.258389,11.142905,-0.216703,0.022483,-5.75,-11.27,982.097,2463.333333
2454.013423,11.234309,-0.160688,-0.055513,-6.33,-11.94,927.858,2299.761905
2454.768456,11.248806,-0.090355,-0.023954,-6.58,-11.17,876.854,2258.809524
2455.52349,11.109456,-0.038934,-0.006355,-6.81,-10.1,903.627,2278.809524
2456.278523,11.024466,-0.087254,-0.159876,-6.97,-10.48,870.666,2260.47619
2457.033557,11.038228,0.020748,-0.004338,-6.38,-11.56,861.821,2223.571429
2457.788591,11.014286,0.066051,-0.001987,-5.91,-10.8,902.099,2245.952381
2458.543624,11.003621,-0.057792,0.006807,-5.74,-10.56,922.463,2259.285714
2459.298658,10.953519,-0.04648,0.010452,-5.79,-9.84,800.907,2241.190476
2460.003356,10.887152,-0.159941,-0.022434,-7.21,-10.18,879.366,2232.380952
2460.758389,10.843694,-0.157252,0.009662,-6.94,-11.39,629.926,2197.380952
2461.513423,10.921321,-0.055914,-0.043029,-7.6,-11.41,769.316,2193.809524
2462.268456,10.878864,0.014373,-0.000661,-7.56,-10.64,845.476,2216.666667
2463.02349,10.965869,0.094414,-0.017783,-6.94,-10.01,1027.912,2345.47619
2463.778523,10.91046,0.067023,-0.248265,-5.13,-10.01,723.557,2254.52381
2464.533557,10.871008,-0.16572,-0.076172,-5.24,-11.21,728.483,2078.333333
2465.288591,11.006509,-0.142889,-0.158435,-7.21,-11.5,786.744,2299.761905
2466.043624,11.026563,-0.079215,-0.05739,-7.96,-10.81,621.27,2194.52381
2466.798658,11.008967,0.036823,-0.017435,-6.35,-10.1,674.476,2225
2467.503356,10.973526,0.030336,0.015667,-5.76,-9.59,865.108,2086.666667
2468.258389,10.890354,-0.042459,-0.112267,-6.55,-9.91,676.569,2169.047619
2469.013423,10.96955,0.088916,0.109144,-5.27,-8.27,824.74,2074.761905
2469.768456,10.916837,-0.071718,-0.069646,-5.72,-9.36,715.666,2125.238095
2470.573826,10.899627,-0.051941,-0.098853,-7.49,-9.65,360.35,1952.142857
2471.278523,10.359725,-0.030856,0.108575,-4.95,-4.09,359.091,2050.952381
2472.033557,9.277999,-0.112309,0.281423,-5.19,2.96,898.226,2192.380952
2472.838926,7.463847,0.020697,-0.033213,-5.41,9.1,364.538,1882.619048
2473.845638,4.35868,0.027292,0.063398,-4.28,14.22,1043.884,1968.333333
2474.298658,3.128163,-0.055873,0.043165,-3.4,15.15,642.19,2023.571429
2475.003356,1.220826,-0.381162,-0.046474,-0.42,10.66,671.791,2111.666667
2475.758389,0.176373,-1.097417,0.039179,2.93,3.87,595.086,2163.571429
2476.513423,-0.09828,-2.357177,-0.093784,7.38,0.72,833.119,2185.47619
2477.268456,-0.090426,-3.84831,-0.175281,11.32,0.99,856.917,2265.238095
2478.02349,-0.223345,-6.015471,-0.088576,14.02,0.75,872.104,2228.571429
2478.778523,-0.269579,-7.643113,0.000081,11.66,0.09,918.056,2225.952381
2479.533557,-0.296947,-9.084948,-0.024921,10.86,0.82,936.577,2230.238095
2480.288591,-0.392804,-10.04142,-0.149102,8.87,0.99,830.377,2217.142857
2481.043624,-0.409223,-10.575119,-0.175291,5.83,-0.95,785.175,2184.761905
2481.798658,-0.477989,-10.607128,-0.232612,7.38,0.85,722.145,2152.857143
2482.503356,-0.483369,-10.84417,-0.021173,6.46,-0.77,687.859,2132.142857
2483.258389,-0.457703,-10.831169,-0.06136,6.04,-0.48,762.842,2105
2484.013423,-0.467776,-10.940849,0.108612,5.16,0,540.374,2134.52381
2484.768456,-0.467729,-10.914079,0.052968,4.91,-0.36,734.591,2098.333333
2485.52349,-0.476042,-10.860753,0.106433,2.64,-0.86,595.351,2141.904762
2486.278523,-0.435432,-10.714293,-0.079913,2.59,0.44,815.335,2168.571429
2487.033557,-0.527648,-10.726748,0.045827,3.78,0.22,519.877,2032.380952
2487.788591,-0.522834,-10.787769,0.016554,3.39,-0.92,793.763,2166.904762
2488.543624,-0.477911,-10.729476,-0.067042,4.43,-0.41,695.777,2159.52381
2489.298658,-0.557943,-10.851999,-0.040442,4.03,-0.89,701.438,2135.47619
2490.003356,-0.393061,-10.487206,0.024414,-0.5,-0.2,736.519,2143.809524
2490.758389,-0.517068,-9.5162,0.071594,-6.35,2.95,707.307,2131.190476
2491.513423,-1.323403,-7.983414,0.065571,-12.1,7.54,716.499,2152.857143
2492.268456,-2.407942,-6.112988,0.125203,-16.2,11.74,729.561,2143.571429
2493.02349,-4.2017,-3.655683,0.007125,-16.31,16.33,823.791,2213.571429
2493.778523,-6.2839,-1.909161,0.133728,-13.74,18.92,868.766,2256.190476
2494.533557,-8.346484,-0.480249,0.142662,-12.9,17.71,980.283,2323.809524
2495.288591,-9.670713,0.256946,0.057547,-9.49,16.14,837.67,2273.809524
2496.043624,-10.833222,0.468497,0.085462,-7.05,12.25,993.672,2312.857143
2496.798658,-11.159028,0.614332,0.087203,-5.5,8.9,907.39,2223.333333
2497.503356,-11.248329,0.61328,-0.041054,-4.34,7.31,697.313,2108.333333
2498.258389,-11.223602,0.506144,-0.04152,-2.84,6.18,769.87,2090.714286
2499.013423,-11.122162,0.233037,-0.134212,-4.64,5.33,730.35,2105.47619
2499.768456,-10.996916,0.343253,-0.206171,-3.88,6.66,596.756,1951.428571
2500.573826,-10.966456,0.161823,-0.08812,-5.25,4.7,535.004,1904.047619
2501.278523,-10.904378,0.149117,-0.133199,-5.97,7.57,675.146,1974.761905
2502.033557,-10.747207,0.388466,0.183337,-8.4,5.44,499.185,1963.095238
2502.788591,-10.896643,0.446129,0.049051,-2.6,10.09,955.71,1979.285714
2503.795302,-11.00919,0.256963,-0.113807,-3.92,8.05,644.884,1873.809524
2504.298658,-11.003481,0.206003,-0.181169,-4.77,6.44,576.007,1893.571429
2505.003356,-10.912122,0.237297,-0.009243,-5.61,7,572.472,1941.904762
2505.758389,-10.946331,0.218765,-0.029469,-4.88,7.34,739.355,1984.047619
2506.513423,-10.963329,0.401762,-0.00818,-4.72,5.86,606.445,1971.428571
2507.268456,-10.90988,0.354751,0.114832,-3.95,5.79,662.578,1856.428571
2508.02349,-10.887625,0.299136,0.043093,-3.52,7.02,708.389,2032.380952
2508.778523,-10.907348,0.309077,-0.044214,-3.31,8.64,654.604,2016.190476
2509.533557,-11.016369,0.272124,-0.137317,-3.03,8.23,589.511,1994.52381
2510.288591,-11.068942,0.205599,-0.082255,-5.23,7.08,659.149,2045.952381
2511.043624,-10.984154,0.297068,-0.0657,-4.13,7.31,574.863,2049.285714
2511.798658,-11.007153,0.32984,0.00875,-5.05,6.5,845.781,2077.619048
2512.503356,-10.929194,0.293394,0.077171,-3.96,6.25,704.36,2075.47619
2513.258389,-11.02951,0.195258,0.150877,-4.82,8.79,759.975,2076.904762
2514.013423,-10.771378,0.297981,0.297997,-5.79,1.79,656.59,2125.238095
2514.768456,-9.975355,0.357583,0.206773,-7.51,-3.37,719.123,2029.52381
2515.52349,-8.494196,0.931349,0.068021,-11.71,-6.89,613.446,2013.333333
2516.278523,-6.664245,1.899902,-0.011546,-16.64,-12.07,587.672,1918.809524
2517.083893,-4.201551,3.639491,0.005561,-20.79,-12,542.176,1899.285714
2517.788591,-2.623336,5.610288,0.020254,-25.26,-9.75,768.094,1963.333333
2518.543624,-1.212743,7.913677,-0.028272,-23.84,-9.09,762.581,2096.666667
2519.298658,-0.338764,9.337818,-0.071223,-22.91,-6.51,1016.376,2271.666667
2520.003356,-0.027745,10.383368,-0.059876,-21.12,-2.3,867.949,2228.571429
2520.758389,0.030318,11.086414,0.054885,-17.16,-1.89,842.546,2192.142857
2521.513423,0.106008,11.204065,-0.022991,-15.43,-1.55,756.146,2209.285714
2522.268456,0.141185,11.250954,0.152718,-14.5,-1.44,473.061,2211.666667
2523.02349,0.04184,11.170851,0.015684,-13.55,-1.17,791.868,2135.238095
2523.778523,0.056036,11.053069,0.033831,-13.11,-1.8,562.291,2215
2524.533557,-0.020916,10.977468,-0.055141,-13.94,-3.06,826.414,2125.47619
2525.288591,0.03157,10.98014,0.166746,-13.41,-2.5,910.109,2169.52381
2526.043624,-0.036935,10.873922,0.06847,-14.21,-2.01,880.777,2188.571429
2526.798658,-0.068857,10.832841,0.084945,-14.91,-2.53,892.776,2185.714286
2527.503356,-0.005107,10.951239,0.04994,-14.9,-1.98,698.54,2211.666667
2528.258389,-0.11046,10.978417,0.122975,-14,-2.71,863.287,2259.047619
2529.013423,-0.028951,10.598535,0.099258,-8.54,-2.18,829.69,2287.857143
2529.768456,0.02055,9.673121,-0.050713,-4.37,-5.76,776.037,2210.714286
2530.52349,0.86015,8.282947,-0.089752,1.76,-8.98,731.139,2111.428571
2531.278523,1.957422,6.391546,-0.105228,7.17,-13.82,574.846,1984.761905
2532.033557,3.686295,3.794478,-0.10885,7.5,-19.57,534.486,2010.952381
2532.788591,5.867259,2.061861,0.005492,2.37,-23.24,581.598,2034.761905
2533.543624,8.115397,0.825278,0.109187,0.19,-19.86,862.425,2156.428571
2534.298658,9.541384,0.17672,0.05989,-0.98,-18.53,1045.155,2390.952381
2535.003356,10.560656,-0.16263,0.079814,-4.19,-16.55,1015.063,2395
2535.758389,11.080956,-0.184386,-0.027998,-5.12,-13.37,1026.189,2440
2536.513423,11.295647,-0.199216,-0.17761,-6.19,-11.96,859.973,2353.809524
2537.268456,11.196173,-0.16835,-0.171491,-6.79,-10.75,853.835,2247.380952
2538.02349,11.073635,-0.118348,-0.003815,-6.48,-9.76,870.746,2230.238095
2538.778523,11.043339,-0.104677,-0.040853,-5.78,-10.25,877.542,2273.095238
2539.533557,11.044448,-0.024694,-0.059594,-5.84,-9.69,778.913,2218.809524
2540.288591,10.913419,-0.06686,0.059847,-5.8,-9.89,909.242,2220
2541.043624,10.873232,-0.202191,0.076303,-5.53,-10.28,768.366,2217.380952
2541.798658,10.878778,-0.149894,-0.008243,-7.07,-11.43,859.219,2239.761905
2542.503356,10.813346,-0.045915,-0.035399,-5.7,-10.89,552.457,2202.142857
2543.258389,10.903998,-0.202728,-0.091418,-6.66,-10.88,810.794,2070.238095
2544.013423,10.988362,-0.046988,0.052086,-7.08,-9.7,746.299,2148.333333
2544.768456,10.946447,0.021,-0.029199,-7.53,-9.8,545.011,2071.904762
2545.52349,10.943342,0.00838,0.030621,-6.98,-10.22,653.37,2113.333333
2546.278523,10.935208,0.039488,0.116398,-6.45,-9.54,739.053,2078.571429
2547.033557,10.907906,-0.064437,-0.051496,-5.67,-11.43,883.784,2092.619048
2547.788591,10.930158,0.006466,-0.093184,-5.98,-10.82,715.588,2131.904762
2548.543624,11.059937,0.051817,-0.120494,-4.81,-9.84,879.673,2135.238095
2549.298658,11.075174,0.030017,-0.126183,-5.03,-8.05,848.873,2231.428571
2550.003356,11.076429,-0.100425,-0.078062,-4.46,-9.08,800.481,2224.761905
2550.758389,10.938404,-0.096333,-0.119603,-5.54,-8.33,712.17,2175.952381
2551.513423,10.94633,-0.109266,0.005381,-5.77,-9.1,756.162,2145.714286
2552.268456,10.95032,-0.03182,-0.013073,-5.91,-8.95,937.75,2177.380952
2553.02349,10.943815,-0.052459,0.06068,-4.99,-8.84,586.542,2100.952381
2553.778523,10.864964,-0.00175,-0.04175,-5.98,-4.29,891.735,2158.571429
2554.533557,9.896763,-0.041933,0.096638,-5.7,1.49,865.733,2110.47619
2555.288591,8.543363,0.078339,0.165519,-5.21,7.51,696.106,2060
2556.043624,6.551119,-0.033537,0.158388,-4.71,12.22,682.339,2011.904762
2556.848993,4.080473,-0.045382,0.068143,-5.5,14.11,518.207,2097.142857
2557.503356,2.40572,-0.066451,0.124755,-4.34,13.73,670.48,2060.714286
2558.258389,0.727888,-0.523183,-0.007415,0.77,9.26,679.044,2161.904762
2559.013423,-0.006782,-1.482995,-0.075177,4.86,3.44,708.013,2196.428571
2559.768456,-0.139637,-2.681382,-0.039503,8.53,1.93,876.696,2196.428571
2560.52349,-0.168712,-4.499851,-0.051747,12.81,2.09,823.694,2155.238095
2561.278523,-0.224314,-6.398375,-0.036231,13.41,1.79,843.994,2177.619048
2562.033557,-0.262833,-8.04081,-0.0538,11.34,1.26,794.541,2221.904762
2562.788591,-0.265738,-9.216653,-0.14333,11.61,2.55,816.863,2229.761905
2563.543624,-0.385801,-10.241749,-0.179057,8.57,2.72,787.65,2230.47619
2564.298658,-0.46704,-10.608007,-0.182525,5.82,1.17,713.203,2207.380952
2565.003356,-0.448065,-10.688271,-0.081128,4.79,0.03,752.819,2213.333333
2565.758389,-0.33653,-10.807597,-0.088541,4,2.41,772.743,2193.095238
2566.513423,-0.47802,-10.811659,-0.007055,3.39,1.51,667.259,2240.952381
2567.268456,-0.477093,-10.796839,0.006123,3.24,2.05,770.534,2158.571429
2568.02349,-0.475651,-10.727716,0.055207,2.56,3.19,620.622,2132.857143
2568.778523,-0.493102,-10.736292,0.134322,3.77,1.82,802.617,2185.238095
2569.533557,-0.522023,-10.783126,0.029279,3.24,0.95,672.891,2082.142857
2570.288591,-0.454166,-10.815764,0.042725,3.6,1.21,590.046,2135.952381
2571.043624,-0.45966,-10.881189,0.076586,2.77,2.18,636.189,2149.761905
2571.798658,-0.496088,-10.721076,0.1027,3.77,2.71,690.926,2128.333333
2572.503356,-0.599632,-10.79205,-0.055866,2.74,1.25,791.102,2205
2573.258389,-0.497618,-10.272402,-0.040225,-2.61,-0.12,781.446,2172.380952
2574.013423,-0.665694,-9.168338,-0.033914,-7.94,4.84,706.474,2148.333333
2574.768456,-1.359835,-7.770877,0.012472,-11.27,7.65,626.236,2134.52381
2575.573826,-2.790004,-5.522311,-0.118465,-19.43,15.4,609.228,2175.952381
2576.278523,-4.523578,-3.358448,0.014343,-15.15,15.77,732.899,2200.47619
2577.033557,-6.859538,-1.58095,0.095684,-15.7,20.45,789.621,2212.142857
2577.788591,-8.622687,-0.363452,-0.116506,-14.1,19.39,826.388,2295
2578.543624,-10.08295,0.466489,0.016677,-8.7,15.92,870.576,2182.380952
2579.298658,-10.896038,0.53803,-0.026682,-5.67,14.51,1007.274,2245
2580.003356,-11.175671,0.559445,0.109987,-5.9,10.22,943.386,2234.285714
2580.758389,-11.234643,0.491813,0.091455,-5.6,9.01,722.948,2072.857143
2581.513423,-11.059037,0.487852,0.18336,-4.93,9.5,777.952,2053.809524
2582.268456,-11.102657,0.329873,0.166226,-5.89,8.08,881.172,2115.952381
2583.02349,-11.107017,0.301348,0.064796,-6.26,7.06,840.591,2041.904762
2583.778523,-10.878802,0.399785,0.080218,-5.71,6.97,784.615,2014.52381
2584.533557,-10.826925,0.431764,0.122276,-5.52,6.84,694.913,2030.952381
2585.288591,-10.977985,0.302546,-0.035183,-4.91,7.76,843.246,2050.47619
2586.043624,-10.830338,0.284436,0.147441,-5.56,10.03,755.426,2090
2586.798658,-10.958739,0.264826,-0.128039,-6.26,8.52,888.922,2060
2587.503356,-10.965213,0.29003,-0.169734,-6.27,7.49,400.874,2015.238095
2588.258389,-10.874535,0.299797,0.061852,-6.38,10.34,649.98,1924.761905
2589.013423,-10.914573,0.353099,-0.056952,-4.93,11.34,979.266,2050.47619
2589.768456,-11.039071,0.280512,-0.154475,-4.38,8.35,1076.537,2000.47619
2590.624161,-11.009307,0.191245,-0.142143,-4.15,6.09,768.369,1847.619048
2591.278523,-10.978191,0.22697,-0.149171,-4.84,6.84,841.058,1936.428571
2592.033557,-11.002122,0.22511,0.011633,-4.14,7.87,551.016,1980.714286
2592.788591,-10.984299,0.359409,-0.051282,-4.29,6.66,746.634,2042.857143
2593.543624,-10.913633,0.251289,0.061157,-7.21,6.4,739.631,2108.095238
2594.298658,-10.942565,0.276657,0.087911,-5.03,8.15,821.301,2072.619048
2595.003356,-11.017854,0.313995,0.066694,-5.46,6.75,774.489,2075.952381
2595.758389,-10.988765,0.268951,0.101712,-5.99,6.02,590.281,2059.285714
2596.513423,-10.9833,0.249581,0.057895,-5.92,6.07,885.901,2082.380952
2597.268456,-10.682407,0.256318,0.106813,-6.01,1.8,701.804,2002.380952
2598.02349,-9.649305,0.475455,0.005127,-9.14,-5.6,749.045,1975.47619
2598.778523,-8.275312,1.062538,0.016329,-12.5,-7.82,689.955,1961.190476
2599.533557,-6.131839,2.336193,0.028343,-15.82,-13.1,723.163,2004.52381
2600.288591,-4.14198,3.897063,-0.051268,-20.31,-15.14,626.55,2011.428571
2601.043624,-2.176926,6.306904,-0.101039,-24.86,-12.56,775.53,2111.666667
2601.798658,-0.941112,8.269153,-0.163715,-22.77,-10.32,883.447,2187.619048
2602.503356,-0.229008,9.681013,-0.010956,-20.98,-7.9,867.708,2261.428571
2603.258389,-0.003122,10.644216,0.094184,-19.02,-5.69,928.91,2331.190476
2604.013423,0.14823,10.993664,0.143604,-18.73,-3.71,1015.444,2346.904762
2604.768456,0.151504,11.095588,-0.041735,-18.65,-3.51,816.643,2323.095238
2605.52349,0.151988,11.359055,-0.018981,-15.8,-2.38,812.148,2151.666667
2606.278523,-0.001527,11.271368,0.031771,-12.96,-1.78,761.993,2203.095238
2607.033557,0.027476,11.024787,-0.186994,-13.67,-1.77,859.911,2195.47619
2607.889262,0.052162,10.965403,0.122468,-13.56,-2.19,476.954,1996.190476
2608.543624,0.086578,11.049469,0.047826,-13.17,-2.76,835.758,2053.333333
2609.298658,0.101299,10.919495,-0.007032,-14.64,-2.34,950.008,2249.52381
2610.003356,0.067424,10.875482,-0.053555,-15.51,-0.09,687.909,2206.428571
2610.758389,-0.208851,10.91756,0.0842,-15.63,-2.49,631.565,2097.142857
2611.513423,-0.121893,10.948091,0.053862,-14.25,-2.52,1029.682,2211.428571
2612.268456,-0.081426,10.561337,0.222614,-7.49,-1.46,1041.625,2226.428571
2613.02349,0.173638,9.425516,-0.009264,-1.48,-4.34,748.444,2180
2613.92953,1.113151,7.382432,-0.059297,4.49,-10.68,516.431,1966.904762
2614.533557,2.416399,5.768883,-0.038224,9.94,-13.72,469.884,1872.142857
2615.288591,3.98124,3.485601,-0.022469,10.56,-19.28,489.026,1931.904762
2616.043624,6.552237,1.526848,0.063784,3.8,-21.91,505.552,1995.952381
2616.798658,8.356492,0.715767,0.047364,0.84,-20.23,658.678,2023.571429
2617.503356,9.781791,0.133131,0.097005,-0.42,-18.54,834.359,2341.666667
2618.258389,10.831845,-0.097522,0.004208,-2.72,-14.2,949.139,2309.52381
2619.013423,11.085946,-0.239707,-0.073743,-3.56,-11.46,960.376,2343.095238
2619.768456,11.226338,-0.166148,-0.19954,-4.28,-11.64,940.62,2392.619048
2620.52349,11.248339,-0.215524,-0.074875,-4.64,-9.5,1001.511,2248.333333
2621.278523,11.14127,-0.160453,-0.219934,-5.57,-9.33,885.174,2294.285714
2622.033557,10.949887,-0.063027,-0.011134,-4.48,-9.19,808.393,2118.809524
2622.788591,10.905741,-0.070241,-0.004143,-4.98,-10.12,718.469,2133.809524
2623.543624,10.959126,-0.052005,0.045713,-5.51,-9.3,807.852,2185.714286
2624.298658,10.943151,-0.039603,0.013631,-5.92,-8.4,865.416,2222.380952
2625.003356,10.894558,0.041023,0.019671,-4.97,-9.37,818.948,2202.857143
2625.758389,10.836391,-0.098221,-0.052217,-4.85,-9.46,901.464,2222.142857
2626.513423,10.820637,-0.16598,0.046871,-4.73,-8.61,656.838,2145
2627.268456,10.89919,-0.109304,-0.004494,-6.93,-7.37,601.624,2156.666667
2628.02349,10.930071,0.000987,0.029082,-5.47,-8.84,776.551,2037.142857
2628.778523,10.939184,-0.002858,0.111233,-4.89,-8.99,927.671,2202.380952
2629.533557,10.919367,0.040385,-0.015452,-3.42,-7.25,656.292,2108.571429
2630.288591,10.826158,-0.112619,0.033821,-3.55,-9.91,570.829,2138.095238
2631.043624,11.048044,-0.172637,-0.083981,-5.87,-10.51,546.902,2024.52381
2631.798658,10.98193,-0.083377,-0.22388,-6.49,-11.33,772.223,2213.571429
2632.501754,10.999014,0.007819,-0.016227,-5.37,-9.59,572.531,2031.904762
2633.254385,11.004218,0.002035,-0.19651,-5.79,-10.31,797.237,1909.52381
2634.007015,10.925007,0.025317,-0.152507,-4.22,-12.35,794.138,2067.380952
2634.759646,11.084768,0.03178,-0.078754,-4.46,-11.73,613.22,2040
2635.512277,11.016747,-0.025242,0.049809,-2.66,-10.09,760.824,2052.380952
2636.264908,10.88013,-0.005062,-0.210596,-3.19,-12.36,795.056,2103.333333
2637.21824,10.427209,-0.088778,-0.000241,-4.37,-3.21,613.178,1944.047619
2637.770169,9.779069,-0.136102,0.023513,-5.55,-0.35,604.986,1939.52381
2638.5228,8.265484,-0.131425,0.036231,-8.11,6.66,487.994,1974.52381
2639.325606,5.970952,0.084871,0.184543,-6.96,14.18,639.996,1954.047619
2640.028062,3.717458,0.079067,0.005719,-5.49,13.24,558.649,1882.857143
2640.780692,1.580028,-0.30068,0.010428,-3.33,13.58,711.506,2016.666667
2641.533323,0.348748,-0.906111,0.059512,2.19,5.76,522.769,1991.666667
2642.285954,0.020956,-2.06469,-0.02252,8.12,3.86,877.849,2167.619048
2643.038585,-0.148403,-4.020586,-0.088409,13.28,4,902.079,2235.238095
2643.791215,-0.214821,-6.222772,-0.113892,16.31,3.9,793.907,2205.714286
2644.543846,-0.233811,-8.342857,0.032838,12.49,2.85,842.869,2221.190476
2645.296477,-0.306098,-9.631548,-0.033073,11.13,3.15,869.353,2255.238095
2646.049108,-0.349405,-10.612878,-0.154275,8.39,2.54,897.296,2274.285714
2646.751563,-0.39291,-11.001076,-0.294983,5.92,2.07,859.408,2244.761905
2647.504194,-0.481262,-11.028227,-0.172699,5.38,1.35,812.157,2226.428571
2648.256825,-0.469286,-11.157298,-0.060115,4.63,2.36,697.775,2185.714286
2649.009456,-0.518371,-11.184804,0.083887,3.6,3.43,678.912,2202.857143
2649.862437,-0.564391,-11.052107,0.089778,3.04,1.91,607.937,2197.619048
2650.514717,-0.511591,-11.01274,0.048552,4.49,1.53,625.624,2128.333333
2651.267348,-0.527339,-10.96903,0.07672,3.32,1.01,637.971,2142.619048
2652.019979,-0.520939,-10.94005,-0.036286,2.9,1.31,794.323,2193.571429
2652.772609,-0.494373,-10.820676,-0.026795,4.07,1.96,708.579,2203.809524
2653.52524,-0.480413,-10.920348,-0.02341,4.6,1.56,760.283,2184.761905
2654.277871,-0.50677,-10.99829,-0.100408,3.81,3.05,745.042,2230
2655.030502,-0.581602,-10.869612,0.024562,0,-1.24,744.209,2202.142857
2655.783133,-0.436022,-10.212279,-0.081749,-3.63,-1.63,908.35,2167.857143
2656.535763,-0.737411,-8.971219,-0.165617,-9.5,2.99,787.561,2207.380952
2657.288394,-1.593834,-7.381813,-0.177512,-15.06,6.54,744.702,2184.285714
2658.041025,-3.063857,-5.002769,-0.064218,-19.43,9.54,773.687,2148.095238
2658.793656,-4.841498,-2.996532,0.1764,-17.86,14.86,803.628,2173.333333
2659.546286,-7.257461,-1.263629,0.18466,-16.77,15.63,947.04,2299.047619
2660.298917,-8.922733,-0.175971,0.204512,-14.38,14.65,957.3,2338.571429
2661.001373,-10.191762,0.369756,0.144309,-10.38,12.9,994.381,2310.952381
2661.754003,-10.91534,0.480322,0.148223,-8.56,9.4,995.58,2287.142857
2662.506634,-11.19568,0.476685,0.100296,-7.5,6.82,894.502,2206.190476
2663.259265,-11.215524,0.562341,0.139471,-6.71,6.17,809.392,2122.142857
2664.011896,-11.095958,0.569621,0.1445,-7.06,7.44,609.884,2072.857143
2664.764526,-11.061141,0.456039,0.030187,-2.84,7.86,894.715,2096.666667
2665.517157,-10.984683,0.170026,-0.133138,-4.35,7.37,505.086,1858.333333
2666.269788,-11.063686,0.084027,-0.068186,-4.03,10.61,483.596,1812.857143
2667.674699,-11.000005,0.088988,-0.032322,-2.9,10.56,895.57,2170.238095
2671.738905,-2.089269,0.831656,-0.162166,-11.06,0.32,492.601,1948.095238
2672.290834,-1.294188,0.620724,-0.047415,-7.94,-3.36,737.733,2116.428571
2673.043465,-0.412045,-0.098118,0.131661,-3.93,-2.34,739.617,2263.571429
2673.796096,-0.318507,-0.200274,0.141755,-2.64,0.23,818.834,2260.714286
2674.548727,-0.21532,-0.247936,0.090926,-2.7,-1.81,851.488,2126.904762
2675.251182,-0.066048,-0.21287,0.019587,-6.93,-3.27,802.012,2149.285714
2676.003813,0.349296,0.107886,0.422205,-7.72,-2.96,815.878,2191.428571
2676.756443,0.377087,0.177295,0.49838,-4.29,-1.59,905.25,2238.809524
2677.509074,0.156379,-0.019922,0.518395,-3.26,-0.17,817.598,2376.190476
2678.261705,-0.001939,-0.066789,0.497943,-5.29,-1.87,689.069,2080.714286
2679.014336,0.035672,0.031819,0.16859,-5.15,-0.85,667.564,2162.857143
2679.766967,-0.086905,-0.001338,0.011861,-4.72,-1.26,700.992,2131.666667
2680.519597,-0.063294,-0.028804,0.107493,-4.49,-0.54,721.367,2052.857143
2681.272228,-0.084943,-0.073033,-0.024105,-5.3,-1.94,715.53,2161.666667
2682.024859,-0.002658,-0.056794,0.021466,-5.19,-1.58,785.334,2230.714286
2682.77749,0.08378,-0.044796,0.008071,-4.57,-0.48,779.929,2207.380952
2683.53012,-0.012721,0.026603,-0.050035,-4.28,0.39,768.03,2209.52381
2684.282751,-0.20183,0.040274,-0.066304,-2.39,1.67,705.33,2142.380952
2685.035382,-0.882368,-0.01331,-0.056903,-0.63,5.88,856.955,2202.380952
2685.788013,-1.99456,-0.039131,-0.059799,0.3,10.46,782.526,2183.571429
2686.540644,-3.808499,-0.002802,-0.13441,1.87,16.17,770.658,2172.619048
2687.293274,-5.988251,0.060903,-0.283478,2.55,20.27,809.82,2157.619048
2688.045905,-8.179872,0.169266,-0.237938,2.67,16.7,839.873,2122.380952
2688.798536,-9.524983,0.137783,-0.287401,2.22,15.68,871.899,2190.952381
2689.500991,-10.513877,0.158482,-0.43535,0.92,14.69,833.309,2201.190476
2690.253622,-11.279586,0.031782,-0.376716,-1.98,9.14,620.293,2105.238095
2691.006253,-11.174497,0.159549,-0.38385,-2.51,9.22,567.501,2016.666667
2691.758884,-11.238671,0.177714,-0.330794,-2.21,7.46,644.831,2064.761905
2692.511514,-11.096744,0.190172,-0.165042,-3.03,6.91,721.338,2080.238095
2693.264145,-10.992965,0.225807,-0.150177,-3.38,5.93,666.384,2062.857143
2694.016776,-10.934077,0.199918,-0.141876,-3.19,7.59,722.984,2051.666667
2694.769407,-10.90067,0.130254,-0.130267,-4.23,7.42,589.471,2105
2695.522038,-10.851948,0.27164,-0.15482,-2.26,7.78,625.199,2012.142857
2696.324844,-10.406056,0.188134,-0.099136,-3.95,2.17,567.384,2033.333333
2697.027299,-9.528008,0.307692,-0.149712,-9.21,-1.55,665.136,2049.761905
2697.77993,-8.088799,0.973964,0.052553,-14.3,-6.69,575.957,1984.52381
2698.532561,-5.848407,2.334903,-0.016148,-20.73,-11.05,663.774,1957.619048
2699.285191,-3.6485,4.108419,0.207852,-24.88,-7.69,566.071,2009.52381
2700.037822,-1.971337,6.605479,0.189946,-26.84,-6.93,880.148,2150.952381
2700.790453,-0.744304,8.412044,0.225154,-23.53,-5.59,944.731,2249.52381
2701.543084,0.089138,9.833251,0.129956,-21.75,-1.99,1037.311,2322.857143
2702.295715,0.183566,10.584845,0.011579,-20.57,2.41,908.049,2290.238095
2703.048345,0.230399,11.157871,0.041367,-17.71,0.27,1033.67,2300
2703.750801,0.133239,11.290825,0.018055,-15.93,0.3,953.436,2185.47619
2704.503431,0.068451,11.267195,0.039174,-15.04,0.39,961.909,2224.761905
2705.256062,0.107143,11.150463,-0.072913,-14.31,0.78,744.099,2139.285714
2706.008693,0.042452,11.109544,-0.044384,-13.43,0.72,640.438,2066.428571
2706.761324,-0.008633,10.993043,-0.128071,-14.03,1.35,689.876,2035
2707.513955,-0.104752,10.990603,-0.088851,-15,0.05,658.254,2039.047619
2708.266585,-0.007169,10.945252,-0.011674,-15.56,1.36,842.431,2108.571429
2709.019216,-0.072828,10.906767,0.078972,-15.3,1.05,516.201,2030
2709.771847,-0.104544,10.967151,-0.023678,-14.54,1.49,671.45,2044.047619
2710.524478,-0.079169,10.803592,0.056216,-14.33,2.55,823.752,2074.761905
2711.277108,-0.082654,10.452539,0.023138,-9.67,-0.13,699.313,2049.047619
2712.029739,0.113364,9.262281,0.053549,-4,-6.29,799.941,2097.380952
2712.78237,1.029842,7.972341,-0.055694,1.23,-11.87,503.162,1952.857143
2713.535001,2.529663,5.393281,0.082124,5.93,-18.73,615.217,1955.238095
2714.287632,4.283022,3.335224,-0.015832,1.88,-22.32,416.998,1810.952381
2715.040262,6.857224,1.442165,0.145381,-2.69,-23.64,525.195,2054.52381
2715.792893,8.60862,0.481508,0.155229,-3.29,-20.87,782.74,2183.333333
2716.545524,10.082823,-0.167647,0.383385,-6.14,-18,974.732,2402.380952
2717.298155,10.91694,-0.154344,0.160042,-7.99,-15.4,1039.835,2351.904762
2718.00061,11.239683,-0.257642,-0.01446,-6.13,-9.65,743.833,2396.428571
2718.753241,11.230734,-0.181504,-0.091638,-7.3,-9.17,562.403,2100
2719.505872,11.134294,-0.129595,-0.007994,-7.83,-9.44,486.698,2021.666667
2720.258502,11.055341,-0.005534,0.194791,-6.73,-7.54,844.815,2067.619048
2721.011133,11.072378,-0.034543,-0.042981,-6.93,-7.66,802.194,2136.666667
2721.763764,10.863378,-0.099893,-0.143229,-7.86,-11.55,809.343,2292.619048
2722.516395,10.846271,-0.093813,0.026143,-7.87,-10.29,1027.751,2178.095238
2723.269025,10.861177,-0.153601,-0.246776,-9.85,-11.21,675.961,1943.333333
2724.021656,11.034706,-0.087041,0.103053,-8.49,-7.93,840.332,2213.571429
2724.774287,11.004479,-0.014715,-0.160124,-8.27,-6.46,861.231,2175.238095
2725.526918,10.881556,0.02866,-0.047927,-8.01,-7.23,743.052,2119.52381
2726.279549,10.825863,0.01397,-0.051187,-8.27,-9.71,890.157,2048.095238
2727.032179,10.863971,-0.063673,-0.005814,-8.35,-10.49,720.327,2171.904762
2727.78481,10.914418,-0.052984,0.12693,-7.97,-12.62,898.95,2272.857143
2728.537441,11.070567,0.027691,0.070079,-8.06,-11.87,850.391,2346.190476
2729.290072,11.086161,-0.102491,-0.108722,-9.02,-11.52,753.092,2126.190476
2730.042702,10.977034,-0.012637,-0.013323,-7.6,-10.71,586.742,2279.52381
2730.795333,11.033154,0.027972,-0.118549,-8.28,-9.26,1000.067,2108.333333
2731.547964,10.967366,-0.023666,0.101123,-8.88,-10.54,698.319,2107.857143
2732.250419,11.132255,0.004119,0.087961,-8.51,-10.06,913,2290
2733.00305,11.110639,-0.025927,0.018898,-8.39,-8.63,1119.107,2378.333333
2733.755681,10.934121,0.062105,0.12954,-6.83,-8.03,942.964,2314.285714
2734.508312,10.885069,0.080541,-0.078008,-5.42,-9.75,724.78,2160.714286
2735.260943,11.031645,-0.122288,-0.089566,-6.59,-10.22,976.843,2215
2736.013573,10.528256,-0.146275,-0.0178,-7.63,-2.52,662.125,2177.380952
2736.766204,9.604021,-0.085372,0.032704,-6.01,0.23,913.734,2117.380952
2737.518835,8.066133,0.056805,0.046846,-4.51,8.41,508.061,2180.47619
2738.271466,6.09494,0.061801,-0.027068,-2.04,14.69,680.857,2111.190476
2739.024096,3.459903,-0.025042,-0.027052,-0.86,13.51,441.748,1970.238095
2739.776727,1.510938,-0.363306,-0.052101,1.32,12.21,553.24,2026.666667
2740.529358,0.375758,-1.043202,-0.059524,3.51,2.56,572.65,2053.095238
2741.281989,-0.052417,-2.075834,0.037705,6.72,1.69,645.082,2162.857143
2742.034619,-0.257179,-3.907981,0.027708,13.4,-1.32,832.959,2106.428571
2742.78725,-0.260193,-5.975,0.017587,16.51,-2.74,775.825,2181.666667
2743.539881,-0.26167,-8.130446,-0.035088,15.08,-2.26,811.501,2270.714286
2744.292512,-0.277399,-9.548847,-0.035695,12.41,-2.38,829.957,2200.952381
2745.045143,-0.315609,-10.570682,-0.197795,9.63,-1.1,833.21,2197.142857
2745.797773,-0.447742,-10.97348,-0.181945,6.13,-2.03,742.088,2167.857143
2746.500229,-0.419085,-10.976681,-0.079291,5,-1.79,734.748,2143.571429
2747.25286,-0.403135,-11.037519,-0.08028,4.61,-1.59,762.112,2115.714286
2748.00549,-0.433671,-11.058538,-0.106184,3.75,-1.07,706.052,2110.952381
2748.758121,-0.430693,-10.965746,0.00776,3.85,-0.92,765.994,2152.380952
2749.510752,-0.473806,-10.960652,-0.030199,3.29,-1.09,699.713,2139.047619
2750.263383,-0.53068,-10.905865,-0.006878,3.27,-1.79,691.819,2133.571429
2751.016013,-0.528583,-10.843019,-0.038305,3.48,-0.51,791.7,2163.095238
2751.768644,-0.507854,-10.877533,0.027088,3.63,-1.33,769.572,2169.761905
2752.521275,-0.575576,-10.825324,0.088372,3.3,-1.77,773.62,2159.52381
2753.273906,-0.469097,-10.789405,0.013325,6.27,-1.3,745.076,2160.952381
2754.026537,-0.517511,-10.885091,0.099631,4.1,-0.97,612.703,2177.619048
2754.779167,-0.437287,-10.391295,0.16544,-1.71,-0.84,674.751,2098.095238
2755.531798,-0.739453,-9.167814,0.115584,-6.92,5.05,635.042,2138.333333
2756.284429,-1.424004,-7.745954,0.20893,-11.59,9.18,614.126,2009.52381
2757.03706,-2.902841,-5.368156,-0.084506,-16.19,19.48,730.287,2174.047619
2757.78969,-4.80455,-3.26572,-0.138945,-12.49,20.12,641.768,2223.809524
2758.542321,-7.140707,-1.368653,-0.001051,-11.58,20.9,781.109,2223.809524
2759.294952,-8.770995,-0.183356,-0.158241,-9.7,18.55,880.356,2364.047619
2760.047583,-10.19819,0.481386,-0.140329,-5.63,14.76,801.303,2215.952381
2760.750038,-10.952576,0.561779,-0.200829,-3.48,11.86,711.628,2181.666667
2761.502669,-11.163959,0.51938,-0.198337,-3.56,7.88,674.628,2141.428571
2762.2553,-11.21018,0.393175,-0.126409,-2.94,6.48,789.915,2029.761905
2763.00793,-11.244545,0.375774,-0.046883,-4.64,6.16,752.556,2040
2763.760561,-11.160751,0.355907,0.014299,-4.7,5.91,716.439,2134.285714
2764.513192,-10.968789,0.493733,0.146838,-3.85,5.22,734.812,2074.52381
2765.265823,-10.823552,0.420223,0.000783,-1.97,6.84,811.273,2093.809524
2766.018454,-10.919706,0.242118,-0.032102,-2.94,6.66,686.792,2048.809524
2766.771084,-10.876575,0.316299,-0.166759,-3.01,6.67,618.672,1938.095238
2767.523715,-10.869059,0.378942,-0.106001,-0.67,8.67,617.174,1995.714286
2768.276346,-10.87369,0.240941,-0.170554,-0.76,8.61,674.869,1975.47619
2769.028977,-10.887824,0.162698,-0.235231,-1.34,8.71,474.887,1950
2769.781607,-11.059954,0.144157,-0.176308,-2.87,9.81,552.42,1935.47619
2770.534238,-10.993982,0.302864,-0.068645,-3.04,6.27,709.249,1989.047619
2771.286869,-10.933179,0.350145,-0.115948,-1.13,6.99,827.533,1979.285714
2772.0395,-11.05057,0.13718,-0.014425,-4.21,5.93,736.569,2080.714286
2772.792131,-11.01683,0.202357,0.049066,-4.78,6.45,721.047,2078.809524
2773.594937,-10.999337,0.356796,0.249775,-3.49,6.05,754.749,2181.904762
2774.297392,-10.982235,0.359784,0.178889,-3.18,5.21,926.45,2208.571429
2775.050023,-10.895248,0.28752,0.17286,-4,6.04,815.746,2125.238095
2775.752478,-10.951945,0.303812,0.136791,-4.22,6.52,790.613,2135
2776.505109,-10.907811,0.327989,0.112258,-4.09,6.42,916.031,2104.52381
2777.25774,-10.9255,0.367695,0.059242,-4.07,6.82,792.957,2141.190476
2778.010371,-10.97481,0.302523,0.023765,-4.22,5.66,787.524,2122.857143
2778.763001,-10.655863,0.192102,0.086835,-5.2,0.47,877.412,2113.333333
2779.515632,-9.589485,0.449355,0.037357,-8.79,-3.96,778.241,2082.619048
2780.268263,-8.138438,1.136249,-0.02268,-12.34,-7.79,708.81,2022.142857
2781.020894,-5.965011,2.406769,-0.037797,-17.18,-12.56,704.835,2030.714286
2781.773524,-3.891999,4.056818,-0.040474,-22.55,-12.26,732.599,2043.095238
2782.526155,-2.082213,6.508984,-0.069493,-24.98,-11.56,897.092,2095.952381
2783.278786,-0.737088,8.377281,0.005666,-23.19,-8.71,1013.334,2251.904762
2784.031417,-0.038531,9.859491,-0.020575,-21.81,-5.3,877.046,2323.809524
2784.784048,0.109107,10.760426,-0.007116,-19.45,-2.02,866.78,2310.952381
2785.536678,0.208153,11.232238,0.04037,-14.53,-2.79,1067.426,2369.52381
2786.289309,0.118975,11.137516,0.053201,-14.62,-2.93,921.92,2348.333333
2787.04194,0.147879,11.194947,-0.111402,-15.01,-1.56,728.512,2211.904762
2787.794571,0.066872,11.241211,-0.141649,-12.81,-0.74,757.619,2135
2788.547201,-0.012878,11.008604,-0.097669,-14.4,-0.72,683.04,2054.52381
2789.400183,-0.17028,11.025929,-0.113361,-13.78,0.11,608.936,1964.761905
2790.152814,-0.125143,11.002602,0.076105,-13.24,-2.38,835.316,1930.952381
2790.754918,-0.085948,10.979515,-0.019043,-13.95,-2.01,965.671,2228.571429
2791.507549,-0.077031,11.025519,0.069064,-13.28,-2.2,851.092,2160.47619
2792.26018,-0.059005,10.932708,0.023385,-12.32,-1.66,789.912,2204.52381
2793.012811,-0.155159,10.832472,0.096061,-11.58,-1.94,714.463,2141.904762
2793.765442,-0.093629,10.396775,0.122728,-7.05,-2.03,779.244,2175
2794.518072,0.171991,9.235528,0.056694,-1.16,-6.72,755.591,2173.333333
2795.270703,1.020127,7.77244,-0.059438,2.63,-10.87,701.897,2109.761905
2796.023334,2.437698,5.538395,0.046029,7.49,-15.77,579.888,2013.809524
2796.775965,4.296892,3.319186,-0.042114,6.22,-20.2,655.377,2055
2797.528595,6.711668,1.582634,0.112287,1.68,-21.55,433.297,1945
2798.281226,8.503924,0.633777,0.116886,0.26,-19.18,805.572,2246.428571
2799.033857,10.028097,-0.054026,0.141838,-2.24,-17.4,851.424,2398.809524
2799.786488,10.743263,-0.154096,-0.002044,-3.82,-15.82,943.197,2398.095238
2800.539118,11.22629,-0.273857,-0.238206,-4.62,-11.64,927.838,2339.761905
2801.291749,11.220513,-0.248998,-0.08896,-6.09,-11.11,907.158,2207.380952
2802.04438,11.19134,-0.127263,-0.000895,-6.3,-10.56,885.797,2151.666667
2802.797011,11.158286,-0.113785,-0.065013,-6.22,-11.57,819.398,2210
2803.549642,11.099886,-0.048471,0.034241,-5.63,-10.56,758.88,2231.190476
2804.252097,11.074932,-0.084008,-0.08015,-6.07,-9.8,964.585,2257.380952
2805.004728,11.017824,-0.004479,0.02761,-6.67,-9.61,747.949,2219.047619
2805.757359,10.937008,0.011835,-0.004335,-7.07,-11.07,865,2209.047619
2806.509989,10.940675,0.017033,-0.096791,-6.01,-9.86,757.079,2159.52381
2807.26262,10.88375,0.023068,-0.06557,-5.97,-9.43,1087.64,2166.904762
2808.015251,10.828829,-0.072578,-0.06195,-5.53,-11.41,730.006,2096.428571
2808.767882,11.045101,0.004171,-0.048284,-5.05,-10.27,733.916,2175.952381
2809.520512,10.912464,-0.112828,-0.003379,-5.85,-9.99,868.282,2185.47619
2810.273143,10.901635,-0.105662,-0.056832,-6.65,-10.55,764.338,2222.619048
2811.025774,10.978175,0.051918,0.048801,-5.3,-10.67,849.417,2234.761905
2811.778405,11.063003,0.079809,0.048998,-5.39,-11.11,818.34,2246.428571
2812.531036,11.027756,0.018526,-0.023566,-5.72,-12.28,844.916,2262.380952
2813.283666,10.92686,-0.189337,-0.112913,-6.83,-11.65,710.137,2183.333333
2814.036297,11.088591,-0.012507,-0.015124,-6.75,-10.4,726.628,2068.571429
2814.788928,10.977161,0.02167,0.03434,-5.47,-10.52,994.994,2116.904762
2815.541559,10.901526,-0.086248,0.01937,-6.31,-10.99,774.866,2166.666667
2816.294189,11.037239,0.000554,0.032799,-5.99,-11.1,703.516,2202.142857
2817.04682,10.999827,-0.04931,-0.04472,-6.34,-10.45,898.726,2195.952381
2817.799451,10.869198,-0.008318,-0.058265,-6.02,-10.17,834.487,2195.238095
2818.501906,10.551707,0.013245,-0.001581,-6.85,-6.78,907.569,2185.714286
2819.254537,9.693746,0.040506,0.020607,-7.02,-1.19,884.766,2290
2820.007168,8.343392,0.021196,0.064257,-4.6,6,754.338,2070.714286
2820.759799,6.145043,-0.06143,0.059371,-3.81,14.41,563.264,1946.666667
2821.512429,3.546942,-0.031339,0.056628,-2.92,13.56,493.875,1890
2822.26506,1.662655,-0.24527,-0.085073,-0.66,11.12,536.459,2049.285714
2823.017691,0.247687,-0.924818,-0.063266,3.32,6.57,856.416,2207.619048
2823.770322,-0.131602,-2.030151,0.072398,8.03,1.71,702.59,2104.047619
2824.522953,-0.192616,-3.871881,0.000898,14.67,0.69,822.503,2301.428571
2825.275583,-0.27156,-5.993256,-0.06584,18.36,-0.17,803.408,2244.285714
2826.028214,-0.240223,-8.20704,-0.047616,13.85,-0.36,795.944,2166.904762
2826.780845,-0.218454,-9.374018,-0.138042,11.98,0.77,938.009,2246.904762
2827.533476,-0.348535,-10.398916,-0.334642,10.52,1.7,773.874,2219.285714
2828.286106,-0.421028,-10.929246,-0.181079,6.89,0.35,638.075,2106.666667
2829.038737,-0.469921,-11.023116,-0.133856,4.23,-0.58,730.744,2153.809524
2829.791368,-0.437452,-10.960946,-0.10108,4.39,-0.25,733.007,2179.047619
2830.543999,-0.423074,-10.908273,-0.02426,4.49,0.43,771.806,2190.952381
2831.29663,-0.497119,-10.911445,-0.031929,4.12,0.09,748.323,2177.142857
2832.04926,-0.584337,-10.942631,0.076397,3.19,0.19,720.426,2160
2832.751716,-0.459572,-10.972295,0.069351,3.07,-0.22,670.758,2156.666667
2833.504346,-0.466232,-10.827877,0.142015,3.08,0.44,556.03,2114.285714
2834.256977,-0.571765,-10.812248,0.07077,3.27,0.39,713.935,2189.285714
2835.009608,-0.538566,-10.855935,0.069463,4.13,-0.98,686.312,2185.952381
2835.762239,-0.532838,-10.975149,0.148412,3.29,0.2,560.876,2101.190476
2836.51487,-0.505442,-10.827716,0.152414,2.25,0.36,743.355,2209.52381
2837.2675,-0.51076,-10.339613,-0.006901,-2.38,-0.59,712.991,2167.142857
2838.020131,-0.713591,-9.289229,-0.048797,-7.5,3.75,674.812,2145.47619
2838.772762,-1.515385,-7.670569,-0.115935,-13.77,7.79,706.897,2150.714286
2839.525393,-2.740273,-5.554691,0.046542,-16.62,10.86,651.642,2122.619048
2840.278023,-4.34481,-3.513243,0.10065,-16.18,16.32,817.808,2197.619048
2841.030654,-6.835021,-1.545852,0.207904,-14.65,18.84,840.268,2275.47619
2841.783285,-8.601105,-0.331862,0.127404,-12.45,16.87,969.734,2332.380952
2842.535916,-10.141091,0.380364,0.00828,-8.06,14.98,890.799,2266.904762
2843.288547,-10.904577,0.548656,0.065618,-5.51,11.06,869.903,2201.666667
2844.041177,-11.22894,0.523316,-0.065125,-5.23,5.69,731.229,2082.142857
2844.793808,-11.177361,0.431262,-0.074541,-4.88,5.41,563.694,1987.142857
2845.546439,-11.16668,0.497317,-0.141945,-4,5.68,555.866,1979.047619
2846.29907,-11.092579,0.426559,-0.1973,-3.1,4.51,586.365,1916.190476
2847.001525,-11.054922,0.305891,-0.189217,-3.44,3.99,590.074,1948.095238
2847.754156,-10.892018,0.330976,-0.126133,-4.17,3.45,606.669,1954.52381
2848.506787,-10.847773,0.340828,-0.187007,-4.95,6.78,574.578,1952.380952
2849.359768,-10.960952,0.19824,-0.058509,-4.6,7.16,283.511,1852.380952
2850.012048,-10.908817,0.231271,-0.025745,-4.65,5.89,809.333,2011.428571
2850.764679,-10.913535,0.329941,0.016596,-3.36,8.33,715.517,2089.047619
2851.51731,-10.907736,0.300214,0.065512,-4.46,7.13,751.316,2083.333333
2852.269941,-11.020481,0.217077,0.017144,-3.79,7.36,671.23,2093.095238
2853.022571,-10.94485,0.327328,0.062758,-4.29,7.22,781.845,2117.142857
2853.775202,-10.974847,0.329025,-0.020547,-3.37,6.3,782.142,2069.285714
2854.527833,-10.9589,0.336909,-0.045634,-3.54,7.29,739.182,2110
2855.280464,-10.975529,0.317464,-0.119851,-3.32,7.85,682.992,2055.714286
2856.033094,-10.977466,0.29119,-0.058217,-2.96,7.39,625.794,2034.761905
2856.785725,-10.982905,0.281864,-0.067984,-3.9,7.53,621.158,2037.142857
2857.538356,-11.035887,0.239514,0.017208,-3.55,7.38,759.889,2062.857143
2858.290987,-11.079116,0.260733,0.049836,-4,5.97,888.528,2090.238095
2859.043618,-10.970818,0.396681,0.001635,-4.41,5.89,666.265,2075.714286
2859.796248,-10.934922,0.318616,0.030161,-2.74,6.97,607.09,2047.142857
2860.548879,-10.930511,0.289441,-0.033002,-4.81,6.58,650.595,2036.904762
2861.251334,-10.684505,0.244867,-0.021707,-4.57,2.65,619.068,2008.095238
2862.003965,-9.820152,0.411901,-0.016119,-6.71,-2.11,668.096,2072.142857
2862.756596,-8.344096,1.017762,-0.043782,-11.12,-6.93,671.372,2075.47619
2863.509227,-6.494046,1.999182,-0.054415,-16.46,-12.52,711.413,2054.047619
2864.261858,-3.968748,3.82759,0.060853,-22.25,-10.83,737.647,2059.285714
2865.014488,-2.252829,6.36862,0.087828,-25.87,-9.93,860.771,2130.952381
2865.767119,-0.972394,8.261919,0.090746,-22.72,-8.28,979.261,2230
2866.51975,0.006099,9.804772,0.213263,-21.27,-4.44,1037.488,2369.047619
2867.272381,0.092751,10.658722,0.130424,-19.43,-1.09,964.3,2344.285714
2868.025011,0.078258,11.18286,0.144201,-15.48,-2.75,807.691,2335.238095
2868.777642,0.143056,11.179397,0.107719,-14.4,-1.45,895.248,2265
2869.530273,0.151454,11.239676,0.087716,-14.88,-0.53,716.765,2240
2870.282904,0.142741,11.22028,0.005097,-13.88,-1.03,665.836,2181.190476
2871.035535,0.087423,11.142992,-0.018797,-13.81,-1.24,680.414,2170
2871.788165,-0.006657,11.062342,0.046613,-13.78,-0.48,785.246,2162.142857
2872.540796,-0.070909,10.963509,-0.003707,-13.14,-0.9,899.569,2173.095238
2873.293427,-0.090078,10.954787,0.039003,-12.39,-1.34,874.557,2193.095238
2874.046058,-0.070239,10.948844,0.079237,-13.13,-0.77,727.515,2188.809524
2874.798688,-0.037442,10.968473,-0.011561,-13.54,-1.27,787.054,2179.52381
2875.501144,-0.049993,10.869727,-0.144751,-13.55,-1.42,745.945,2140.238095
2876.253775,-0.056879,10.501858,0.077814,-7.28,-1.8,849.132,2130.47619
2877.006405,0.057642,9.560751,0.037259,-2.84,-4.53,741.676,2240.714286
2877.759036,0.814453,7.967834,-0.150705,3.07,-10.66,539.24,2080.714286
2878.511667,2.234193,5.64452,0.058986,8.93,-15.22,573.007,1926.190476
2879.264298,4.053013,3.552144,-0.041819,6.05,-20.16,664.852,2083.809524
2880.016928,6.543336,1.678797,0.111535,1.84,-22.6,570.497,2114.761905
2880.769559,8.356681,0.654935,0.1728,-0.14,-18.6,858.583,2309.047619
2881.52219,9.858153,0.059969,0.054484,-2.45,-18.24,966.227,2414.52381
2882.274821,10.755266,-0.125637,0.039704,-4.79,-16.63,817.096,2331.428571
2883.027452,11.177923,-0.264811,0.020659,-4.94,-11.37,942.961,2354.761905
2883.780082,11.208053,-0.208415,-0.077463,-6.34,-10.42,939.96,2312.857143
2884.532713,11.104271,-0.075743,-0.179787,-6.06,-11.03,725.673,2155.238095
2885.285344,11.194378,-0.109765,-0.09026,-6.06,-11.42,750.767,2156.428571
2886.037975,11.143628,-0.10456,-0.072758,-6.83,-10.1,809.009,2210
2886.790605,11.071997,0.000767,0.060759,-7.11,-9.74,956.207,2155.238095
2887.543236,10.927979,-0.050766,0.049847,-6.17,-9.44,752.665,2179.047619
2888.295867,10.946113,0.010338,-0.034629,-5.49,-9.75,846.194,2179.047619
2889.048498,10.885359,-0.008454,0.120657,-5.37,-9.5,580.427,2104.047619
2889.750953,10.901236,-0.040195,-0.093685,-5.57,-10.61,593.672,2122.142857
2890.503584,10.94283,-0.11916,-0.065541,-5.92,-10.66,633.564,2070.238095
2891.256215,10.96915,-0.058771,0.056951,-5.79,-10.37,977.989,2136.666667
2892.008846,10.970233,-0.11959,-0.019012,-6.37,-9.63,794.573,2135
2892.761476,10.972274,-0.04836,-0.05257,-6.26,-9.73,667.634,2042.142857
2893.514107,10.985941,-0.037767,0.040168,-5.35,-9.52,704.014,2026.190476
2894.266738,10.958225,0.06125,-0.009475,-4.6,-8.73,618.933,2060.47619
2895.019369,10.91037,-0.095993,-0.017007,-4.53,-9.6,635.025,2004.047619
2895.771999,10.882513,-0.153702,0.055205,-5.89,-10.23,876.463,2001.428571
2896.52463,10.869025,-0.027483,-0.040467,-5.53,-10.06,609.746,2129.52381
2897.277261,10.913413,-0.130598,-0.063372,-6.48,-10.29,648.931,2035.238095
2898.029892,10.968549,-0.108593,-0.001961,-6.16,-8.88,616.068,2009.52381
2898.782522,10.950044,-0.079103,0.180289,-4.67,-8.71,660.784,2055.952381
2899.535153,10.975155,-0.089601,0.023358,-6.19,-10.5,526.726,1955.714286
2900.287784,10.949251,-0.008408,0.031679,-6.65,-9.78,440.607,1975
2901.040415,10.445308,0.048207,0.156466,-5.08,-3.99,852.231,2032.380952
2901.793046,9.675017,-0.109561,-0.072957,-5.19,-0.76,867.537,2128.095238
2902.545676,8.221457,-0.12218,0.006631,-6.07,6.34,511.172,2013.333333
2903.298307,6.306287,0.039975,0.17474,-4.46,12.13,539.693,1991.428571
2904.050938,3.799977,-0.117391,-0.019835,-4.33,12.51,463.435,2014.285714
2904.753393,2.16058,-0.076879,-0.018115,-4.89,8.6,477.77,2006.666667
2905.506024,0.956121,-0.017596,0.043276,-5.14,6.31,717.181,2143.571429
2906.258655,0.049628,-0.029513,-0.060864,-5.57,3.88,798.74,2195.714286
2907.011286,-0.206053,0.02024,-0.057067,-4.85,-1.84,745.733,2206.904762
2907.763916,-0.041303,0.042041,-0.039509,-4.45,-2.12,752.573,2235.952381
2908.516547,-0.038697,0.032804,-0.058958,-4.99,-1.31,741.117,2237.380952
2909.269178,0.013863,0.044824,-0.039446,-5.11,-1.72,834.662,2228.333333
2910.021809,0.012781,0.080233,-0.089469,-4.99,-1.77,859.665,2232.380952
2910.77444,0.004979,0.094309,-0.042116,-4.68,-1.11,812.28,2230.714286
2911.52707,-0.004791,0.023011,-0.053334,-5.35,-1.2,869.642,2250.47619
2912.279701,0.06183,0.033326,-0.052622,-5.1,-0.19,840.966,2232.142857
2913.032332,0.053351,0.03933,-0.09041,-4.92,1.21,750.037,2186.190476
2913.784963,0.030766,0.060541,-0.135068,-4.56,1.76,799.178,2163.095238
2914.537593,0.013091,0.008993,-0.121449,-4.2,2.2,787.848,2132.380952
2915.290224,0.01068,-0.009245,-0.074454,-4.31,2.87,752.982,2101.666667
2916.042855,0.023606,-0.009163,0.025784,-3.6,3.12,791.752,2080.238095
2916.795486,-0.077018,-0.056269,0.015821,-3.96,1.62,824.406,2100.952381
2917.548117,0.026874,-0.54424,0.001292,-4.56,-2.76,805.435,2093.809524
2918.250572,0.117221,-1.390038,0.015071,-4.47,-6.27,810.498,2094.761905
2919.003203,0.247917,-2.631253,-0.020126,-4.37,-10.5,828.837,2102.380952
2919.755833,0.41982,-4.493266,-0.14264,-3.88,-13.71,806.328,2120.952381
2920.508464,0.550081,-5.909116,-0.148736,-4.08,-11.28,845.047,2150.952381
2921.261095,0.658664,-7.102797,-0.018637,-4.37,-8.58,822.132,2223.333333
2922.013726,0.65727,-7.792356,0.080836,-4.79,-5.23,811.178,2259.047619
2922.766357,0.712157,-7.896131,0.071408,-5.18,-3.46,774.997,2270.714286
2923.518987,0.721025,-7.961389,0.049636,-5.24,-3.65,720.818,2245.952381
2924.271618,0.747624,-8.058923,0.033537,-4.93,-2.65,815.182,2238.333333
2925.024249,0.759489,-8.003511,0.063026,-5.08,-2.41,710.626,2240.714286
2925.77688,0.713404,-7.990814,0.054986,-5.29,-2.53,795.131,2232.857143
2926.52951,0.696188,-7.941662,0.005183,-5.34,-2.17,735.859,2245.714286
2927.282141,0.730991,-7.945526,-0.040357,-4.86,-2.01,770.898,2237.619048
2928.034772,0.699989,-7.906272,-0.018275,-5.08,-2.54,702.33,2192.142857
2928.787403,0.666035,-7.882113,-0.00266,-4.58,-2.12,735.316,2185.714286
2929.540034,0.73003,-7.880294,0.019867,-5.5,-2.99,727.138,2206.666667
2930.292664,0.659238,-7.980721,-0.091583,-5.01,-3.3,574.06,2133.095238
2931.045295,0.749911,-7.929811,0.050467,-4.05,-0.99,567.263,2115
2931.797926,0.713356,-7.943216,0.029982,-5.11,-3.99,669.567,2123.095238
2932.500381,0.71234,-7.913465,0.060168,-4.6,0.68,493.065,2093.571429
2933.253012,0.551588,-7.17389,0.001665,-3.28,4.93,734.762,2169.761905
2934.005643,0.512871,-6.021441,0.014382,-5.42,11.3,657.806,2203.333333
2934.758274,0.385168,-4.01411,0.02751,-4.01,15.59,663.822,2127.619048
2935.510904,0.161497,-2.033198,-0.050578,-2.28,16.6,776.892,2175.238095
2936.263535,-0.43334,-0.625928,-0.208383,0.77,12.7,768.479,2150
2937.016166,-1.376119,0.008558,-0.149478,5.05,7.37,702.464,2087.857143
2937.768797,-2.559893,0.09028,-0.103041,7.92,4.86,690.298,2083.095238
2938.521427,-4.193505,0.078918,-0.231665,11.23,6.48,747.843,2146.190476
2939.274058,-5.524474,0.082827,-0.114682,9.95,5.74,773.133,2145.714286
2940.026689,-6.708148,0.097256,-0.017114,9.03,5.19,775.446,2211.190476
2940.77932,-7.411783,0.094316,-0.038248,7.06,5.74,756.293,2234.285714
2941.531951,-7.696466,0.128087,0.051252,2.23,3.66,616.869,2216.190476
2942.284581,-7.754722,0.114294,0.053393,2.92,3.75,705.02,2168.571429
2943.037212,-7.78185,0.15628,0.113057,1.72,4.8,663.144,2191.666667
2943.789843,-7.717295,0.233309,0.064099,2.67,4.98,710.296,2266.666667
2944.542474,-7.775856,0.239542,-0.004015,2.41,4.37,682.664,2214.761905
2945.295104,-7.802367,0.262183,0.044652,2.42,4.29,760.723,2222.857143
2946.047735,-7.766676,0.307261,0.017558,2.54,4.56,644.228,2221.428571
2946.750191,-7.852384,0.281619,0.005767,2.45,3.5,699.507,2225.952381
2947.502821,-7.834182,0.212735,0.011058,2.36,4.15,713.064,2219.285714
2948.255452,-7.787531,0.262982,-0.026743,2.76,4.22,709.111,2188.333333
2949.008083,-7.838836,0.203292,0.003377,2.6,3.82,678.532,2217.142857
2949.760714,-7.889274,0.217224,0.03331,3.21,4.02,822.833,2225.952381
2950.513345,-7.846146,0.216279,0.032519,2.99,3.36,773.302,2222.142857
2951.265975,-7.917281,0.23047,0.053732,3.18,3.99,703.382,2262.380952
2952.018606,-7.905548,0.268418,0.038964,3.72,3.46,737.812,2234.047619
2952.771237,-7.896875,0.310774,-0.013446,3.38,2.82,743.313,2220.952381
2953.523868,-7.941586,0.281629,0.009848,3.28,2.7,679.691,2239.047619
2954.276498,-7.934515,0.249383,-0.047944,3.12,2.93,678.784,2189.047619
2955.029129,-7.9855,0.281677,0.012132,3.23,3.2,703.265,2160.714286
2955.78176,-7.977927,0.252823,-0.008212,3.12,3.48,736.403,2174.285714
2956.534391,-7.967833,0.309456,0.002642,2.89,2.33,684.205,2209.047619
2957.287022,-8.001513,0.346342,-0.020097,2.6,1.47,690.147,2206.666667
2958.039652,-7.934632,0.2213,-0.074614,2.38,2.42,773.619,2179.761905
2958.792283,-7.917121,0.214923,-0.072341,2.78,2.95,747.077,2210.238095
2959.544914,-7.910077,0.269909,-0.111846,3.34,3.42,747.567,2204.52381
2960.297545,-7.952346,0.276992,-0.065194,2.62,3.05,771.276,2239.52381
2961,-7.927775,0.25502,-0.074617,2.81,2.93,727.539,2250.238095
2961.755034,-7.954556,0.225707,-0.089179,2.97,3.01,702.248,2226.190476
2962.510067,-7.949385,0.2355,-0.038187,2.74,3.38,683.013,2234.52381
2963.265101,-7.923938,0.239411,-0.073881,2.9,3.62,752.266,2240.952381
2964.020134,-7.935458,0.257965,0.005056,3.05,3.39,708.777,2245.238095
2964.775168,-7.951341,0.283118,-0.004691,2.95,3.08,792.176,2242.142857
2965.530201,-7.975921,0.227777,0.047544,2.3,2.21,733.007,2236.666667
2966.285235,-7.916956,0.255645,-0.052512,3.64,3.45,636.416,2229.285714
2967.040268,-7.997638,0.254054,0.203299,3.74,2.95,711.773,2152.857143
2967.795302,-8.168234,0.363327,-0.128103,2.52,1.71,596.081,2164.047619
2968.600671,-7.999744,0.239756,-0.06899,-2.09,1.2,459.634,1776.428571
2969.305369,-7.845199,0.144931,-0.147651,1.88,3.21,379.041,1897.380952
2970.010067,-7.80127,0.228412,-0.130808,1.92,2.45,546.15,1930.714286
2970.765101,-7.965649,0.17143,0.013904,3.95,3.1,563.415,2043.095238
2971.520134,-8.009163,0.218728,0.079587,3.06,3.2,550.319,2125.238095
2972.275168,-7.984384,0.20786,-0.029628,0.86,2.96,621.68,2149.285714
2973.030201,-7.248787,0.241877,0.107331,-4.65,3.74,726.701,2119.285714
2973.785235,-6.135196,0.182412,0.008361,-9.02,4.02,658.218,2225.238095
2974.540268,-4.306504,0.134214,0.002894,-14.82,3.77,628.789,2171.666667
2975.295302,-2.475909,0.175398,-0.070617,-15.63,3.94,773.015,2248.571429
2976,-0.99383,0.417206,-0.067398,-11.67,8.15,787.901,2268.095238
2976.755034,-0.120717,1.298724,-0.108564,-6.92,11.43,816.679,2214.52381
2977.510067,0.162538,2.680152,-0.099635,-4.29,16.16,885.372,2177.380952
2978.265101,0.193084,4.20101,0.024239,-3.35,17.52,928.466,2191.666667
2979.020134,0.200825,5.52736,0.000735,-3.12,15.23,893.466,2225.238095
2979.775168,0.244833,6.28139,-0.16844,-3.17,13.2,748.186,2157.142857
2980.530201,0.234995,6.765696,-0.132929,-3.02,10.56,717.918,2060.238095
2981.285235,0.190115,6.8543,-0.12213,-2.72,8.46,711.451,2124.52381
2982.040268,0.170048,6.395124,-0.048731,-3.66,3.12,685.409,2123.571429
2982.795302,0.266898,5.359951,-0.170758,-3.67,-2.84,602.852,2081.190476
2983.550336,0.125633,3.671536,-0.019587,-3.63,-7.72,628.13,2027.857143
2984.255034,0.159461,1.888566,0.0112,-5.44,-10.11,688.308,2006.904762
2985.010067,0.692321,0.567143,0.046326,-9.32,-1.32,531.196,1953.809524
2985.765101,1.563536,0.100537,0.129229,-13.03,1.5,665.816,2090.238095
2986.520134,3.011288,-0.078211,0.109791,-19.2,2.13,819.631,2115.952381
2987.275168,4.764991,-0.161008,0.217162,-20.61,2.59,685.217,2050.238095
2988.030201,6.361903,-0.263519,0.278868,-16.34,2.88,882.735,2115.238095
2988.785235,7.087337,-0.196526,0.178285,-15.48,3.59,926.101,2251.428571
2989.540268,7.622964,-0.174812,0.061682,-13.43,2.89,827.918,2143.095238
2990.295302,7.752287,-0.298452,-0.046716,-13.3,2.71,756.383,2088.571429
2991,8.002823,-0.300398,-0.120351,-12.57,1.4,488.812,2057.142857
2991.755034,8.016707,-0.366181,-0.015473,-10.74,3.34,731.946,2150.47619
2992.510067,7.857827,-0.257907,0.039431,-10.46,3.89,745.757,2120.714286
2993.265101,7.895636,-0.245922,-0.030247,-10.58,2.63,794.015,2138.809524
2994.020134,7.89318,-0.340686,0.027002,-10.29,2.51,771.874,2104.761905
2994.775168,7.865033,-0.334333,0.103312,-9.74,2.78,777.775,2112.857143
2995.530201,7.896871,-0.410039,0.074541,-10,4.14,775.474,2140.714286
2996.285235,7.855734,-0.284034,-0.023974,-10.47,4,727.177,2073.809524
2997.040268,7.895102,-0.296281,0.020281,-9.83,2.87,683.97,1962.619048
2997.795302,7.867557,-0.343072,0.071274,-10.48,3.02,646.92,2043.333333
2998.5,7.884873,-0.300945,-0.030055,-9.55,0.83,628.556,2042.380952
2999.255034,8.044115,-0.4208,-0.006094,-9.08,3.98,543.564,2002.142857
3000.010067,7.948575,-0.32281,0.058482,-9.39,4.04,353.52,2025.47619
3000.765101,7.974723,-0.300585,0.098853,-8.71,4.6,595.035,1986.190476
3001.520134,7.914664,-0.221281,0.065344,-8.15,3.23,640.642,1975.238095
3002.275168,7.793008,-0.2582,-0.046917,-9.61,0.95,507.317,1904.285714
3003.030201,7.907659,-0.434526,-0.017296,-9.63,0.55,626.214,1929.047619
3003.785235,8.109427,-0.386152,-0.133769,-8.05,2.92,549.471,2006.666667
3004.540268,7.908573,-0.272254,-0.125291,-8.89,1.93,328.006,1860
3005.295302,7.990349,-0.311965,0.041743,-8.99,1.07,469.745,1932.857143
3006,8.030457,-0.468171,-0.039681,-8.31,2.49,690.953,2125.47619
3006.755034,8.046234,-0.386566,-0.100304,-8.03,3.37,306.239,2010.238095
3007.661074,8.014578,-0.294044,0.008957,-7.44,2.86,459.058,1950.714286
3008.265101,7.908007,-0.32468,0.094925,-8.12,3.8,804.446,2044.52381
3009.020134,7.868179,-0.435139,0.018518,-10.11,5.32,660.86,2026.666667
3009.825503,7.94648,-0.276899,-0.013071,-9.79,5.36,488.622,1911.190476
3010.530201,7.923222,-0.253338,0.042525,-9.71,4.13,666.711,2048.571429
3011.285235,7.949945,-0.229569,-0.017309,-9.82,3.6,790.328,2093.333333
3012.040268,7.910949,-0.274684,0.023552,-9.95,3.59,682.069,2095.238095
3012.795302,7.987362,-0.268453,-0.011165,-10.06,3.15,720.918,2082.380952
3013.5,7.993525,-0.356343,-0.00825,-9.99,3.7,739.339,2089.285714
3014.255034,7.975116,-0.403561,-0.02548,-10.39,4.21,760.484,2148.571429
3015.010067,7.948987,-0.394018,-0.000999,-10.83,4.76,569.127,2085
3015.765101,7.950103,-0.38903,0.019528,-11.14,4.94,772.007,2131.190476
3016.520134,8.011942,-0.295613,0.063166,-11.31,4.2,820.114,2128.809524
3017.275168,8.014085,-0.294194,0.085414,-10.8,4.21,700.655,2120.238095
3018.030201,7.994226,-0.338637,0.012765,-10.74,5.71,930.736,2163.809524
3018.785235,7.944187,-0.201859,0.098331,-11.89,4.63,876.957,2137.619048
3019.540268,7.945563,-0.245989,0.026736,-12.43,2.74,648.364,2130.952381
3020.295302,8.023224,-0.301363,-0.125651,-12.68,3.46,674.425,2045
3021,7.871168,-0.274642,0.113259,-8.05,4.26,551.939,1998.095238
3021.755034,7.103217,-0.246587,-0.057844,-4.04,3.82,689.922,2073.571429
3022.510067,5.78949,-0.210273,0.076888,3.21,4.27,540.483,1943.809524
3023.265101,3.958198,-0.066466,0.029097,7.89,2.62,658.406,2028.809524
3024.020134,1.850159,-0.1031,0.067202,6.88,4.05,634.907,1997.857143
3024.775168,0.698739,0.284972,-0.033834,2.64,7.76,674.534,2030.952381
3025.530201,0.037491,1.361484,-0.026176,-0.95,12.28,718.81,2073.333333
3026.285235,-0.091987,2.76453,0.030955,-1.02,15.91,784.012,2069.285714
3027.040268,-0.25094,4.38992,0.022795,-0.68,14.96,856.362,2144.047619
3027.795302,-0.373642,5.377781,0.00294,-1.45,13.08,895.109,2204.761905
3028.5,-0.394269,6.050344,-0.018797,-2.38,11.16,828.583,2169.52381
3029.255034,-0.280746,6.408305,0.034647,-2.19,6.39,852.583,2166.190476
3030.010067,-0.366761,6.331212,-0.221071,-1.97,5.28,864.657,2157.619048
3030.765101,-0.375449,5.971877,-0.225595,-3.75,-0.03,646.198,1979.285714
3031.520134,-0.107287,4.617672,-0.188169,-4.46,-5.13,565.602,2004.52381
3032.275168,-0.046414,3.075357,-0.140708,-3.77,-9.7,553.052,2013.333333
3033.030201,-0.245136,1.199898,-0.202688,-0.03,-8.24,601.785,2034.761905
3033.785235,-0.933012,0.316643,-0.203294,4.65,-0.44,603.202,2043.333333
3034.540268,-2.175095,0.321354,-0.100024,9.92,2.35,732.01,2111.666667
3035.295302,-3.905481,0.315673,0.069609,15.6,1.97,771.07,2120.238095
3036,-5.693538,0.322497,0.120059,13.01,1.31,775.637,2241.190476
3036.755034,-7.016576,0.289665,0.221076,9.66,2.31,822.399,2310.952381
3037.510067,-7.818256,0.300225,0.247553,7.15,3.68,802.904,2300
3038.265101,-8.066331,0.299868,0.207744,4.16,2.9,704.638,2243.095238
3039.020134,-8.071717,0.344222,0.099797,3.94,3.47,757.082,2256.904762
3039.775168,-8.092072,0.316127,0.077225,2.96,2.83,781.613,2170.714286
3040.530201,-8.060793,0.394752,0.085542,2.92,2.26,739.279,2205.952381
3041.285235,-8.00237,0.29872,0.063778,3.12,3.12,700.423,2186.428571
3042.040268,-7.999769,0.313097,0.050172,2.99,2.65,680.046,2239.52381
3042.795302,-7.96148,0.289416,-0.068019,3.74,3.55,766.031,2205.952381
3043.5,-7.927097,0.297144,-0.002948,3.58,3.97,632.345,2191.428571
3044.255034,-7.974023,0.318091,0.034975,2.8,2.98,721.411,2182.142857
3045.010067,-7.934062,0.271916,-0.036822,3.02,3.47,749.554,2182.380952
3045.765101,-7.920293,0.291727,-0.06263,3.37,3.71,567.712,2171.666667
3046.520134,-7.926545,0.24838,-0.076066,3.51,4.23,679.663,2169.761905
3047.275168,-7.877766,0.296599,-0.121443,3.03,3.98,632.405,2198.809524
3048.030201,-7.965843,0.300188,-0.046852,3.07,3.49,719.97,2190.714286
3048.785235,-7.949958,0.315299,-0.036465,2.91,3.11,647.691,2193.333333
3049.540268,-7.937631,0.308144,-0.019566,2.99,2.99,690.468,2236.190476
3050.295302,-7.964233,0.279291,-0.027591,3.08,3.06,746.026,2263.809524
3051,-8.001777,0.305086,0.002673,2.77,3.76,698.437,2253.095238
3051.755034,-7.996252,0.337267,-0.066645,3.04,2.76,657.113,2272.857143
3052.510067,-7.986973,0.212211,0.010935,2.13,2.53,732.38,2224.047619
3053.265101,-7.957821,0.270824,-0.064855,2.65,3.33,818.054,2283.571429
3054.020134,-7.998155,0.272406,0.002144,2.58,3.38,669.761,2248.809524
3054.775168,-7.971635,0.337921,-0.146785,2.61,3.15,748.988,2242.619048
3055.530201,-8.008449,0.381479,-0.043093,2.09,3.62,607.738,2130.238095
3056.285235,-7.904093,0.266496,0.033842,1.61,2.82,717.528,2220.952381
3057.040268,-7.901527,0.351633,-0.025396,2.54,2.5,617.747,2128.095238
3057.795302,-7.941101,0.322542,-0.009374,2.83,1.52,608.515,2104.761905
3058.5,-8.054982,0.254869,-0.005391,2.72,2.11,574.056,2089.761905
3059.255034,-8.005743,0.293186,-0.117853,2.2,1.91,599.152,2125.714286
3060.010067,-8.018603,0.311664,-0.167489,2.22,1.97,627.352,2106.428571
3060.765101,-7.956865,0.257034,-0.046066,3.5,1.75,605.859,2109.52381
3061.520134,-7.998374,0.260859,0.034976,3.56,4.05,715.205,2119.285714
3062.275168,-7.985301,0.306366,0.120439,3.14,3.14,709.242,2104.52381
3063.030201,-7.968279,0.244639,0.114214,3.62,3.2,615.434,2114.047619
3063.785235,-7.969791,0.33153,0.13859,3.07,2.98,664.006,2130.238095
3064.540268,-7.941854,0.361754,0.257343,3.14,1.73,685.462,2134.285714
3065.345638,-7.987882,0.262067,0.042655,3.31,2.81,605.79,2167.142857
3066,-8.053987,0.253497,0.031112,1.87,2.36,394.571,2033.571429
3066.755034,-7.929197,0.219708,0.056746,2.17,2.47,573.494,2059.285714
3067.510067,-7.979384,0.289697,0.014569,3.15,3.52,546.935,2098.809524
3068.265101,-7.9036,0.250331,0.136756,1.45,2.14,619.913,2090.952381
3069.020134,-7.529587,0.29378,-0.014897,-3.38,2.28,755.634,2145.47619
3069.775168,-6.568977,0.205641,-0.090942,-7.06,3.44,537.281,2092.380952
3070.530201,-4.988437,0.234595,-0.117855,-12.96,2.77,699.653,2165.238095
3071.285235,-3.206624,0.104228,-0.090476,-14.55,1.89,674.115,2165.714286
3072.040268,-1.533193,0.052719,-0.078447,-12.07,2.38,766.235,2197.142857
3072.795302,-0.54325,0.073331,-0.071593,-10.66,1.58,871.895,2279.047619
3073.5,0.065405,-0.006494,-0.045749,-7.15,1.4,833.534,2175.952381
3074.255034,0.258375,0.01262,-0.043088,-3.95,2.14,810.739,2146.666667
3075.010067,0.243839,-0.059358,-0.104895,-4.28,0.02,745.362,2092.380952
3075.765101,0.25247,-0.122674,-0.062416,-4.19,2.78,648.25,2118.809524
3076.520134,0.244431,-0.069516,0.053341,-2.4,2.53,788.79,2093.333333
3077.275168,0.062373,0.04034,0.061682,-1.74,2.22,940.989,2162.142857
3078.030201,-0.038317,0.038733,-0.016198,-2.64,1.54,815.218,2157.380952
3078.785235,-0.083505,-0.005769,-0.000039,-3.27,1.54,814.116,2117.380952
3079.540268,-0.03644,0.035892,-0.025381,-3.26,2.06,819.794,2124.047619
3080.295302,-0.007191,-0.030677,-0.061845,-3.21,2.57,773.978,2104.285714
3081,-0.024415,0.011164,-0.061457,-3.48,2.7,706.687,2075.714286
3081.755034,-0.030239,0.00776,-0.084241,-3.97,2.42,816.733,2116.190476
3082.510067,0.029473,-0.013583,-0.005546,-3.92,2.42,741.381,2095.47619
3083.265101,0.050975,0.020568,-0.06265,-3.44,2.26,842.88,2118.095238
3084.020134,0.03868,-0.017836,-0.055131,-3.13,2.42,761.124,2105.238095
3084.775168,0.01367,0.041094,-0.096399,-3,2.55,732.831,2108.571429
3085.530201,-0.00249,-0.002037,-0.071412,-3.45,2.09,797.094,2111.904762
3086.285235,-0.013474,0.028995,-0.071809,-3.45,1.98,778.449,2093.571429
3087.040268,0.011254,0.047357,-0.057783,-3.04,1.72,731.847,2126.190476
3087.795302,0.006313,-0.001552,-0.015558,-3.25,1.57,827.847,2124.761905
3088.5,0.020725,-0.03999,-0.024642,-3.23,1.61,760.719,2133.571429
3089.255034,-0.012483,-0.038132,-0.001311,-3.76,1.95,728.754,2107.380952
3090.010067,0.016673,0.001135,-0.034674,-3.53,1.79,696.219,2087.380952
3090.765101,0.04358,-0.023481,-0.032988,-3.37,2.37,739.91,2075.952381
3091.520134,-0.028124,0.02725,0.034118,-3.86,1.71,655.154,2040.714286
3092.275168,0.04919,0.028529,0.005675,-3.55,2.33,676.179,2044.52381
3093.030201,0.028823,0.025163,0.024881,-3.42,2.48,691.414,2033.571429
3093.785235,-0.010136,-0.035576,0.019573,-3.91,1.5,692.526,2008.333333
3094.540268,0.045371,-0.015392,0.0191,-3.3,3.26,658.565,2001.904762
3095.295302,0.03342,-0.028186,0.002616,-3.56,3.3,743.694,2049.52381
3096,0.006384,0.051507,0.010423,-3.31,2.63,747.825,2036.428571
3096.755034,0.005051,0.005066,0.035968,-3.56,2.49,775.551,2070.714286
3097.510067,-0.029968,0.031398,0.073538,-3.54,3.07,754.797,2100
3098.265101,0.022679,-0.029108,0.022448,-3.98,2.6,739.455,2114.047619
3099.020134,0.022289,0.024541,0.020418,-3.6,2.62,694.488,2080
3099.775168,-0.010919,-0.054507,0.030184,-3.64,2.98,732.606,2084.761905
3100.530201,0.016268,0.042199,-0.032474,-3.73,2.66,732.204,2069.285714
3101.285235,-0.021037,0.052242,-0.028891,-4.4,2.59,690.266,2029.761905
3102.040268,0.040116,0.024785,0.038019,-5.03,2.02,764.211,2074.047619
3102.795302,0.023401,-0.039471,0.093984,-4.66,2.39,775.056,2073.571429
3103.5,0.025565,-0.020587,0.172852,-4.64,1.8,750.741,2090.714286
3104.255034,0.047393,-0.04082,0.039744,-4.99,1.69,794.8,2104.761905
3105.010067,0.05667,-0.014201,-0.01067,-4.24,3.3,711.741,2063.095238
3105.765101,-0.160889,-0.062098,0.040832,-2.62,1.56,807.062,2092.142857
3106.520134,-0.062523,-0.184765,0.022519,-7.32,-1.72,798.394,2107.619048
3107.275168,0.576089,-0.711791,-0.023249,-12.12,-3.05,797.776,2099.52381
3108.030201,2.127007,-1.44809,-0.048524,-17.99,-3.91,788.826,2119.761905
3108.785235,3.653522,-2.06328,-0.131033,-19.67,-3.67,720.013,2113.095238
3109.540268,5.225919,-2.73091,-0.051261,-19.76,-3.15,864.86,2179.52381
3110.295302,6.565466,-3.185404,0.014574,-19.72,-3.41,885.033,2207.380952
3111,7.724751,-3.52523,0.016614,-20.05,-2.81,789.562,2218.809524
3111.755034,8.96106,-3.910539,0.003887,-20.69,-3.37,833.436,2210.952381
3112.510067,10.217111,-4.440034,-0.050479,-21.33,-4.55,781.641,2230.714286
3113.265101,11.054502,-4.946795,0.018752,-20.96,-4.8,752.572,2106.904762
3114.020134,12.009904,-5.538543,0.264873,-20.3,-5.06,1001.839,2315.714286
3114.775168,12.590401,-5.874295,0.130635,-19.6,-4.33,930.386,2272.380952
3115.530201,13.260758,-6.262671,0.090455,-20.74,-4.91,1053.238,2443.095238
3116.285235,13.792564,-6.652756,0.186959,-21.16,-4.09,934.328,2415.238095
3117.040268,14.270049,-6.87496,0.159729,-20.42,-3.87,1167.887,2505.714286
3117.795302,14.38225,-7.082858,0.133655,-19.11,-4.4,1101.275,2476.666667
3118.5,14.257779,-7.213695,0.199899,-12.9,-2.42,994.901,2420.714286
3119.255034,13.10085,-7.04687,0.129422,-6.81,-0.26,1035.943,2418.571429
3120.010067,11.446327,-6.591075,-0.110897,-1.07,0.04,726.839,2262.619048
3120.865772,9.572475,-6.155581,-0.242238,2.61,2.31,401.598,2020.952381
3121.520134,7.706322,-5.470375,-0.045144,8.07,7.31,607.573,1983.333333
3122.275168,5.281826,-3.878013,-0.107565,15.49,13.37,559.39,2009.285714
3123.030201,1.945209,-1.846672,-0.081111,17.29,8.95,541.733,1955.47619
3123.785235,0.124883,-0.854451,-0.051885,6.43,7.48,719.827,2117.857143
3124.540268,-0.718876,-0.420495,0.037504,-0.05,3.32,830.816,2159.761905
3125.295302,-0.327752,-0.877082,0.028644,-7.3,-2.31,838.98,2187.619048
3126,0.151248,-1.435124,0.035424,-7.74,-1.65,770.75,2115
3126.755034,0.757682,-1.984891,0.039325,-8.93,-1.69,814.172,2105.714286
3127.510067,1.38444,-2.371075,0.016816,-4.56,0.28,839.668,2111.190476
3128.265101,0.86998,-2.123229,-0.044728,1.45,3.72,774.04,2112.619048
3129.020134,0.356548,-1.465968,-0.011946,-2.24,8.05,704.119,2088.095238
3129.775168,0.199804,-0.593776,-0.037091,-3.21,8.04,729.21,2111.428571
3130.530201,0.165998,0.270174,-0.017028,-3.32,8.82,719.911,2110.952381
3131.285235,0.108088,1.045475,0.037328,-2.89,9.8,811.7,2109.52381
3132.040268,0.049233,2.013782,0.007099,-2.37,9.96,858.946,2136.190476
3132.795302,-0.029922,2.669179,-0.006825,-1.87,9.09,821.668,2147.142857
3133.5,-0.335523,2.590241,-0.073084,-2.08,-0.12,870.356,2176.190476
3134.255034,-0.184253,1.597792,-0.133629,-7.97,-2.32,811.85,2112.380952
3135.010067,0.463791,0.870292,-0.109295,-9.35,-0.85,777.345,2092.857143
3135.765101,1.178185,0.323781,-0.052854,-9.25,-0.71,834.4,2141.190476
3136.520134,1.84304,-0.321934,-0.001927,-9.15,-1.68,872.073,2143.095238
3137.275168,2.367964,-0.79979,0.000412,-9.2,-1.86,737.215,2115.952381
3138.030201,2.910015,-1.313441,-0.003334,-8.85,-1.74,783.755,2121.666667
3138.785235,3.196909,-1.668131,-0.037082,-4.35,-0.67,798.96,2086.904762
3139.540268,2.427854,-1.575199,-0.135241,3.27,3.46,688.656,2065.47619
3140.295302,1.173649,-1.045138,-0.169332,7.24,8.79,670.453,2065
3141,-0.055498,-0.317826,-0.061931,3.74,5.07,639.084,2053.095238
3141.755034,-0.519531,-0.123644,-0.018512,-2.23,2.06,781.767,2096.666667
3142.510067,-0.185087,-0.111963,0.071905,-5.25,3.26,794.856,2147.142857
3143.265101,-0.005575,0.037227,0.082906,-4.13,3.86,807.207,2171.428571
3144.020134,0.109671,0.173228,0.024652,-3.12,2.47,777.94,2179.047619
3144.775168,0.059632,0.087293,-0.015298,-2.1,2.07,750.861,2115.714286
3145.530201,-0.070393,0.095934,-0.124434,-3.3,1.3,728.186,2091.428571
3146.285235,-0.008705,-0.046546,-0.033298,-3,2.31,732.653,2090.714286
3147.040268,-0.002519,0.022493,0.003059,-3.11,2.39,631.631,2036.428571
3147.795302,-0.050149,0.004463,-0.030826,-3.41,2.53,715.831,2153.809524
3148.5,0.003872,-0.044003,0.043277,-3.01,1.07,759.937,2093.571429
3149.255034,0.004045,-0.030198,-0.059023,-1.87,2.76,796.621,2114.047619
3150.010067,-0.051817,0.077477,-0.10795,-2.65,4.33,626.963,2123.095238
3150.765101,-0.009571,0.065826,-0.088865,-4.07,1.43,685.55,2039.047619
3151.520134,0.089402,-0.130076,-0.138677,-2.38,2.54,711.996,1986.190476
3152.275168,0.023103,-0.035611,-0.053308,-1.83,3.94,748.771,2021.428571
3153.030201,-0.036383,-0.032966,-0.086986,-1.63,3.37,748.135,2121.904762
3153.785235,-0.050183,-0.053023,-0.048586,-3.3,2.87,748.666,2105.238095
3154.540268,0.084071,-0.029691,-0.012331,-2.25,2.4,774.115,2130
3155.295302,-0.003616,-0.00561,-0.015839,-1.77,2.32,779.869,2122.857143
3156,-0.081471,-0.02737,0.00907,-2.95,2.95,777.899,2191.428571
3156.755034,-0.036431,-0.053184,0.031545,-4.48,3.54,753.183,2144.761905
3157.510067,0.055123,-0.023382,0.021721,-3.9,3.34,761.951,2113.333333
3158.265101,0.085994,0.00268,0.073555,-2.89,3.64,780.414,2116.190476
3159.020134,0.087693,-0.026577,0.108143,-2.62,2.61,853.857,2126.428571
3159.775168,-0.013846,-0.005545,0.069871,-2.41,3.06,835.553,2145.952381
3160.530201,-0.003762,-0.030033,0.046324,-2.91,2.64,812.362,2164.285714
3161.285235,0.022508,-0.044203,0.030019,-2.77,2.74,846.314,2160.952381
3162.040268,0.002001,0.018064,-0.066173,-3.01,3.05,794.202,2120.47619
3162.795302,0.018425,-0.014195,-0.089849,-2.86,2.83,714.161,2111.904762
3163.5,0.038612,-0.024314,-0.075068,-2.4,2.78,762.894,2096.666667
3164.255034,-0.005742,-0.008545,-0.108241,-2.42,3,779.807,2135
3165.010067,-0.017539,-0.044889,-0.06285,-2.77,2.78,780.439,2134.047619
3165.765101,0.000645,0.007812,-0.095418,-2.75,2.6,839.674,2131.904762
3166.520134,0.025886,0.00651,-0.047682,-2.42,2.99,767.64,2129.761905
3167.275168,-0.028031,0.013621,-0.035079,-2.68,3.01,814.145,2137.380952
3168.030201,-0.01247,0.024464,-0.044296,-3.21,2.73,777.891,2144.52381
3168.785235,0.03148,-0.023025,0.01875,-2.96,3.57,807.55,2142.380952
3169.540268,0.052462,0.002438,0.0028,-2.57,3.49,847.378,2144.047619
3170.295302,0.004155,-0.003574,0.094474,-2.97,3.03,799.672,2145.238095
3171,-0.003254,-0.016727,0.078479,-3.14,3.27,874.835,2167.619048
3171.755034,0.035784,-0.025705,0.052114,-2.58,2.87,816.878,2178.333333
3172.510067,0.00666,-0.004765,0.022916,-2.31,3.33,877.91,2157.380952
3173.265101,-0.011456,0.017748,-0.061573,-3.57,2.76,863.868,2185.47619
3174.020134,0.029024,-0.021408,-0.080468,-2.78,2.72,821.192,2153.809524
3174.775168,0.002597,-0.027792,-0.069599,-2.31,3.17,816.738,2135.714286
3175.530201,0.001436,0.005744,-0.034246,-2.68,2.71,841.926,2170.47619
3176.285235,0.024417,0.011762,-0.053439,-2.22,3.67,788.943,2178.095238
3177.040268,-0.014604,0.000187,-0.0217,-2.69,3.36,844.287,2194.047619
3177.795302,-0.022703,-0.020436,0.004459,-3.07,3.15,778.651,2188.095238
3178.5,0.002104,0.005745,-0.044464,-2.97,3.04,813.892,2175.714286
3179.255034,0.071412,-0.03505,0.013006,-2.34,2.55,841.369,2162.142857
3180.010067,-0.009889,-0.057316,-0.003719,-2.61,4.48,851.913,2159.285714
3180.765101,0.047482,-0.012692,-0.089747,-2.63,3.72,864.044,2200
3181.520134,0.023365,0.031083,-0.196807,-2.49,3.23,758.618,2095.714286
3182.275168,-0.040031,-0.027291,-0.134769,-1.88,3.73,761.125,2103.333333
3183.030201,-0.057257,-0.015967,-0.136603,-3.49,4.85,765.635,2072.619048
3183.785235,0.061354,0.045079,-0.082018,-2.67,4.12,718.653,2109.761905
3184.540268,0.0229,0.000591,-0.03374,-2.38,3.3,885.089,2129.285714
3185.295302,-0.07171,0.000241,0.012547,-3.07,4.1,792.458,2137.619048
3186,0.000835,0.004844,-0.058431,-3.34,4.31,840.942,2146.666667
3186.755034,0.066953,-0.000173,-0.019207,-2.97,3.16,704.267,2116.428571
3187.510067,0.034959,-0.015611,-0.040846,-2.37,3.29,760.825,2068.095238
3188.265101,0.008945,-0.057217,-0.005372,-2.68,2.93,716.209,2065.47619
3189.020134,0.032795,-0.035066,-0.030423,-3.77,4.06,689.23,2105.952381
3189.775168,-0.038018,0.083052,-0.066373,-2.92,3.64,647.983,2038.809524
3190.530201,0.028427,0.010802,0.005947,-3.49,3.11,604.516,2010.714286
3191.285235,0.414399,0.015402,-0.011575,-7.16,4.27,648.606,2018.095238
3192.040268,0.886958,0.153113,0.075233,-8.56,3.72,583.957,1997.142857
3192.795302,1.616866,-0.087199,0.121266,-10.64,2.13,734.423,2060
3193.5,2.356756,-0.345711,0.167181,-10.36,2.89,683.378,1995.714286
3194.255034,2.905513,-0.293976,0.243519,-10.21,3.48,696.415,2064.761905
3195.010067,3.594738,-0.494647,0.059389,-10.7,3.15,736.034,2039.52381
3195.765101,4.219136,-0.825427,0.147694,-11.04,0.91,480.418,1959.285714
3196.520134,4.871527,-1.088896,0.102457,-11.13,1.99,636.084,1893.809524
3197.275168,5.428609,-1.248399,0.116046,-11.12,2.36,699.314,2058.095238
3198.030201,5.908191,-1.298031,0.053234,-10.98,1.76,722.002,2083.809524
3198.785235,6.275713,-1.41843,0.036055,-10.03,2.14,720.657,2072.380952
3199.540268,6.508197,-1.570035,-0.012232,-10.72,2.08,876.305,2124.761905
3200.295302,6.73149,-1.639744,0.002043,-10.26,1.75,728.465,2085.47619
3201,6.937893,-1.695438,-0.044907,-10.3,2.23,712.638,2086.190476
3201.755034,7.050025,-1.7665,-0.056788,-10.16,1.79,734.912,2095
3202.510067,7.267834,-1.854182,-0.104508,-10.5,1.65,697.514,2077.142857
3203.265101,7.490148,-1.980943,-0.030113,-10.63,1.68,687.153,2063.095238
3204.020134,7.617701,-2.008353,-0.095003,-10.56,2.21,786.476,2118.809524
3204.775168,7.607786,-1.953576,-0.058993,-10.06,2.43,748.753,2123.333333
3205.530201,7.217597,-1.724262,-0.060508,-2.66,4.9,721.942,2088.095238
3206.285235,6.197793,-1.074554,0.028183,2.3,10.22,623.486,2086.190476
3207.040268,4.311582,0.113243,0.196912,8,7.27,549.091,2031.190476
3207.795302,2.259295,0.377748,0.166199,10.61,2.14,563.739,1999.285714
3208.5,0.637423,0.064037,0.040718,5.42,-0.33,557.05,2010.714286
3209.255034,-0.075451,0.064468,0.070413,-1.29,2.98,510.394,1940.952381
3210.010067,0.15937,0.553536,0.00793,-5.84,7.46,640.766,1998.333333
3210.765101,0.455267,1.129198,-0.127388,-4.51,7.6,666.128,2074.047619
3211.520134,0.556061,1.701675,-0.162756,-4.05,6.34,697.965,2086.428571
3212.275168,0.516357,1.727524,-0.046707,-0.7,0.81,657.496,2003.809524
3213.030201,0.507378,1.522991,-0.064787,-8.99,4.02,714.306,2050.714286
3213.785235,1.34599,1.601005,-0.101057,-9.19,6.75,646.573,2031.428571
3214.540268,1.877181,1.925298,-0.100681,-3.85,4.76,748.895,2073.809524
3215.295302,1.415165,1.747066,-0.125892,1.71,-2.01,714.748,2056.190476
3216,0.357512,0.931075,-0.026254,3.15,-5.96,650.144,1960.238095
3216.755034,-0.24259,0.087277,0.044521,-3.54,0.6,610.319,1927.619048
3217.510067,0.088799,0.051485,0.042824,-4.34,2.86,583.181,1895
3218.265101,0.035443,-0.012817,-0.075483,-3.51,1.9,755.709,2090.47619
3219.020134,0.03641,-0.044666,-0.032382,-3.7,1.35,660.601,2096.904762
3219.775168,0.040981,-0.096849,-0.045154,-3.69,1.63,709.646,2055
3220.530201,-0.019117,-0.115558,-0.025502,-3.22,3.08,673.297,2040.952381
3221.285235,-0.0057,0.000036,-0.025456,-3.38,3.06,705.358,2036.666667
3222.040268,-0.001896,0.063195,0.014974,-2.58,1.97,744.079,2081.666667
3222.795302,-0.083871,0.00674,0.034193,-3.01,1.34,789.27,2098.095238
3223.5,-0.023897,-0.045217,0.065944,-3.02,2.07,776.009,2123.809524
3224.255034,-0.028519,-0.091972,0.065778,-2.73,1.87,754.934,2108.095238
3225.010067,-0.017815,-0.067637,0.090125,-3.14,4.06,733.85,2138.809524
3225.765101,-0.093303,0.053328,0.035403,-3.59,3.51,726.742,2110.47619
3226.520134,-0.001846,0.140395,-0.180151,-3.67,3.16,771.379,2071.666667
3227.275168,0.095902,0.006095,-0.150252,-2.39,2.16,747.083,2078.333333
3228.030201,0.165779,-0.041328,-0.02076,-1.29,2.62,714.144,2062.380952
3228.785235,-0.198469,0.025797,0.083613,-2.03,4.67,776.126,2134.285714
3229.540268,0.01153,0.132107,0.06537,-3.98,1.91,737.526,2283.809524
3230.295302,0.021385,-0.013293,-0.00963,-2.91,0.9,792.272,2092.857143
3231,0.01616,-0.088231,-0.047507,-3.01,1.05,777.134,2094.761905
3231.755034,-0.008708,0.071982,0.055379,-4.45,2.42,690.571,2038.333333
3232.510067,0.062509,0.075605,0.042484,-4.31,1.96,705.51,2013.571429
3233.265101,0.04048,-0.024027,-0.039071,-2.92,1.73,703.242,2074.047619
3234.020134,-0.050743,-0.039798,-0.11465,-2.97,1.94,750.918,2113.095238
3234.775168,-0.091947,-0.061521,-0.080682,-3.92,2.62,696.995,2058.809524
3235.530201,-0.044627,-0.06698,-0.042489,-4.42,2.82,718.247,2051.190476
3236.285235,0.055828,-0.038336,0.000594,-3.89,2.96,736.903,2072.142857
3237.040268,-0.047493,0.019089,-0.014329,-3.7,2.67,748.772,2075.952381
3237.795302,-0.004634,0.025003,0.068652,-4.4,2.45,707.674,2085.47619
3238.5,0.02127,0.012691,-0.018488,-4.38,2.35,819.09,2079.285714
3239.255034,0.017048,-0.017023,-0.053185,-4.02,2.79,740.261,2083.095238
3240.010067,0.0089,0.043985,0.016447,-3.65,3.09,733.39,2055.238095
3240.765101,-0.018895,0.02066,0.064798,-3.47,1.68,773.631,2085.952381
3241.520134,-0.019824,-0.01901,-0.115034,-4.44,1.91,726.624,2082.380952
3242.275168,0.01157,0.036453,-0.021097,-4.51,2.28,685.449,2066.428571
3243.030201,0.126596,-0.021551,0.009897,-4.5,2,588.069,2039.761905
3243.785235,0.098191,-0.002477,0.042908,-2.95,2.9,683.632,2015.952381
3244.540268,-0.060343,-0.005317,-0.039447,-3.7,2.58,751,2092.142857
3245.295302,-0.041141,0.042122,0.017861,-3.48,2.47,717.418,2074.047619
3246,-0.005463,0.051375,-0.042678,-3.13,1.65,821.006,2064.285714
3246.755034,-0.045975,-0.011975,-0.036325,-3.28,2.13,698.925,2094.52381
3247.510067,-0.023211,0.047637,-0.049928,-3.28,1.7,719.952,2070.47619
3248.265101,-0.033149,-0.040406,0.007152,-3.05,1.87,728.188,2062.619048
3249.020134,-0.057398,-0.019409,0.014958,-3.13,2.13,721.738,2085.47619
3249.775168,-0.06487,0.028773,0.020235,-3.63,2.14,715.168,2084.52381
3250.530201,-0.017015,-0.037375,0.060451,-3.23,2.3,721.747,2081.904762
3251.285235,0.00647,-0.017042,-0.00297,-3.6,1.96,726.143,2069.047619
3252.040268,-0.043348,0.000116,0.042225,-4.07,1.52,725.232,2063.571429
3252.795302,0.040878,-0.026069,0.086209,-4.05,2.69,649.85,2046.428571
3253.5,0.006715,0.149413,0.128191,-3.19,2.08,651.424,2046.190476
3254.255034,-0.029717,0.077978,0.023894,-3.55,1.73,607.972,1992.857143
3255.010067,-0.081897,-0.076221,0.037722,-4.31,2.36,660.943,2007.380952
3255.765101,-0.01072,-0.039845,0.077569,-3.79,3.16,642.157,2027.857143
3256.520134,0.014258,0.035515,-0.023289,-3.23,1.25,660.666,2060.47619
3257.275168,0.060643,-0.005313,-0.013367,-4.44,1.2,674.616,2046.428571
3258.030201,0.108819,-0.02722,0.048023,-2.81,1.72,610.749,1944.761905
3258.785235,0.110697,-0.032458,0.010056,-1.16,1.9,697.412,1954.047619
3259.540268,0.028826,0.048792,-0.162846,0.32,2.98,541.52,2004.761905
3260.295302,-0.097964,0.141069,-0.205879,-0.8,3.1,625.635,2053.095238
3261,-0.19182,0.101198,-0.158622,-0.73,1.61,593.83,2022.857143
3261.805369,-0.216116,-0.034951,-0.14172,3.14,-0.04,581.761,2090.714286
3262.510067,-0.78439,-0.266424,-0.18781,3.44,-1.11,622.894,2032.142857
3263.265101,-1.176984,-0.401625,0.042662,-0.55,2.27,591.91,2017.857143
3264.07047,-1.703645,-0.467078,0.114262,4.68,1.68,573.837,2004.285714
3264.775168,-2.418347,-0.433579,0.119859,5.55,3.45,627.896,2135.952381
3265.530201,-3.10919,-0.14199,0.099264,5.2,4.85,643.066,2141.904762
3266.285235,-3.465436,0.11907,0.133763,3.96,4.09,619.317,2167.142857
3267.040268,-3.876094,0.1926,-0.001296,3.82,2.72,747.796,2190.238095
3267.795302,-4.188432,0.109018,-0.04261,5.06,2.79,631.916,2130
3268.5,-4.612486,-0.020854,0.066538,5.24,2,570.904,2102.142857
3269.255034,-5.067486,-0.252656,0.030112,4.88,1.09,563.472,2095
3270.010067,-5.399342,-0.610579,-0.008855,4.2,-0.77,718.024,2196.666667
3270.765101,-5.608675,-1.043788,-0.045518,3.44,-1.24,641.562,2149.761905
3271.520134,-5.723523,-1.571495,-0.036233,1.38,-0.49,649.953,2136.190476
3272.275168,-5.611657,-1.913961,0.046851,-0.22,0.48,590.176,2110.47619
3273.030201,-5.081255,-1.800627,-0.001223,-4.95,6.19,634.107,2116.190476
3273.785235,-3.971561,-1.105439,-0.071106,-9.63,12.48,553.708,2120.47619
3274.540268,-2.185344,0.034736,-0.016918,-12.69,7.25,600.334,2086.428571
3275.295302,-1.000912,0.08909,0.005064,-7.81,1.58,608.203,2095
3276,-0.405567,-0.116697,-0.015761,-4.68,3.44,637.513,2145.238095
3276.755034,-0.160972,0.000608,-0.118895,-2.63,4.17,682.653,2176.904762
3277.510067,-0.131104,-0.036795,-0.131877,-2.26,3.62,696.107,2112.142857
3278.265101,0.068207,0.00651,-0.158452,-3.26,4.32,700.584,2100.952381
3279.020134,0.208135,0.099734,-0.185422,-1.95,3,704.776,2102.380952
3279.775168,0.097063,-0.001801,-0.174334,-1.98,3.59,710.343,2093.333333
3280.530201,0.043408,0.098993,-0.325856,-1.27,3.43,700.823,2088.095238
3281.285235,0.006216,-0.014069,-0.424098,-1.35,3.23,694.324,2045.714286
3282.040268,-0.034597,-0.027752,-0.397384,-0.77,4.14,659.49,2078.333333
3282.795302,0.004294,-0.004673,-0.448927,-0.7,2.5,704.841,2058.095238
3283.5,-0.045206,0.021303,-0.470694,-1.26,3.26,662.737,2088.095238
3284.255034,-0.058871,-0.01501,-0.772754,-0.39,3.48,634.814,2083.571429
3285.010067,-0.085505,-0.000791,-0.940531,-2.56,2.42,672.922,2076.904762
3285.765101,0.061505,-0.066556,-1.1362,-1.39,3.63,602.152,2013.095238
3286.520134,0.071153,-0.032305,-1.227005,-0.01,3.14,672.58,2032.142857
3287.275168,-0.028294,-0.037125,-1.144625,1.01,2.81,628.405,2038.571429
3288.030201,-0.088587,0.012846,-1.032784,-0.03,3.28,563.587,2080.714286
3288.785235,-0.102882,0.072734,-1.145826,-0.98,3.74,663.095,2150.47619
3289.540268,-0.024671,-0.075623,-1.138489,-1.16,3.24,738.04,2134.285714
3290.295302,0.025111,-0.042542,-1.202729,0.54,3.46,700.057,2130
3291,-0.039664,0.069587,-1.153729,-0.6,3.46,621.054,2154.52381
3291.752287,0.028767,-0.070228,-1.095692,-0.77,2.83,636.075,2120
3292.504573,0.047388,-0.036409,-1.104824,-0.22,3.12,681.962,2150.952381
3293.25686,-0.047031,0.034011,-1.134746,0.01,3.11,666.044,2169.52381
3294.009146,-0.04751,0.009786,-1.160686,-0.25,2.76,595.485,2102.619048
3294.761433,-0.189569,-0.151221,-1.101103,0.2,-0.82,692.862,2121.190476
3295.51372,-0.553766,-0.628549,-1.052572,-0.42,-1.73,627.213,2138.095238
3296.266006,-0.733694,-1.118333,-0.956526,-0.77,-1.93,605.391,2098.571429
3297.018293,-0.929413,-1.62881,-0.957465,-1.03,1.96,745.352,2123.095238
3297.770579,-0.619324,-1.347355,-1.077433,-4.21,7.56,746.082,2273.571429
3298.522866,-0.547935,-1.159658,-1.115946,-0.77,-1.4,718.312,2182.857143
3299.275152,-0.7195,-1.579903,-1.094093,-0.15,-1.71,630.698,2157.857143
3300.027439,-1.044829,-1.856688,-1.155489,-0.36,-0.86,630.419,2159.761905
3300.779726,-1.183206,-2.139472,-1.145575,-0.79,-0.23,695.816,2264.761905
3301.532012,-1.134862,-2.157625,-1.1548,-3.34,4.17,740.001,2168.571429
3302.284299,-0.614501,-1.649416,-1.165592,-2.78,8.93,737.621,2185
3303.036585,-0.204212,-0.4129,-1.129745,-1.2,9.45,722.435,2182.142857
3303.788872,-0.073957,0.061465,-1.14076,-0.84,4.08,722.505,2180.47619
3304.541159,-0.041086,0.01061,-1.158923,-1.25,3.17,715.854,2202.380952
3305.293445,0.04814,0.071814,-1.158791,-1.26,4.06,699.256,2143.333333
3306.045732,0.050861,0.130677,-1.079981,-0.78,2.35,643.506,2132.857143
3306.798018,0.037335,0.06875,-1.108316,-1.59,1.67,680.283,2168.571429
3307.500152,0.023027,-0.01708,-1.153813,-1.1,2.77,740.541,2166.428571
3308.252439,0.029388,0.017387,-1.200284,-1.66,3.03,698.13,2150.47619
3309.004726,0.001224,0.008977,-1.149336,-1.4,2.28,693.534,2124.285714
3309.757012,-0.066881,-0.36268,-1.147535,-0.84,0.34,678.237,2142.142857
3310.509299,-0.202009,-0.559771,-1.086263,-0.96,0.57,646.661,2178.095238
3311.261585,-0.257938,-0.763449,-1.084009,-0.54,-0.13,717.6,2183.571429
3312.013872,-0.329481,-1.055044,-1.130773,-0.88,0.02,768.84,2150.238095
3312.766159,-0.489553,-1.287068,-1.141805,-0.74,-1.22,609.528,2165.952381
3313.518445,-0.658421,-1.754848,-1.120602,-0.92,-2.57,710.99,2185.238095
3314.270732,-0.80005,-2.233992,-1.128297,-0.81,-2.41,662.832,2183.095238
3315.023018,-0.978755,-2.610081,-1.122653,-0.82,-0.86,669.896,2198.333333
3315.775305,-0.950674,-2.639869,-1.128579,-2.53,3.01,672.215,2172.380952
3316.527591,-0.661585,-1.979149,-1.130887,-0.25,8.9,680.921,2141.666667
3317.279878,-0.26763,-0.656008,-1.16565,-0.05,12.24,724.123,2129.047619
3318.032165,-0.001841,0.16869,-1.185201,-0.34,4.61,685.229,2168.571429
3318.784451,0.132165,0.162396,-0.660095,-2.03,-0.27,739.626,2124.52381
3319.536738,0.051927,-0.029052,-0.401575,0.86,4.06,610.973,2104.285714
3320.289024,-0.006299,0.059718,-0.427319,-0.12,2.37,1054.387,2295.238095
3321.041311,0.000876,0.094751,-0.076836,-0.43,1.68,635.604,2186.666667
3321.793598,-0.113656,-0.240525,-0.037249,-0.45,-2.07,653.682,2170.47619
3322.545884,-0.318621,-0.769829,-0.038776,-0.69,-2.24,738.558,2225.714286
3323.298171,-0.4737,-1.194105,-0.077759,-0.7,-1.89,714.252,2180.714286
3324.000305,-0.600858,-1.541338,-0.120232,-0.69,-1.39,684.871,2198.095238
3324.752591,-0.691557,-1.771457,-0.167407,-1.15,1.11,703.793,2184.761905
3325.504878,-0.418355,-1.411569,-0.131342,-1.87,6.66,653.55,2160.47619
3326.257165,-0.103603,-0.355327,-0.05137,-0.85,9.7,701.764,2156.904762
3327.009451,0.05397,0.21325,-0.064288,-0.84,3.93,737.382,2181.428571
3327.761738,0.034425,0.078431,-0.05197,-0.84,-0.07,771.675,2194.047619
3328.514024,0.015739,-0.023951,-0.088403,-0.73,1.71,729.185,2171.428571
3329.266311,0.007646,-0.04354,-0.605493,-0.71,1.98,690.526,2172.857143
3330.018598,0.024747,-0.031218,-0.579729,-0.31,2.17,681.68,2197.380952
3330.770884,-0.020331,-0.055368,-0.468935,0,2.26,599.542,2055.952381
3331.523171,0.017069,-0.000873,-0.436503,-0.83,3.1,762.16,2193.095238
3332.275457,-0.012944,0.092781,-0.489486,-0.39,1.45,656.65,2207.142857
3333.027744,-0.039782,-0.046308,-0.489319,-0.78,2.05,665.853,2178.809524
3333.78003,0.020685,0.01282,-0.456167,-1.11,4.1,664.068,2159.047619
3334.532317,-0.03428,0.100484,-0.027652,-0.54,0.45,676.544,2157.857143
3335.284604,-0.042901,0.021736,-0.057535,-1.2,0.54,661.218,2195.952381
3336.03689,0.010032,0.002556,-0.062574,-0.41,0.39,692.251,2109.52381
3336.789177,-0.01184,-0.001037,-0.070866,-0.35,0.32,384.606,1828.333333
3337.942683,-0.033089,-0.015027,-0.086731,-0.28,0.22,43.432,882.619048
3338.29375,-0.037201,-0.017172,-0.089233,-0.26,0.2,57.851,851.904762
3339.146341,-0.040635,-0.014303,-0.094445,-0.26,0.2,11.852,677.142857
3339.798323,-0.036152,-0.000877,-0.094649,-0.27,0.23,19.442,630.714286
